Workbook

Sheet BaselineMesh
A1: Test Configuration | C1: Field Notes
A2: Field | B2: Value
A3: Experiment | B3: Enabled | C3: {=_xlfn.SWITCH(experiment0[[#This Row],[Value]],"Disabled","Experiment disabled will not run", " Experiment recipe enabled")} -> Experiment recipe enabled
A4: Test Name | B4: Baseline | C4: Name of Test to be executed
A5: Test Mode | B5: Mesh | C5: Test Mode: Slice or Mesh
A6: Test Type | B6: Loops | C6: Type of test: Loops, Sweep or Shmoo
A7: Visual ID | B7: TestUnitData | C7: Unit Visual ID
A8: Bucket | B8: IDIPAR | C8: Unit Assigned Bucket
A9: COM Port | B9: 11 | C9: Serial Port to communicate to MB
A10: IP Address | B10: 10.250.0.2 | C10: IP Address to communicate to MB
A11: TTL Folder | B11: S:\GNR\RVP\TTLs\TTL_DragonMesh | C11: Teraterm TTL Macros Folder Location with Commands.ttl and Connect.ttl files
A12: Scripts File | C12: Script File to be loaded before Test Execution
A13: Post Process | C13: Script File to be loaded after Test Execution
A14: Pass String | B14: Test Complete | C14: Lookup String for a Pass Condition of the Test
A15: Fail String | B15: Test Failed | C15: Lookup String for a Fail Condition of the Test
A16: Content | B16: Dragon | C16: Select your content: Linux | Dragon | PYSConsole (Custom Python Script)
A17: Test Number | B17: 11 | C17: First Number to be assigned to your test iteration
A18: Test Time | B18: 30 | C18: Wait time to be used for watchdog monitoring of console, in case unit is hang or failed during execution
A19: Reset | B19: TRUE | C19: Reset Unit before Starting first experiment
A20: Reset on PASS | B20: TRUE | C20: Reset Unit after each PASS
A21: FastBoot | B21: TRUE | C21: if Mesh Masking is selected, set this to False
A22: Core License | C22: Leave Blank if not used
A23: 600W Unit | B23: FALSE | C23: True or False
A24: Pseudo Config | B24: FALSE | C24: {=IF(MiscData!C1="AtomCore",MiscData!U14,_xlfn.SWITCH($B$5,"Slice",MiscData!U14,MiscData!U16))} -> Set if using Pseudo Mesh Content, to disable HT
A25: Configuration (Mask) | C25: =_xlfn.XLOOKUP(B5,MiscData!K3:K5,MiscData!L3:L5) -> Mesh Options: RowPass1, RowPass2, RowPass3, FirstPass, SecondPass, ThirdPass || Leave Blank if Full Chip
A26: Boot Breakpoint | C26: {=_xlfn.SWITCH(B16,"PYSVConsole",MiscData!U18,MiscData!U14)} -> Not used
A27: Disable 2 Cores | C27: =IF(MiscData!C1="AtomCore",MiscData!U17,MiscData!U14) -> Not used
A28: Check Core | B28: 36 | C28: Used in Mesh Mode to check an specific core data, such as voltage, frequency, license, dcf… If slice, this is set to the tested core. | D28: Limits
A29: Voltage Type | B29: vbump | C29: vbump or fixed | D29: MAX | E29: MIN
A30: Voltage IA | C30: {=_xlfn.SWITCH(B29,"vbump",_xlfn.SWITCH(TRUE,experiment0[[#This Row],[Value]]="",MiscData!U15,experiment0[[#This Row],[Value]]>MiscData!N3,MiscData!U4,experiment0[[#This Row],[Value]]<MiscData!O3,MiscData!U5,MiscData!U3),"fixed",_xlfn.SWITCH(TRUE,experiment0[[#This Row],[Value]]="",MiscData!U15,experiment0[[#This Row],[Value]]>MiscData!N7,MiscData!U4,experiment0[[#This Row],[Value]]<MiscData!O7,MiscData!U5,MiscData!U3),"")} -> Not Configured | D30: {=_xlfn.SWITCH(B$29,"vbump",MiscData!N3,"fixed",MiscData!N7,"")} -> 0.2 | E30: {=_xlfn.SWITCH(B$29,"vbump",MiscData!O3,"fixed",MiscData!O7,"")} -> -0.2
A31: Voltage CFC | C31: {=_xlfn.SWITCH(B29,"vbump",_xlfn.SWITCH(TRUE,experiment0[[#This Row],[Value]]="",MiscData!U15,experiment0[[#This Row],[Value]]>MiscData!N4,MiscData!U4,experiment0[[#This Row],[Value]]<MiscData!O4,MiscData!U5,MiscData!U3),"fixed",_xlfn.SWITCH(TRUE,experiment0[[#This Row],[Value]]="",MiscData!U15,experiment0[[#This Row],[Value]]>MiscData!N8,MiscData!U4,experiment0[[#This Row],[Value]]<MiscData!O8,MiscData!U5,MiscData!U3),"")} -> Not Configured | D31: {=_xlfn.SWITCH(B$29,"vbump",MiscData!N4,"fixed",MiscData!N8,"")} -> 0.2 | E31: {=_xlfn.SWITCH(B$29,"vbump",MiscData!O4,"fixed",MiscData!O8,"")} -> -0.2
A32: Frequency IA | C32: {=_xlfn.SWITCH(TRUE,experiment0[[#This Row],[Value]]="",MiscData!U15,experiment0[[#This Row],[Value]]>MiscData!Q3,MiscData!U4,experiment0[[#This Row],[Value]]<MiscData!R3,MiscData!U5,MiscData!U3)} -> Not Configured | D32: =MiscData!Q3 -> 44 | E32: =MiscData!R3 -> 5
A33: Frequency CFC | C33: {=_xlfn.SWITCH(TRUE,experiment0[[#This Row],[Value]]="",MiscData!U15,experiment0[[#This Row],[Value]]>MiscData!Q4,MiscData!U4,experiment0[[#This Row],[Value]]<MiscData!R4,MiscData!U5,MiscData!U3)} -> Not Configured | D33: =MiscData!Q4 -> 22 | E33: =MiscData!R4 -> 8
A34: Loops | B34: 5 | C34: {=_xlfn.SWITCH(B6,"Loops",MiscData!U6,MiscData!U14)} -> Number of Loops to run
A35: Type | B35: Voltage | C35: {=_xlfn.SWITCH($B$6,"Sweep",MiscData!U7,MiscData!$U$14)} -> Not used
A36: Domain | B36: IA | C36: {=_xlfn.SWITCH($B$6,"Sweep",MiscData!U8,MiscData!$U$14)} -> Not used
A37: Start | B37: -0.03 | C37: {=_xlfn.SWITCH($B$6,"Sweep",MiscData!U9,MiscData!$U$14)} -> Not used
A38: End | B38: 0.06 | C38: {=_xlfn.SWITCH($B$6,"Sweep",MiscData!U10,MiscData!$U$14)} -> Not used
A39: Steps | B39: 0.03 | C39: {=_xlfn.SWITCH($B$6,"Sweep",MiscData!U11,MiscData!$U$14)} -> Not used
A40: ShmooFile | B40: C:\SystemDebug\Shmoos\RVPShmooConfig.json | C40: {=_xlfn.SWITCH($B$6,"Shmoo",MiscData!U12,MiscData!$U$14)} -> Not used
A41: ShmooLabel | B41: COREFIX | C41: {=_xlfn.SWITCH($B$6,"Shmoo",MiscData!U13,MiscData!$U$14)} -> Not used
A42: Linux Pre Command | C42: Optional -- Linux Shell Command or script to be used before running Content | D42: Linux
A43: Linux Post Command | C43: Optional -- Linux Shell Command or script to be used after running Content
A44: Linux Pass String | C44: Optional -- Linux Pass string if empty will use global fail string
A45: Linux Fail String | C45: Optional -- Linux Fail string if empty will use global pass string
A46: Startup Linux | C46: Optional -- Script to start linux from EFI -- usually bootlinux.nsh or startup_linux.nsh
A47: Linux Path | C47: Optional -- Linux Path to content
A48: Linux Content Wait Time | C48: Optional -- Wait Time for Content
A49: Linux Content Line 0 | C49: Content Command Line [ up to 10 can be set add more lines if required]
A50: Linux Content Line 1 | C50: Optional -- Content Command Line [ up to 10 can be set add more lines if required]
A51: Dragon Pre Command | C51: Optional -- EFI Shell Command or script to be used before running Content | D51: Dragon
A52: Dragon Post Command | C52: Optional -- EFI Shell Command or script to be used after running Content
A53: Startup Dragon | B53: startup_efi.nsh | C53: Optional -- Script with preset conditions for the content [ex. ReserveMemory]
A54: ULX Path | B54: FS1:\EFI\ulx | C54: ULX -- Path to script
A55: ULX CPU | B55: GNR_B0 | C55: ULX -- CPU to be used [GNR_B0, CWF]
A56: Product Chop | B56: GNR | C56: ULX -- Specify Product
A57: VVAR0 | B57: 0x4C4B40 | C57: VVAR -- Test Runtime [ex. 3 sec = 3,000,000 us = 0x2DC6C0]
A58: VVAR1 | B58: 80064000 | C58: VVAR -- 32-bit fixed point value to scale VV[0x00] -- Use 80064000 for System
A59: VVAR2 | B59: 0x1000000 | C59: VVAR -- Thread Count VVAR -- Mesh Content use: 0x1000000 -- Slice Content Use: GNR = 0x1000002, CWF = 0x1000004
A60: VVAR3 | B60: 0x4000000 | C60: VVAR -- Debug Flags -- Check: https://wiki.ith.intel.com/spaces/MPV/pages/1206292923/Dragon+VVDEBUG+Decoder
A61: VVAR_EXTRA | C61: Optional -- Additional VVAR Parameters
A62: Dragon Content Path | B62: FS1:\content\Dragon\7410_0x0E_PPV_MegaMem\GNR128C_H_1UP\ | C62: Path to Content
A63: Dragon Content Line | C63: Optional -- Filters to content, add them sepparated by comma
A64: Stop on Fail | B64: TRUE | C64: Defines if run regression will stop after first fail
A65: Merlin Name | B65: MerlinX.efi | C65: MERLIN -- Name of the Merlin file
A66: Merlin Drive | B66: FS1: | C66: MERLIN -- Drive where Merlin is located
A67: Merlin Path | B67: FS1:\EFI\Version8.15\BinFiles\Release | C67: MERLIN -- Path to Merlin Files

Sheet BaselinePPVC
A1: Test Configuration | C1: Field Notes
A2: Field | B2: Value
A3: Experiment | B3: Enabled | C3: {=_xlfn.SWITCH(experiment016[[#This Row],[Value]],"Disabled","Experiment disabled will not run", " Experiment recipe enabled")} -> Experiment recipe enabled
A4: Test Name | B4: BaselinePPVC | C4: Name of Test to be executed
A5: Test Mode | B5: Mesh | C5: Test Mode: Slice or Mesh
A6: Test Type | B6: Loops | C6: Type of test: Loops, Sweep or Shmoo
A7: Visual ID | B7: TestUnitData | C7: Unit Visual ID
A8: Bucket | B8: IDIPAR | C8: Unit Assigned Bucket
A9: COM Port | B9: 11 | C9: Serial Port to communicate to MB
A10: IP Address | B10: 10.250.0.2 | C10: IP Address to communicate to MB
A11: TTL Folder | B11: S:\GNR\RVP\TTLs\TTL_DragonMesh | C11: Teraterm TTL Macros Folder Location with Commands.ttl and Connect.ttl files
A12: Scripts File | C12: Script File to be loaded before Test Execution
A13: Post Process | C13: Script File to be loaded after Test Execution
A14: Pass String | B14: Test Complete | C14: Lookup String for a Pass Condition of the Test
A15: Fail String | B15: Test Failed | C15: Lookup String for a Fail Condition of the Test
A16: Content | B16: Dragon | C16: Select your content: Linux | Dragon | PYSConsole (Custom Python Script)
A17: Test Number | B17: 11 | C17: First Number to be assigned to your test iteration
A18: Test Time | B18: 30 | C18: Wait time to be used for watchdog monitoring of console, in case unit is hang or failed during execution
A19: Reset | B19: TRUE | C19: Reset Unit before Starting first experiment
A20: Reset on PASS | B20: TRUE | C20: Reset Unit after each PASS
A21: FastBoot | B21: TRUE | C21: if Mesh Masking is selected, set this to False
A22: Core License | C22: Leave Blank if not used
A23: 600W Unit | B23: FALSE | C23: True or False
A24: Pseudo Config | B24: FALSE | C24: {=IF(MiscData!C1="AtomCore",MiscData!U14,_xlfn.SWITCH($B$5,"Slice",MiscData!U14,MiscData!U16))} -> Set if using Pseudo Mesh Content, to disable HT
A25: Configuration (Mask) | C25: =_xlfn.XLOOKUP(B5,MiscData!K3:K5,MiscData!L3:L5) -> Mesh Options: RowPass1, RowPass2, RowPass3, FirstPass, SecondPass, ThirdPass || Leave Blank if Full Chip
A26: Boot Breakpoint | C26: {=_xlfn.SWITCH(B16,"PYSVConsole",MiscData!U18,MiscData!U14)} -> Not used
A27: Disable 2 Cores | C27: =IF(MiscData!C1="AtomCore",MiscData!U17,MiscData!U14) -> Not used
A28: Check Core | B28: 36 | C28: Used in Mesh Mode to check an specific core data, such as voltage, frequency, license, dcf… If slice, this is set to the tested core. | D28: Limits
A29: Voltage Type | B29: ppvc | C29: vbump or fixed | D29: MAX | E29: MIN
A30: Voltage IA | C30: {=_xlfn.SWITCH(B29,"vbump",_xlfn.SWITCH(TRUE,experiment016[[#This Row],[Value]]="",MiscData!U15,experiment016[[#This Row],[Value]]>MiscData!N3,MiscData!U4,experiment016[[#This Row],[Value]]<MiscData!O3,MiscData!U5,MiscData!U3),"fixed",_xlfn.SWITCH(TRUE,experiment016[[#This Row],[Value]]="",MiscData!U15,experiment016[[#This Row],[Value]]>MiscData!N7,MiscData!U4,experiment016[[#This Row],[Value]]<MiscData!O7,MiscData!U5,MiscData!U3),"")} | D30: {=_xlfn.SWITCH(B$29,"vbump",MiscData!N3,"fixed",MiscData!N7,"")} | E30: {=_xlfn.SWITCH(B$29,"vbump",MiscData!O3,"fixed",MiscData!O7,"")}
A31: Voltage CFC | C31: {=_xlfn.SWITCH(B29,"vbump",_xlfn.SWITCH(TRUE,experiment016[[#This Row],[Value]]="",MiscData!U15,experiment016[[#This Row],[Value]]>MiscData!N4,MiscData!U4,experiment016[[#This Row],[Value]]<MiscData!O4,MiscData!U5,MiscData!U3),"fixed",_xlfn.SWITCH(TRUE,experiment016[[#This Row],[Value]]="",MiscData!U15,experiment016[[#This Row],[Value]]>MiscData!N8,MiscData!U4,experiment016[[#This Row],[Value]]<MiscData!O8,MiscData!U5,MiscData!U3),"")} | D31: {=_xlfn.SWITCH(B$29,"vbump",MiscData!N4,"fixed",MiscData!N8,"")} | E31: {=_xlfn.SWITCH(B$29,"vbump",MiscData!O4,"fixed",MiscData!O8,"")}
A32: Frequency IA | C32: {=_xlfn.SWITCH(TRUE,experiment016[[#This Row],[Value]]="",MiscData!U15,experiment016[[#This Row],[Value]]>MiscData!Q3,MiscData!U4,experiment016[[#This Row],[Value]]<MiscData!R3,MiscData!U5,MiscData!U3)} -> Not Configured | D32: =MiscData!Q3 -> 44 | E32: =MiscData!R3 -> 5
A33: Frequency CFC | C33: {=_xlfn.SWITCH(TRUE,experiment016[[#This Row],[Value]]="",MiscData!U15,experiment016[[#This Row],[Value]]>MiscData!Q4,MiscData!U4,experiment016[[#This Row],[Value]]<MiscData!R4,MiscData!U5,MiscData!U3)} -> Not Configured | D33: =MiscData!Q4 -> 22 | E33: =MiscData!R4 -> 8
A34: Loops | B34: 5 | C34: {=_xlfn.SWITCH(B6,"Loops",MiscData!U6,MiscData!U14)} -> Number of Loops to run
A35: Type | B35: Voltage | C35: {=_xlfn.SWITCH($B$6,"Sweep",MiscData!U7,MiscData!$U$14)} -> Not used
A36: Domain | B36: IA | C36: {=_xlfn.SWITCH($B$6,"Sweep",MiscData!U8,MiscData!$U$14)} -> Not used
A37: Start | B37: -0.03 | C37: {=_xlfn.SWITCH($B$6,"Sweep",MiscData!U9,MiscData!$U$14)} -> Not used
A38: End | B38: 0.06 | C38: {=_xlfn.SWITCH($B$6,"Sweep",MiscData!U10,MiscData!$U$14)} -> Not used
A39: Steps | B39: 0.03 | C39: {=_xlfn.SWITCH($B$6,"Sweep",MiscData!U11,MiscData!$U$14)} -> Not used
A40: ShmooFile | B40: C:\SystemDebug\Shmoos\RVPShmooConfig.json | C40: {=_xlfn.SWITCH($B$6,"Shmoo",MiscData!U12,MiscData!$U$14)} -> Not used
A41: ShmooLabel | B41: COREFIX | C41: {=_xlfn.SWITCH($B$6,"Shmoo",MiscData!U13,MiscData!$U$14)} -> Not used
A42: Linux Pre Command | C42: Optional -- Linux Shell Command or script to be used before running Content | D42: Linux
A43: Linux Post Command | C43: Optional -- Linux Shell Command or script to be used after running Content
A44: Linux Pass String | C44: Optional -- Linux Pass string if empty will use global fail string
A45: Linux Fail String | C45: Optional -- Linux Fail string if empty will use global pass string
A46: Startup Linux | C46: Optional -- Script to start linux from EFI -- usually bootlinux.nsh or startup_linux.nsh
A47: Linux Path | C47: Optional -- Linux Path to content
A48: Linux Content Wait Time | C48: Optional -- Wait Time for Content
A49: Linux Content Line 0 | C49: Content Command Line [ up to 10 can be set add more lines if required]
A50: Linux Content Line 1 | C50: Optional -- Content Command Line [ up to 10 can be set add more lines if required]
A51: Dragon Pre Command | C51: Optional -- EFI Shell Command or script to be used before running Content | D51: Dragon
A52: Dragon Post Command | C52: Optional -- EFI Shell Command or script to be used after running Content
A53: Startup Dragon | B53: startup_efi.nsh | C53: Optional -- Script with preset conditions for the content [ex. ReserveMemory]
A54: ULX Path | B54: FS1:\EFI\ulx | C54: ULX -- Path to script
A55: ULX CPU | B55: GNR_B0 | C55: ULX -- CPU to be used [GNR_B0, CWF]
A56: Product Chop | B56: GNR | C56: ULX -- Specify Product
A57: VVAR0 | B57: 0x4C4B40 | C57: VVAR -- Test Runtime [ex. 3 sec = 3,000,000 us = 0x2DC6C0]
A58: VVAR1 | B58: 80064000 | C58: VVAR -- 32-bit fixed point value to scale VV[0x00] -- Use 80064000 for System
A59: VVAR2 | B59: 0x1000000 | C59: VVAR -- Thread Count VVAR -- Mesh Content use: 0x1000000 -- Slice Content Use: GNR = 0x1000002, CWF = 0x1000004
A60: VVAR3 | B60: 0x4000000 | C60: VVAR -- Debug Flags -- Check: https://wiki.ith.intel.com/spaces/MPV/pages/1206292923/Dragon+VVDEBUG+Decoder
A61: VVAR_EXTRA | C61: Optional -- Additional VVAR Parameters
A62: Dragon Content Path | B62: FS1:\content\Dragon\7410_0x0E_PPV_MegaMem\GNR128C_H_1UP\ | C62: Path to Content
A63: Dragon Content Line | C63: Optional -- Filters to content, add them sepparated by comma
A64: Stop on Fail | B64: TRUE | C64: Defines if run regression will stop after first fail
A65: Merlin Name | B65: MerlinX.efi | C65: MERLIN -- Name of the Merlin file
A66: Merlin Drive | B66: FS1: | C66: MERLIN -- Drive where Merlin is located
A67: Merlin Path | B67: FS1:\EFI\Version8.15\BinFiles\Release | C67: MERLIN -- Path to Merlin Files

Sheet BaselineXtended
A1: Test Configuration | C1: Field Notes
A2: Field | B2: Value
A3: Experiment | B3: Enabled | C3: {=_xlfn.SWITCH(experiment01617[[#This Row],[Value]],"Disabled","Experiment disabled will not run", " Experiment recipe enabled")} -> Experiment recipe enabled
A4: Test Name | B4: BaselineXtended | C4: Name of Test to be executed
A5: Test Mode | B5: Mesh | C5: Test Mode: Slice or Mesh
A6: Test Type | B6: Loops | C6: Type of test: Loops, Sweep or Shmoo
A7: Visual ID | B7: TestUnitData | C7: Unit Visual ID
A8: Bucket | B8: IDIPAR | C8: Unit Assigned Bucket
A9: COM Port | B9: 11 | C9: Serial Port to communicate to MB
A10: IP Address | B10: 10.250.0.2 | C10: IP Address to communicate to MB
A11: TTL Folder | B11: S:\GNR\RVP\TTLs\TTL_DragonMesh | C11: Teraterm TTL Macros Folder Location with Commands.ttl and Connect.ttl files
A12: Scripts File | C12: Script File to be loaded before Test Execution
A13: Post Process | C13: Script File to be loaded after Test Execution
A14: Pass String | B14: Test Complete | C14: Lookup String for a Pass Condition of the Test
A15: Fail String | B15: Test Failed | C15: Lookup String for a Fail Condition of the Test
A16: Content | B16: Dragon | C16: Select your content: Linux | Dragon | PYSConsole (Custom Python Script)
A17: Test Number | B17: 11 | C17: First Number to be assigned to your test iteration
A18: Test Time | B18: 30 | C18: Wait time to be used for watchdog monitoring of console, in case unit is hang or failed during execution
A19: Reset | B19: TRUE | C19: Reset Unit before Starting first experiment
A20: Reset on PASS | B20: TRUE | C20: Reset Unit after each PASS
A21: FastBoot | B21: TRUE | C21: if Mesh Masking is selected, set this to False
A22: Core License | C22: Leave Blank if not used
A23: 600W Unit | B23: FALSE | C23: True or False
A24: Pseudo Config | B24: FALSE | C24: {=IF(MiscData!C1="AtomCore",MiscData!U14,_xlfn.SWITCH($B$5,"Slice",MiscData!U14,MiscData!U16))} -> Set if using Pseudo Mesh Content, to disable HT
A25: Configuration (Mask) | C25: =_xlfn.XLOOKUP(B5,MiscData!K3:K5,MiscData!L3:L5) -> Mesh Options: RowPass1, RowPass2, RowPass3, FirstPass, SecondPass, ThirdPass || Leave Blank if Full Chip
A26: Boot Breakpoint | C26: {=_xlfn.SWITCH(B16,"PYSVConsole",MiscData!U18,MiscData!U14)} -> Not used
A27: Disable 2 Cores | C27: =IF(MiscData!C1="AtomCore",MiscData!U17,MiscData!U14) -> Not used
A28: Check Core | B28: 36 | C28: Used in Mesh Mode to check an specific core data, such as voltage, frequency, license, dcf… If slice, this is set to the tested core. | D28: Limits
A29: Voltage Type | B29: ppvc | C29: vbump or fixed | D29: MAX | E29: MIN
A30: Voltage IA | C30: {=_xlfn.SWITCH(B29,"vbump",_xlfn.SWITCH(TRUE,experiment01617[[#This Row],[Value]]="",MiscData!U15,experiment01617[[#This Row],[Value]]>MiscData!N3,MiscData!U4,experiment01617[[#This Row],[Value]]<MiscData!O3,MiscData!U5,MiscData!U3),"fixed",_xlfn.SWITCH(TRUE,experiment01617[[#This Row],[Value]]="",MiscData!U15,experiment01617[[#This Row],[Value]]>MiscData!N7,MiscData!U4,experiment01617[[#This Row],[Value]]<MiscData!O7,MiscData!U5,MiscData!U3),"")} | D30: {=_xlfn.SWITCH(B$29,"vbump",MiscData!N3,"fixed",MiscData!N7,"")} | E30: {=_xlfn.SWITCH(B$29,"vbump",MiscData!O3,"fixed",MiscData!O7,"")}
A31: Voltage CFC | C31: {=_xlfn.SWITCH(B29,"vbump",_xlfn.SWITCH(TRUE,experiment01617[[#This Row],[Value]]="",MiscData!U15,experiment01617[[#This Row],[Value]]>MiscData!N4,MiscData!U4,experiment01617[[#This Row],[Value]]<MiscData!O4,MiscData!U5,MiscData!U3),"fixed",_xlfn.SWITCH(TRUE,experiment01617[[#This Row],[Value]]="",MiscData!U15,experiment01617[[#This Row],[Value]]>MiscData!N8,MiscData!U4,experiment01617[[#This Row],[Value]]<MiscData!O8,MiscData!U5,MiscData!U3),"")} | D31: {=_xlfn.SWITCH(B$29,"vbump",MiscData!N4,"fixed",MiscData!N8,"")} | E31: {=_xlfn.SWITCH(B$29,"vbump",MiscData!O4,"fixed",MiscData!O8,"")}
A32: Frequency IA | C32: {=_xlfn.SWITCH(TRUE,experiment01617[[#This Row],[Value]]="",MiscData!U15,experiment01617[[#This Row],[Value]]>MiscData!Q3,MiscData!U4,experiment01617[[#This Row],[Value]]<MiscData!R3,MiscData!U5,MiscData!U3)} -> Not Configured | D32: =MiscData!Q3 -> 44 | E32: =MiscData!R3 -> 5
A33: Frequency CFC | C33: {=_xlfn.SWITCH(TRUE,experiment01617[[#This Row],[Value]]="",MiscData!U15,experiment01617[[#This Row],[Value]]>MiscData!Q4,MiscData!U4,experiment01617[[#This Row],[Value]]<MiscData!R4,MiscData!U5,MiscData!U3)} -> Not Configured | D33: =MiscData!Q4 -> 22 | E33: =MiscData!R4 -> 8
A34: Loops | B34: 5 | C34: {=_xlfn.SWITCH(B6,"Loops",MiscData!U6,MiscData!U14)} -> Number of Loops to run
A35: Type | B35: Voltage | C35: {=_xlfn.SWITCH($B$6,"Sweep",MiscData!U7,MiscData!$U$14)} -> Not used
A36: Domain | B36: IA | C36: {=_xlfn.SWITCH($B$6,"Sweep",MiscData!U8,MiscData!$U$14)} -> Not used
A37: Start | B37: -0.03 | C37: {=_xlfn.SWITCH($B$6,"Sweep",MiscData!U9,MiscData!$U$14)} -> Not used
A38: End | B38: 0.06 | C38: {=_xlfn.SWITCH($B$6,"Sweep",MiscData!U10,MiscData!$U$14)} -> Not used
A39: Steps | B39: 0.03 | C39: {=_xlfn.SWITCH($B$6,"Sweep",MiscData!U11,MiscData!$U$14)} -> Not used
A40: ShmooFile | B40: C:\SystemDebug\Shmoos\RVPShmooConfig.json | C40: {=_xlfn.SWITCH($B$6,"Shmoo",MiscData!U12,MiscData!$U$14)} -> Not used
A41: ShmooLabel | B41: COREFIX | C41: {=_xlfn.SWITCH($B$6,"Shmoo",MiscData!U13,MiscData!$U$14)} -> Not used
A42: Linux Pre Command | C42: Optional -- Linux Shell Command or script to be used before running Content | D42: Linux
A43: Linux Post Command | C43: Optional -- Linux Shell Command or script to be used after running Content
A44: Linux Pass String | C44: Optional -- Linux Pass string if empty will use global fail string
A45: Linux Fail String | C45: Optional -- Linux Fail string if empty will use global pass string
A46: Startup Linux | C46: Optional -- Script to start linux from EFI -- usually bootlinux.nsh or startup_linux.nsh
A47: Linux Path | C47: Optional -- Linux Path to content
A48: Linux Content Wait Time | C48: Optional -- Wait Time for Content
A49: Linux Content Line 0 | C49: Content Command Line [ up to 10 can be set add more lines if required]
A50: Linux Content Line 1 | C50: Optional -- Content Command Line [ up to 10 can be set add more lines if required]
A51: Dragon Pre Command | C51: Optional -- EFI Shell Command or script to be used before running Content | D51: Dragon
A52: Dragon Post Command | C52: Optional -- EFI Shell Command or script to be used after running Content
A53: Startup Dragon | B53: startup_efi.nsh | C53: Optional -- Script with preset conditions for the content [ex. ReserveMemory]
A54: ULX Path | B54: FS1:\EFI\ulx | C54: ULX -- Path to script
A55: ULX CPU | B55: GNR_B0 | C55: ULX -- CPU to be used [GNR_B0, CWF]
A56: Product Chop | B56: GNR | C56: ULX -- Specify Product
A57: VVAR0 | B57: 0x1C9C380 | C57: VVAR -- Test Runtime [ex. 3 sec = 3,000,000 us = 0x2DC6C0]
A58: VVAR1 | B58: 80064000 | C58: VVAR -- 32-bit fixed point value to scale VV[0x00] -- Use 80064000 for System
A59: VVAR2 | B59: 0x1000000 | C59: VVAR -- Thread Count VVAR -- Mesh Content use: 0x1000000 -- Slice Content Use: GNR = 0x1000002, CWF = 0x1000004
A60: VVAR3 | B60: 0x4000000 | C60: VVAR -- Debug Flags -- Check: https://wiki.ith.intel.com/spaces/MPV/pages/1206292923/Dragon+VVDEBUG+Decoder
A61: VVAR_EXTRA | C61: Optional -- Additional VVAR Parameters
A62: Dragon Content Path | B62: FS1:\content\Dragon\7410_0x0E_PPV_MegaMem\GNR128C_H_1UP\ | C62: Path to Content
A63: Dragon Content Line | C63: Optional -- Filters to content, add them sepparated by comma
A64: Stop on Fail | B64: TRUE | C64: Defines if run regression will stop after first fail
A65: Merlin Name | B65: MerlinX.efi | C65: MERLIN -- Name of the Merlin file
A66: Merlin Drive | B66: FS1: | C66: MERLIN -- Drive where Merlin is located
A67: Merlin Path | B67: FS1:\EFI\Version8.15\BinFiles\Release | C67: MERLIN -- Path to Merlin Files

Sheet BaselineSlice
A1: Test Configuration | C1: Field Notes
A2: Field | B2: Value
A3: Experiment | B3: Enabled | C3: {=_xlfn.SWITCH(experiment01314[[#This Row],[Value]],"Disabled","Experiment disabled will not run", " Experiment recipe enabled")} -> Experiment recipe enabled
A4: Test Name | B4: Slice_TSL_mini | C4: Name of Test to be executed
A5: Test Mode | B5: Slice | C5: Test Mode: Slice or Mesh
A6: Test Type | B6: Loops | C6: Type of test: Loops, Sweep or Shmoo
A7: Visual ID | B7: 759Q17J500189 | C7: Unit Visual ID
A8: Bucket | B8: 3strike | C8: Unit Assigned Bucket
A9: COM Port | B9: 8 | C9: Serial Port to communicate to MB
A10: IP Address | B10: 10.250.0.2 | C10: IP Address to communicate to MB
A11: TTL Folder | B11: S:\GNR\\RVP\TTLs\TTL_DragonSlice | C11: Teraterm TTL Macros Folder Location with Commands.ttl and Connect.ttl files
A12: Scripts File | C12: Script File to be loaded before Test Execution
A13: Post Process | C13: Script File to be loaded after Test Execution
A14: Pass String | B14: Test Complete | C14: Lookup String for a Pass Condition of the Test
A15: Fail String | B15: Test Failed | C15: Lookup String for a Fail Condition of the Test
A16: Content | B16: Dragon | C16: Select your content: Linux | Dragon | PYSConsole (Custom Python Script)
A17: Test Number | B17: 1 | C17: First Number to be assigned to your test iteration
A18: Test Time | B18: 40 | C18: Wait time to be used for watchdog monitoring of console, in case unit is hang or failed during execution
A19: Reset | B19: TRUE | C19: Reset Unit before Starting first experiment
A20: Reset on PASS | B20: TRUE | C20: Reset Unit after each PASS
A21: FastBoot | B21: TRUE | C21: if Mesh Masking is selected, set this to False
A22: Core License | C22: Leave Blank if not used
A23: 600W Unit | B23: TRUE | C23: True or False
A24: Pseudo Config | B24: FALSE | C24: {=IF(MiscData!C1="AtomCore",MiscData!U14,_xlfn.SWITCH($B$5,"Slice",MiscData!U14,MiscData!U16))} -> Not used
A25: Configuration (Mask) | B25: 36 | C25: =_xlfn.XLOOKUP(B5,MiscData!K3:K5,MiscData!L3:L5) -> Use Physical Core Number
A26: Boot Breakpoint | C26: {=_xlfn.SWITCH(B16,"PYSVConsole",MiscData!U18,MiscData!U14)} -> Not used
A27: Disable 2 Cores | C27: =IF(MiscData!C1="AtomCore",MiscData!U17,MiscData!U14) -> Not used
A28: Check Core | B28: 36 | C28: Used in Mesh Mode to check an specific core data, such as voltage, frequency, license, dcf… If slice, this is set to the tested core. | D28: Limits
A29: Voltage Type | B29: vbump | C29: vbump or fixed | D29: MAX | E29: MIN
A30: Voltage IA | C30: {=_xlfn.SWITCH(B29,"vbump",_xlfn.SWITCH(TRUE,experiment01314[[#This Row],[Value]]="",MiscData!U15,experiment01314[[#This Row],[Value]]>MiscData!N3,MiscData!U4,experiment01314[[#This Row],[Value]]<MiscData!O3,MiscData!U5,MiscData!U3),"fixed",_xlfn.SWITCH(TRUE,experiment01314[[#This Row],[Value]]="",MiscData!U15,experiment01314[[#This Row],[Value]]>MiscData!N7,MiscData!U4,experiment01314[[#This Row],[Value]]<MiscData!O7,MiscData!U5,MiscData!U3),"")} -> Not Configured | D30: {=_xlfn.SWITCH(B$29,"vbump",MiscData!N3,"fixed",MiscData!N7,"")} -> 0.2 | E30: {=_xlfn.SWITCH(B$29,"vbump",MiscData!O3,"fixed",MiscData!O7,"")} -> -0.2
A31: Voltage CFC | C31: {=_xlfn.SWITCH(B29,"vbump",_xlfn.SWITCH(TRUE,experiment01314[[#This Row],[Value]]="",MiscData!U15,experiment01314[[#This Row],[Value]]>MiscData!N4,MiscData!U4,experiment01314[[#This Row],[Value]]<MiscData!O4,MiscData!U5,MiscData!U3),"fixed",_xlfn.SWITCH(TRUE,experiment01314[[#This Row],[Value]]="",MiscData!U15,experiment01314[[#This Row],[Value]]>MiscData!N8,MiscData!U4,experiment01314[[#This Row],[Value]]<MiscData!O8,MiscData!U5,MiscData!U3),"")} -> Not Configured | D31: {=_xlfn.SWITCH(B$29,"vbump",MiscData!N4,"fixed",MiscData!N8,"")} -> 0.2 | E31: {=_xlfn.SWITCH(B$29,"vbump",MiscData!O4,"fixed",MiscData!O8,"")} -> -0.2
A32: Frequency IA | C32: {=_xlfn.SWITCH(TRUE,experiment01314[[#This Row],[Value]]="",MiscData!U15,experiment01314[[#This Row],[Value]]>MiscData!Q3,MiscData!U4,experiment01314[[#This Row],[Value]]<MiscData!R3,MiscData!U5,MiscData!U3)} -> Not Configured | D32: =MiscData!Q3 -> 44 | E32: =MiscData!R3 -> 5
A33: Frequency CFC | C33: {=_xlfn.SWITCH(TRUE,experiment01314[[#This Row],[Value]]="",MiscData!U15,experiment01314[[#This Row],[Value]]>MiscData!Q4,MiscData!U4,experiment01314[[#This Row],[Value]]<MiscData!R4,MiscData!U5,MiscData!U3)} -> Not Configured | D33: =MiscData!Q4 -> 22 | E33: =MiscData!R4 -> 8
A34: Loops | B34: 5 | C34: {=_xlfn.SWITCH(B6,"Loops",MiscData!U6,MiscData!U14)} -> Number of Loops to run
A35: Type | B35: Voltage | C35: {=_xlfn.SWITCH($B$6,"Sweep",MiscData!U7,MiscData!$U$14)} -> Not used
A36: Domain | B36: IA | C36: {=_xlfn.SWITCH($B$6,"Sweep",MiscData!U8,MiscData!$U$14)} -> Not used
A37: Start | B37: -0.03 | C37: {=_xlfn.SWITCH($B$6,"Sweep",MiscData!U9,MiscData!$U$14)} -> Not used
A38: End | B38: 0.06 | C38: {=_xlfn.SWITCH($B$6,"Sweep",MiscData!U10,MiscData!$U$14)} -> Not used
A39: Steps | B39: 0.03 | C39: {=_xlfn.SWITCH($B$6,"Sweep",MiscData!U11,MiscData!$U$14)} -> Not used
A40: ShmooFile | B40: C:\SystemDebug\Shmoos\RVPShmooConfig.json | C40: {=_xlfn.SWITCH($B$6,"Shmoo",MiscData!U12,MiscData!$U$14)} -> Not used
A41: ShmooLabel | B41: COREFIX | C41: {=_xlfn.SWITCH($B$6,"Shmoo",MiscData!U13,MiscData!$U$14)} -> Not used
A42: Linux Pre Command | C42: Optional -- Linux Shell Command or script to be used before running Content | D42: Linux
A43: Linux Post Command | C43: Optional -- Linux Shell Command or script to be used after running Content
A44: Linux Pass String | C44: Optional -- Linux Pass string if empty will use global fail string
A45: Linux Fail String | C45: Optional -- Linux Fail string if empty will use global pass string
A46: Startup Linux | B46: startup_linux.nsh | C46: Optional -- Script to start linux from EFI -- usually bootlinux.nsh or startup_linux.nsh
A47: Linux Path | C47: Optional -- Linux Path to content
A48: Linux Content Wait Time | B48: 999999 | C48: Optional -- Wait Time for Content
A49: Linux Content Line 0 | B49: /usr/local/bin/ocelot --flow /root/content/LOS/LOS-23WW24/Mlc/flows/Mlc_mp1.xml --write_log_file_to_stdout=on --ituff=on | C49: Content Command Line [ up to 10 can be set add more lines if required]
A50: Linux Content Line 1 | B50: /usr/local/bin/ocelot --flow /root/content/LOS/LOS-23WW24/Mlc/flows/Mlc_data_integrity.xml --write_log_file_to_stdout=on --ituff=on | C50: Optional -- Content Command Line [ up to 10 can be set add more lines if required]
A51: Linux Content Line 2 | B51: /usr/local/bin/ocelot --flow /root/content/LOS/LOS-23WW24/Mlc/flows/Mlc_data_integrity.xml --write_log_file_to_stdout=on --ituff=on | C51: Optional -- Content Command Line [ up to 10 can be set add more lines if required]
A52: Dragon Pre Command | C52: Optional -- EFI Shell Command or script to be used before running Content | D52: Dragon
A53: Dragon Post Command | C53: Optional -- EFI Shell Command or script to be used after running Content
A54: Startup Dragon | B54: startup_efi.nsh | C54: Optional -- Script with preset conditions for the content [ex. ReserveMemory]
A55: ULX Path | B55: FS1:\EFI\ulx | C55: ULX -- Path to script
A56: ULX CPU | B56: CWF | C56: ULX -- CPU to be used [GNR_B0, CWF]
A57: Product Chop | B57: CWF | C57: ULX -- Specify Product
A58: VVAR0 | B58: 0x4C4B40 | C58: VVAR -- Test Runtime [ex. 3 sec = 3,000,000 us = 0x2DC6C0]
A59: VVAR1 | B59: 80064000 | C59: VVAR -- 32-bit fixed point value to scale VV[0x00] -- Use 80064000 for System
A60: VVAR2 | B60: 0x1000002 | C60: VVAR -- Thread Count VVAR -- Mesh Content use: 0x1000000 -- Slice Content Use: GNR = 0x1000002, CWF = 0x1000004
A61: VVAR3 | B61: 0x4000000 | C61: VVAR -- Debug Flags -- Check: https://wiki.ith.intel.com/spaces/MPV/pages/1206292923/Dragon+VVDEBUG+Decoder
A62: VVAR_EXTRA | C62: Optional -- Additional VVAR Parameters
A63: Dragon Content Path | B63: FS1:\content\Dragon\GNR1C_Q_Slice_2M_pseudoSBFT_System | C63: Path to Content
A64: Dragon Content Line | C64: Optional -- Filters to content, add them sepparated by comma
A65: Stop on Fail | B65: TRUE | C65: Defines if run regression will stop after first fail
A66: Merlin Name | B66: MerlinX.efi | C66: MERLIN -- Name of the Merlin file
A67: Merlin Drive | B67: FS1: | C67: MERLIN -- Drive where Merlin is located
A68: Merlin Path | B68: FS1:\EFI\Version8.15\BinFiles\Release | C68: MERLIN -- Path to Merlin Files

Sheet CFC_Voltage
A1: Test Configuration | C1: Field Notes
A2: Field | B2: Value
A3: Experiment | B3: Enabled | C3: {=_xlfn.SWITCH(experiment07[[#This Row],[Value]],"Disabled","Experiment disabled will not run", " Experiment recipe enabled")} -> Experiment recipe enabled
A4: Test Name | B4: CFCVoltage | C4: Name of Test to be executed
A5: Test Mode | B5: Mesh | C5: Test Mode: Slice or Mesh
A6: Test Type | B6: Sweep | C6: Type of test: Loops, Sweep or Shmoo
A7: Visual ID | B7: TestUnitData | C7: Unit Visual ID
A8: Bucket | B8: IDIPAR | C8: Unit Assigned Bucket
A9: COM Port | B9: 11 | C9: Serial Port to communicate to MB
A10: IP Address | B10: 10.250.0.2 | C10: IP Address to communicate to MB
A11: TTL Folder | B11: S:\GNR\RVP\TTLs\TTL_DragonMesh | C11: Teraterm TTL Macros Folder Location with Commands.ttl and Connect.ttl files
A12: Scripts File | C12: Script File to be loaded before Test Execution
A13: Post Process | C13: Script File to be loaded after Test Execution
A14: Pass String | B14: Test Complete | C14: Lookup String for a Pass Condition of the Test
A15: Fail String | B15: Test Failed | C15: Lookup String for a Fail Condition of the Test
A16: Content | B16: Dragon | C16: Select your content: Linux | Dragon | PYSConsole (Custom Python Script)
A17: Test Number | B17: 11 | C17: First Number to be assigned to your test iteration
A18: Test Time | B18: 30 | C18: Wait time to be used for watchdog monitoring of console, in case unit is hang or failed during execution
A19: Reset | B19: TRUE | C19: Reset Unit before Starting first experiment
A20: Reset on PASS | B20: TRUE | C20: Reset Unit after each PASS
A21: FastBoot | B21: TRUE | C21: if Mesh Masking is selected, set this to False
A22: Core License | C22: Leave Blank if not used
A23: 600W Unit | B23: FALSE | C23: True or False
A24: Pseudo Config | B24: FALSE | C24: {=IF(MiscData!C1="AtomCore",MiscData!U14,_xlfn.SWITCH($B$5,"Slice",MiscData!U14,MiscData!U16))} -> Set if using Pseudo Mesh Content, to disable HT
A25: Configuration (Mask) | C25: =_xlfn.XLOOKUP(B5,MiscData!K3:K5,MiscData!L3:L5) -> Mesh Options: RowPass1, RowPass2, RowPass3, FirstPass, SecondPass, ThirdPass || Leave Blank if Full Chip
A26: Boot Breakpoint | C26: {=_xlfn.SWITCH(B16,"PYSVConsole",MiscData!U18,MiscData!U14)} -> Not used
A27: Disable 2 Cores | C27: =IF(MiscData!C1="AtomCore",MiscData!U17,MiscData!U14) -> Not used
A28: Check Core | B28: 36 | C28: Used in Mesh Mode to check an specific core data, such as voltage, frequency, license, dcf… If slice, this is set to the tested core. | D28: Limits
A29: Voltage Type | B29: vbump | C29: vbump or fixed | D29: MAX | E29: MIN
A30: Voltage IA | C30: {=_xlfn.SWITCH(B29,"vbump",_xlfn.SWITCH(TRUE,experiment07[[#This Row],[Value]]="",MiscData!U15,experiment07[[#This Row],[Value]]>MiscData!N3,MiscData!U4,experiment07[[#This Row],[Value]]<MiscData!O3,MiscData!U5,MiscData!U3),"fixed",_xlfn.SWITCH(TRUE,experiment07[[#This Row],[Value]]="",MiscData!U15,experiment07[[#This Row],[Value]]>MiscData!N7,MiscData!U4,experiment07[[#This Row],[Value]]<MiscData!O7,MiscData!U5,MiscData!U3),"")} -> Not Configured | D30: {=_xlfn.SWITCH(B$29,"vbump",MiscData!N3,"fixed",MiscData!N7,"")} -> 0.2 | E30: {=_xlfn.SWITCH(B$29,"vbump",MiscData!O3,"fixed",MiscData!O7,"")} -> -0.2
A31: Voltage CFC | C31: {=_xlfn.SWITCH(B29,"vbump",_xlfn.SWITCH(TRUE,experiment07[[#This Row],[Value]]="",MiscData!U15,experiment07[[#This Row],[Value]]>MiscData!N4,MiscData!U4,experiment07[[#This Row],[Value]]<MiscData!O4,MiscData!U5,MiscData!U3),"fixed",_xlfn.SWITCH(TRUE,experiment07[[#This Row],[Value]]="",MiscData!U15,experiment07[[#This Row],[Value]]>MiscData!N8,MiscData!U4,experiment07[[#This Row],[Value]]<MiscData!O8,MiscData!U5,MiscData!U3),"")} -> Not Configured | D31: {=_xlfn.SWITCH(B$29,"vbump",MiscData!N4,"fixed",MiscData!N8,"")} -> 0.2 | E31: {=_xlfn.SWITCH(B$29,"vbump",MiscData!O4,"fixed",MiscData!O8,"")} -> -0.2
A32: Frequency IA | C32: {=_xlfn.SWITCH(TRUE,experiment07[[#This Row],[Value]]="",MiscData!U15,experiment07[[#This Row],[Value]]>MiscData!Q3,MiscData!U4,experiment07[[#This Row],[Value]]<MiscData!R3,MiscData!U5,MiscData!U3)} -> Not Configured | D32: =MiscData!Q3 -> 44 | E32: =MiscData!R3 -> 5
A33: Frequency CFC | C33: {=_xlfn.SWITCH(TRUE,experiment07[[#This Row],[Value]]="",MiscData!U15,experiment07[[#This Row],[Value]]>MiscData!Q4,MiscData!U4,experiment07[[#This Row],[Value]]<MiscData!R4,MiscData!U5,MiscData!U3)} -> Not Configured | D33: =MiscData!Q4 -> 22 | E33: =MiscData!R4 -> 8
A34: Loops | B34: 5 | C34: {=_xlfn.SWITCH(B6,"Loops",MiscData!U6,MiscData!U14)} -> Not used
A35: Type | B35: Voltage | C35: {=_xlfn.SWITCH($B$6,"Sweep",MiscData!U7,MiscData!$U$14)} -> Select Type: Frequency or Voltage
A36: Domain | B36: CFC | C36: {=_xlfn.SWITCH($B$6,"Sweep",MiscData!U8,MiscData!$U$14)} -> Select domain: IA or CFC
A37: Start | B37: 0.05 | C37: {=_xlfn.SWITCH($B$6,"Sweep",MiscData!U9,MiscData!$U$14)} -> Start point of Sweep. Consider above limits for CFC / IA
A38: End | B38: 0.2 | C38: {=_xlfn.SWITCH($B$6,"Sweep",MiscData!U10,MiscData!$U$14)} -> End point of Sweep. Consider above limits for CFC / IA
A39: Steps | B39: 0.05 | C39: {=_xlfn.SWITCH($B$6,"Sweep",MiscData!U11,MiscData!$U$14)} -> Size of each step
A40: ShmooFile | B40: C:\SystemDebug\Shmoos\RVPShmooConfig.json | C40: {=_xlfn.SWITCH($B$6,"Shmoo",MiscData!U12,MiscData!$U$14)} -> Not used
A41: ShmooLabel | B41: COREFIX | C41: {=_xlfn.SWITCH($B$6,"Shmoo",MiscData!U13,MiscData!$U$14)} -> Not used
A42: Linux Pre Command | C42: Optional -- Linux Shell Command or script to be used before running Content | D42: Linux
A43: Linux Post Command | C43: Optional -- Linux Shell Command or script to be used after running Content
A44: Linux Pass String | C44: Optional -- Linux Pass string if empty will use global fail string
A45: Linux Fail String | C45: Optional -- Linux Fail string if empty will use global pass string
A46: Startup Linux | C46: Optional -- Script to start linux from EFI -- usually bootlinux.nsh or startup_linux.nsh
A47: Linux Path | C47: Optional -- Linux Path to content
A48: Linux Content Wait Time | C48: Optional -- Wait Time for Content
A49: Linux Content Line 0 | C49: Content Command Line [ up to 10 can be set add more lines if required]
A50: Linux Content Line 1 | C50: Optional -- Content Command Line [ up to 10 can be set add more lines if required]
A51: Dragon Pre Command | C51: Optional -- EFI Shell Command or script to be used before running Content | D51: Dragon
A52: Dragon Post Command | C52: Optional -- EFI Shell Command or script to be used after running Content
A53: Startup Dragon | B53: startup_efi.nsh | C53: Optional -- Script with preset conditions for the content [ex. ReserveMemory]
A54: ULX Path | B54: FS1:\EFI\ulx | C54: ULX -- Path to script
A55: ULX CPU | B55: GNR_B0 | C55: ULX -- CPU to be used [GNR_B0, CWF]
A56: Product Chop | B56: GNR | C56: ULX -- Specify Product
A57: VVAR0 | B57: 0x4C4B40 | C57: VVAR -- Test Runtime [ex. 3 sec = 3,000,000 us = 0x2DC6C0]
A58: VVAR1 | B58: 80064000 | C58: VVAR -- 32-bit fixed point value to scale VV[0x00] -- Use 80064000 for System
A59: VVAR2 | B59: 0x1000000 | C59: VVAR -- Thread Count VVAR -- Mesh Content use: 0x1000000 -- Slice Content Use: GNR = 0x1000002, CWF = 0x1000004
A60: VVAR3 | B60: 0x4000000 | C60: VVAR -- Debug Flags -- Check: https://wiki.ith.intel.com/spaces/MPV/pages/1206292923/Dragon+VVDEBUG+Decoder
A61: VVAR_EXTRA | C61: Optional -- Additional VVAR Parameters
A62: Dragon Content Path | B62: FS1:\content\Dragon\7410_0x0E_PPV_MegaMem\GNR128C_H_1UP\ | C62: Path to Content
A63: Dragon Content Line | C63: Optional -- Filters to content, add them sepparated by comma
A64: Stop on Fail | B64: TRUE | C64: Defines if run regression will stop after first fail
A65: Merlin Name | B65: MerlinX.efi | C65: MERLIN -- Name of the Merlin file
A66: Merlin Drive | B66: FS1: | C66: MERLIN -- Drive where Merlin is located
A67: Merlin Path | B67: FS1:\EFI\Version8.15\BinFiles\Release | C67: MERLIN -- Path to Merlin Files

Sheet CFC_Frequency
A1: Test Configuration | C1: Field Notes
A2: Field | B2: Value
A3: Experiment | B3: Enabled | C3: {=_xlfn.SWITCH(experiment078[[#This Row],[Value]],"Disabled","Experiment disabled will not run", " Experiment recipe enabled")} -> Experiment recipe enabled
A4: Test Name | B4: CFCFrequency | C4: Name of Test to be executed
A5: Test Mode | B5: Mesh | C5: Test Mode: Slice or Mesh
A6: Test Type | B6: Sweep | C6: Type of test: Loops, Sweep or Shmoo
A7: Visual ID | B7: TestUnitData | C7: Unit Visual ID
A8: Bucket | B8: IDIPAR | C8: Unit Assigned Bucket
A9: COM Port | B9: 11 | C9: Serial Port to communicate to MB
A10: IP Address | B10: 10.250.0.2 | C10: IP Address to communicate to MB
A11: TTL Folder | B11: S:\GNR\RVP\TTLs\TTL_DragonMesh | C11: Teraterm TTL Macros Folder Location with Commands.ttl and Connect.ttl files
A12: Scripts File | C12: Script File to be loaded before Test Execution
A13: Post Process | C13: Script File to be loaded after Test Execution
A14: Pass String | B14: Test Complete | C14: Lookup String for a Pass Condition of the Test
A15: Fail String | B15: Test Failed | C15: Lookup String for a Fail Condition of the Test
A16: Content | B16: Dragon | C16: Select your content: Linux | Dragon | PYSConsole (Custom Python Script)
A17: Test Number | B17: 11 | C17: First Number to be assigned to your test iteration
A18: Test Time | B18: 30 | C18: Wait time to be used for watchdog monitoring of console, in case unit is hang or failed during execution
A19: Reset | B19: TRUE | C19: Reset Unit before Starting first experiment
A20: Reset on PASS | B20: TRUE | C20: Reset Unit after each PASS
A21: FastBoot | B21: TRUE | C21: if Mesh Masking is selected, set this to False
A22: Core License | C22: Leave Blank if not used
A23: 600W Unit | B23: FALSE | C23: True or False
A24: Pseudo Config | B24: FALSE | C24: {=IF(MiscData!C1="AtomCore",MiscData!U14,_xlfn.SWITCH($B$5,"Slice",MiscData!U14,MiscData!U16))} -> Set if using Pseudo Mesh Content, to disable HT
A25: Configuration (Mask) | C25: =_xlfn.XLOOKUP(B5,MiscData!K3:K5,MiscData!L3:L5) -> Mesh Options: RowPass1, RowPass2, RowPass3, FirstPass, SecondPass, ThirdPass || Leave Blank if Full Chip
A26: Boot Breakpoint | C26: {=_xlfn.SWITCH(B16,"PYSVConsole",MiscData!U18,MiscData!U14)} -> Not used
A27: Disable 2 Cores | C27: =IF(MiscData!C1="AtomCore",MiscData!U17,MiscData!U14) -> Not used
A28: Check Core | B28: 36 | C28: Used in Mesh Mode to check an specific core data, such as voltage, frequency, license, dcf… If slice, this is set to the tested core. | D28: Limits
A29: Voltage Type | B29: vbump | C29: vbump or fixed | D29: MAX | E29: MIN
A30: Voltage IA | C30: {=_xlfn.SWITCH(B29,"vbump",_xlfn.SWITCH(TRUE,experiment078[[#This Row],[Value]]="",MiscData!U15,experiment078[[#This Row],[Value]]>MiscData!N3,MiscData!U4,experiment078[[#This Row],[Value]]<MiscData!O3,MiscData!U5,MiscData!U3),"fixed",_xlfn.SWITCH(TRUE,experiment078[[#This Row],[Value]]="",MiscData!U15,experiment078[[#This Row],[Value]]>MiscData!N7,MiscData!U4,experiment078[[#This Row],[Value]]<MiscData!O7,MiscData!U5,MiscData!U3),"")} -> Not Configured | D30: {=_xlfn.SWITCH(B$29,"vbump",MiscData!N3,"fixed",MiscData!N7,"")} -> 0.2 | E30: {=_xlfn.SWITCH(B$29,"vbump",MiscData!O3,"fixed",MiscData!O7,"")} -> -0.2
A31: Voltage CFC | C31: {=_xlfn.SWITCH(B29,"vbump",_xlfn.SWITCH(TRUE,experiment078[[#This Row],[Value]]="",MiscData!U15,experiment078[[#This Row],[Value]]>MiscData!N4,MiscData!U4,experiment078[[#This Row],[Value]]<MiscData!O4,MiscData!U5,MiscData!U3),"fixed",_xlfn.SWITCH(TRUE,experiment078[[#This Row],[Value]]="",MiscData!U15,experiment078[[#This Row],[Value]]>MiscData!N8,MiscData!U4,experiment078[[#This Row],[Value]]<MiscData!O8,MiscData!U5,MiscData!U3),"")} -> Not Configured | D31: {=_xlfn.SWITCH(B$29,"vbump",MiscData!N4,"fixed",MiscData!N8,"")} -> 0.2 | E31: {=_xlfn.SWITCH(B$29,"vbump",MiscData!O4,"fixed",MiscData!O8,"")} -> -0.2
A32: Frequency IA | C32: {=_xlfn.SWITCH(TRUE,experiment078[[#This Row],[Value]]="",MiscData!U15,experiment078[[#This Row],[Value]]>MiscData!Q3,MiscData!U4,experiment078[[#This Row],[Value]]<MiscData!R3,MiscData!U5,MiscData!U3)} -> Not Configured | D32: =MiscData!Q3 -> 44 | E32: =MiscData!R3 -> 5
A33: Frequency CFC | C33: {=_xlfn.SWITCH(TRUE,experiment078[[#This Row],[Value]]="",MiscData!U15,experiment078[[#This Row],[Value]]>MiscData!Q4,MiscData!U4,experiment078[[#This Row],[Value]]<MiscData!R4,MiscData!U5,MiscData!U3)} -> Not Configured | D33: =MiscData!Q4 -> 22 | E33: =MiscData!R4 -> 8
A34: Loops | B34: 5 | C34: {=_xlfn.SWITCH(B6,"Loops",MiscData!U6,MiscData!U14)} -> Not used
A35: Type | B35: Frequency | C35: {=_xlfn.SWITCH($B$6,"Sweep",MiscData!U7,MiscData!$U$14)} -> Select Type: Frequency or Voltage
A36: Domain | B36: CFC | C36: {=_xlfn.SWITCH($B$6,"Sweep",MiscData!U8,MiscData!$U$14)} -> Select domain: IA or CFC
A37: Start | B37: 8 | C37: {=_xlfn.SWITCH($B$6,"Sweep",MiscData!U9,MiscData!$U$14)} -> Start point of Sweep. Consider above limits for CFC / IA
A38: End | B38: 22 | C38: {=_xlfn.SWITCH($B$6,"Sweep",MiscData!U10,MiscData!$U$14)} -> End point of Sweep. Consider above limits for CFC / IA
A39: Steps | B39: 4 | C39: {=_xlfn.SWITCH($B$6,"Sweep",MiscData!U11,MiscData!$U$14)} -> Size of each step
A40: ShmooFile | B40: C:\SystemDebug\Shmoos\RVPShmooConfig.json | C40: {=_xlfn.SWITCH($B$6,"Shmoo",MiscData!U12,MiscData!$U$14)} -> Not used
A41: ShmooLabel | B41: COREFIX | C41: {=_xlfn.SWITCH($B$6,"Shmoo",MiscData!U13,MiscData!$U$14)} -> Not used
A42: Linux Pre Command | C42: Optional -- Linux Shell Command or script to be used before running Content | D42: Linux
A43: Linux Post Command | C43: Optional -- Linux Shell Command or script to be used after running Content
A44: Linux Pass String | C44: Optional -- Linux Pass string if empty will use global fail string
A45: Linux Fail String | C45: Optional -- Linux Fail string if empty will use global pass string
A46: Startup Linux | C46: Optional -- Script to start linux from EFI -- usually bootlinux.nsh or startup_linux.nsh
A47: Linux Path | C47: Optional -- Linux Path to content
A48: Linux Content Wait Time | C48: Optional -- Wait Time for Content
A49: Linux Content Line 0 | C49: Content Command Line [ up to 10 can be set add more lines if required]
A50: Linux Content Line 1 | C50: Optional -- Content Command Line [ up to 10 can be set add more lines if required]
A51: Dragon Pre Command | C51: Optional -- EFI Shell Command or script to be used before running Content | D51: Dragon
A52: Dragon Post Command | C52: Optional -- EFI Shell Command or script to be used after running Content
A53: Startup Dragon | B53: startup_efi.nsh | C53: Optional -- Script with preset conditions for the content [ex. ReserveMemory]
A54: ULX Path | B54: FS1:\EFI\ulx | C54: ULX -- Path to script
A55: ULX CPU | B55: GNR_B0 | C55: ULX -- CPU to be used [GNR_B0, CWF]
A56: Product Chop | B56: GNR | C56: ULX -- Specify Product
A57: VVAR0 | B57: 0x4C4B40 | C57: VVAR -- Test Runtime [ex. 3 sec = 3,000,000 us = 0x2DC6C0]
A58: VVAR1 | B58: 80064000 | C58: VVAR -- 32-bit fixed point value to scale VV[0x00] -- Use 80064000 for System
A59: VVAR2 | B59: 0x1000000 | C59: VVAR -- Thread Count VVAR -- Mesh Content use: 0x1000000 -- Slice Content Use: GNR = 0x1000002, CWF = 0x1000004
A60: VVAR3 | B60: 0x4000000 | C60: VVAR -- Debug Flags -- Check: https://wiki.ith.intel.com/spaces/MPV/pages/1206292923/Dragon+VVDEBUG+Decoder
A61: VVAR_EXTRA | C61: Optional -- Additional VVAR Parameters
A62: Dragon Content Path | B62: FS1:\content\Dragon\7410_0x0E_PPV_MegaMem\GNR128C_H_1UP\ | C62: Path to Content
A63: Dragon Content Line | C63: Optional -- Filters to content, add them sepparated by comma
A64: Stop on Fail | B64: TRUE | C64: Defines if run regression will stop after first fail
A65: Merlin Name | B65: MerlinX.efi | C65: MERLIN -- Name of the Merlin file
A66: Merlin Drive | B66: FS1: | C66: MERLIN -- Drive where Merlin is located
A67: Merlin Path | B67: FS1:\EFI\Version8.15\BinFiles\Release | C67: MERLIN -- Path to Merlin Files

Sheet IA_Voltage
A1: Test Configuration | C1: Field Notes
A2: Field | B2: Value
A3: Experiment | B3: Enabled | C3: {=_xlfn.SWITCH(experiment0712[[#This Row],[Value]],"Disabled","Experiment disabled will not run", " Experiment recipe enabled")} -> Experiment recipe enabled
A4: Test Name | B4: IAVoltage | C4: Name of Test to be executed
A5: Test Mode | B5: Mesh | C5: Test Mode: Slice or Mesh
A6: Test Type | B6: Sweep | C6: Type of test: Loops, Sweep or Shmoo
A7: Visual ID | B7: TestUnitData | C7: Unit Visual ID
A8: Bucket | B8: IDIPAR | C8: Unit Assigned Bucket
A9: COM Port | B9: 11 | C9: Serial Port to communicate to MB
A10: IP Address | B10: 10.250.0.2 | C10: IP Address to communicate to MB
A11: TTL Folder | B11: S:\GNR\RVP\TTLs\TTL_DragonMesh | C11: Teraterm TTL Macros Folder Location with Commands.ttl and Connect.ttl files
A12: Scripts File | C12: Script File to be loaded before Test Execution
A13: Post Process | C13: Script File to be loaded after Test Execution
A14: Pass String | B14: Test Complete | C14: Lookup String for a Pass Condition of the Test
A15: Fail String | B15: Test Failed | C15: Lookup String for a Fail Condition of the Test
A16: Content | B16: Dragon | C16: Select your content: Linux | Dragon | PYSConsole (Custom Python Script)
A17: Test Number | B17: 11 | C17: First Number to be assigned to your test iteration
A18: Test Time | B18: 30 | C18: Wait time to be used for watchdog monitoring of console, in case unit is hang or failed during execution
A19: Reset | B19: TRUE | C19: Reset Unit before Starting first experiment
A20: Reset on PASS | B20: TRUE | C20: Reset Unit after each PASS
A21: FastBoot | B21: TRUE | C21: if Mesh Masking is selected, set this to False
A22: Core License | C22: Leave Blank if not used
A23: 600W Unit | B23: FALSE | C23: True or False
A24: Pseudo Config | B24: FALSE | C24: {=IF(MiscData!C1="AtomCore",MiscData!U14,_xlfn.SWITCH($B$5,"Slice",MiscData!U14,MiscData!U16))} -> Set if using Pseudo Mesh Content, to disable HT
A25: Configuration (Mask) | C25: =_xlfn.XLOOKUP(B5,MiscData!K3:K5,MiscData!L3:L5) -> Mesh Options: RowPass1, RowPass2, RowPass3, FirstPass, SecondPass, ThirdPass || Leave Blank if Full Chip
A26: Boot Breakpoint | C26: {=_xlfn.SWITCH(B16,"PYSVConsole",MiscData!U18,MiscData!U14)} -> Not used
A27: Disable 2 Cores | C27: =IF(MiscData!C1="AtomCore",MiscData!U17,MiscData!U14) -> Not used
A28: Check Core | B28: 36 | C28: Used in Mesh Mode to check an specific core data, such as voltage, frequency, license, dcf… If slice, this is set to the tested core. | D28: Limits
A29: Voltage Type | B29: vbump | C29: vbump or fixed | D29: MAX | E29: MIN
A30: Voltage IA | C30: {=_xlfn.SWITCH(B29,"vbump",_xlfn.SWITCH(TRUE,experiment0712[[#This Row],[Value]]="",MiscData!U15,experiment0712[[#This Row],[Value]]>MiscData!N3,MiscData!U4,experiment0712[[#This Row],[Value]]<MiscData!O3,MiscData!U5,MiscData!U3),"fixed",_xlfn.SWITCH(TRUE,experiment0712[[#This Row],[Value]]="",MiscData!U15,experiment0712[[#This Row],[Value]]>MiscData!N7,MiscData!U4,experiment0712[[#This Row],[Value]]<MiscData!O7,MiscData!U5,MiscData!U3),"")} -> Not Configured | D30: {=_xlfn.SWITCH(B$29,"vbump",MiscData!N3,"fixed",MiscData!N7,"")} -> 0.2 | E30: {=_xlfn.SWITCH(B$29,"vbump",MiscData!O3,"fixed",MiscData!O7,"")} -> -0.2
A31: Voltage CFC | C31: {=_xlfn.SWITCH(B29,"vbump",_xlfn.SWITCH(TRUE,experiment0712[[#This Row],[Value]]="",MiscData!U15,experiment0712[[#This Row],[Value]]>MiscData!N4,MiscData!U4,experiment0712[[#This Row],[Value]]<MiscData!O4,MiscData!U5,MiscData!U3),"fixed",_xlfn.SWITCH(TRUE,experiment0712[[#This Row],[Value]]="",MiscData!U15,experiment0712[[#This Row],[Value]]>MiscData!N8,MiscData!U4,experiment0712[[#This Row],[Value]]<MiscData!O8,MiscData!U5,MiscData!U3),"")} -> Not Configured | D31: {=_xlfn.SWITCH(B$29,"vbump",MiscData!N4,"fixed",MiscData!N8,"")} -> 0.2 | E31: {=_xlfn.SWITCH(B$29,"vbump",MiscData!O4,"fixed",MiscData!O8,"")} -> -0.2
A32: Frequency IA | C32: {=_xlfn.SWITCH(TRUE,experiment0712[[#This Row],[Value]]="",MiscData!U15,experiment0712[[#This Row],[Value]]>MiscData!Q3,MiscData!U4,experiment0712[[#This Row],[Value]]<MiscData!R3,MiscData!U5,MiscData!U3)} -> Not Configured | D32: =MiscData!Q3 -> 44 | E32: =MiscData!R3 -> 5
A33: Frequency CFC | C33: {=_xlfn.SWITCH(TRUE,experiment0712[[#This Row],[Value]]="",MiscData!U15,experiment0712[[#This Row],[Value]]>MiscData!Q4,MiscData!U4,experiment0712[[#This Row],[Value]]<MiscData!R4,MiscData!U5,MiscData!U3)} -> Not Configured | D33: =MiscData!Q4 -> 22 | E33: =MiscData!R4 -> 8
A34: Loops | B34: 5 | C34: {=_xlfn.SWITCH(B6,"Loops",MiscData!U6,MiscData!U14)} -> Not used
A35: Type | B35: Voltage | C35: {=_xlfn.SWITCH($B$6,"Sweep",MiscData!U7,MiscData!$U$14)} -> Select Type: Frequency or Voltage
A36: Domain | B36: IA | C36: {=_xlfn.SWITCH($B$6,"Sweep",MiscData!U8,MiscData!$U$14)} -> Select domain: IA or CFC
A37: Start | B37: 0.05 | C37: {=_xlfn.SWITCH($B$6,"Sweep",MiscData!U9,MiscData!$U$14)} -> Start point of Sweep. Consider above limits for CFC / IA
A38: End | B38: 0.2 | C38: {=_xlfn.SWITCH($B$6,"Sweep",MiscData!U10,MiscData!$U$14)} -> End point of Sweep. Consider above limits for CFC / IA
A39: Steps | B39: 0.05 | C39: {=_xlfn.SWITCH($B$6,"Sweep",MiscData!U11,MiscData!$U$14)} -> Size of each step
A40: ShmooFile | B40: C:\SystemDebug\Shmoos\RVPShmooConfig.json | C40: {=_xlfn.SWITCH($B$6,"Shmoo",MiscData!U12,MiscData!$U$14)} -> Not used
A41: ShmooLabel | B41: COREFIX | C41: {=_xlfn.SWITCH($B$6,"Shmoo",MiscData!U13,MiscData!$U$14)} -> Not used
A42: Linux Pre Command | C42: Optional -- Linux Shell Command or script to be used before running Content | D42: Linux
A43: Linux Post Command | C43: Optional -- Linux Shell Command or script to be used after running Content
A44: Linux Pass String | C44: Optional -- Linux Pass string if empty will use global fail string
A45: Linux Fail String | C45: Optional -- Linux Fail string if empty will use global pass string
A46: Startup Linux | C46: Optional -- Script to start linux from EFI -- usually bootlinux.nsh or startup_linux.nsh
A47: Linux Path | C47: Optional -- Linux Path to content
A48: Linux Content Wait Time | C48: Optional -- Wait Time for Content
A49: Linux Content Line 0 | C49: Content Command Line [ up to 10 can be set add more lines if required]
A50: Linux Content Line 1 | C50: Optional -- Content Command Line [ up to 10 can be set add more lines if required]
A51: Dragon Pre Command | C51: Optional -- EFI Shell Command or script to be used before running Content | D51: Dragon
A52: Dragon Post Command | C52: Optional -- EFI Shell Command or script to be used after running Content
A53: Startup Dragon | B53: startup_efi.nsh | C53: Optional -- Script with preset conditions for the content [ex. ReserveMemory]
A54: ULX Path | B54: FS1:\EFI\ulx | C54: ULX -- Path to script
A55: ULX CPU | B55: GNR_B0 | C55: ULX -- CPU to be used [GNR_B0, CWF]
A56: Product Chop | B56: GNR | C56: ULX -- Specify Product
A57: VVAR0 | B57: 0x4C4B40 | C57: VVAR -- Test Runtime [ex. 3 sec = 3,000,000 us = 0x2DC6C0]
A58: VVAR1 | B58: 80064000 | C58: VVAR -- 32-bit fixed point value to scale VV[0x00] -- Use 80064000 for System
A59: VVAR2 | B59: 0x1000000 | C59: VVAR -- Thread Count VVAR -- Mesh Content use: 0x1000000 -- Slice Content Use: GNR = 0x1000002, CWF = 0x1000004
A60: VVAR3 | B60: 0x4000000 | C60: VVAR -- Debug Flags -- Check: https://wiki.ith.intel.com/spaces/MPV/pages/1206292923/Dragon+VVDEBUG+Decoder
A61: VVAR_EXTRA | C61: Optional -- Additional VVAR Parameters
A62: Dragon Content Path | B62: FS1:\content\Dragon\7410_0x0E_PPV_MegaMem\GNR128C_H_1UP\ | C62: Path to Content
A63: Dragon Content Line | C63: Optional -- Filters to content, add them sepparated by comma
A64: Stop on Fail | B64: TRUE | C64: Defines if run regression will stop after first fail
A65: Merlin Name | B65: MerlinX.efi | C65: MERLIN -- Name of the Merlin file
A66: Merlin Drive | B66: FS1: | C66: MERLIN -- Drive where Merlin is located
A67: Merlin Path | B67: FS1:\EFI\Version8.15\BinFiles\Release | C67: MERLIN -- Path to Merlin Files

Sheet IA_Frequency LO
A1: Test Configuration | C1: Field Notes
A2: Field | B2: Value
A3: Experiment | B3: Enabled | C3: {=_xlfn.SWITCH(experiment07815[[#This Row],[Value]],"Disabled","Experiment disabled will not run", " Experiment recipe enabled")} -> Experiment recipe enabled
A4: Test Name | B4: IAFrequencyLO | C4: Name of Test to be executed
A5: Test Mode | B5: Mesh | C5: Test Mode: Slice or Mesh
A6: Test Type | B6: Sweep | C6: Type of test: Loops, Sweep or Shmoo
A7: Visual ID | B7: TestUnitData | C7: Unit Visual ID
A8: Bucket | B8: IDIPAR | C8: Unit Assigned Bucket
A9: COM Port | B9: 11 | C9: Serial Port to communicate to MB
A10: IP Address | B10: 10.250.0.2 | C10: IP Address to communicate to MB
A11: TTL Folder | B11: S:\GNR\RVP\TTLs\TTL_DragonMesh | C11: Teraterm TTL Macros Folder Location with Commands.ttl and Connect.ttl files
A12: Scripts File | C12: Script File to be loaded before Test Execution
A13: Post Process | C13: Script File to be loaded after Test Execution
A14: Pass String | B14: Test Complete | C14: Lookup String for a Pass Condition of the Test
A15: Fail String | B15: Test Failed | C15: Lookup String for a Fail Condition of the Test
A16: Content | B16: Dragon | C16: Select your content: Linux | Dragon | PYSConsole (Custom Python Script)
A17: Test Number | B17: 11 | C17: First Number to be assigned to your test iteration
A18: Test Time | B18: 30 | C18: Wait time to be used for watchdog monitoring of console, in case unit is hang or failed during execution
A19: Reset | B19: TRUE | C19: Reset Unit before Starting first experiment
A20: Reset on PASS | B20: TRUE | C20: Reset Unit after each PASS
A21: FastBoot | B21: TRUE | C21: if Mesh Masking is selected, set this to False
A22: Core License | C22: Leave Blank if not used
A23: 600W Unit | B23: FALSE | C23: True or False
A24: Pseudo Config | B24: FALSE | C24: {=IF(MiscData!C1="AtomCore",MiscData!U14,_xlfn.SWITCH($B$5,"Slice",MiscData!U14,MiscData!U16))} -> Set if using Pseudo Mesh Content, to disable HT
A25: Configuration (Mask) | C25: =_xlfn.XLOOKUP(B5,MiscData!K3:K5,MiscData!L3:L5) -> Mesh Options: RowPass1, RowPass2, RowPass3, FirstPass, SecondPass, ThirdPass || Leave Blank if Full Chip
A26: Boot Breakpoint | C26: {=_xlfn.SWITCH(B16,"PYSVConsole",MiscData!U18,MiscData!U14)} -> Not used
A27: Disable 2 Cores | C27: =IF(MiscData!C1="AtomCore",MiscData!U17,MiscData!U14) -> Not used
A28: Check Core | B28: 36 | C28: Used in Mesh Mode to check an specific core data, such as voltage, frequency, license, dcf… If slice, this is set to the tested core. | D28: Limits
A29: Voltage Type | B29: vbump | C29: vbump or fixed | D29: MAX | E29: MIN
A30: Voltage IA | C30: {=_xlfn.SWITCH(B29,"vbump",_xlfn.SWITCH(TRUE,experiment07815[[#This Row],[Value]]="",MiscData!U15,experiment07815[[#This Row],[Value]]>MiscData!N3,MiscData!U4,experiment07815[[#This Row],[Value]]<MiscData!O3,MiscData!U5,MiscData!U3),"fixed",_xlfn.SWITCH(TRUE,experiment07815[[#This Row],[Value]]="",MiscData!U15,experiment07815[[#This Row],[Value]]>MiscData!N7,MiscData!U4,experiment07815[[#This Row],[Value]]<MiscData!O7,MiscData!U5,MiscData!U3),"")} -> Not Configured | D30: {=_xlfn.SWITCH(B$29,"vbump",MiscData!N3,"fixed",MiscData!N7,"")} -> 0.2 | E30: {=_xlfn.SWITCH(B$29,"vbump",MiscData!O3,"fixed",MiscData!O7,"")} -> -0.2
A31: Voltage CFC | C31: {=_xlfn.SWITCH(B29,"vbump",_xlfn.SWITCH(TRUE,experiment07815[[#This Row],[Value]]="",MiscData!U15,experiment07815[[#This Row],[Value]]>MiscData!N4,MiscData!U4,experiment07815[[#This Row],[Value]]<MiscData!O4,MiscData!U5,MiscData!U3),"fixed",_xlfn.SWITCH(TRUE,experiment07815[[#This Row],[Value]]="",MiscData!U15,experiment07815[[#This Row],[Value]]>MiscData!N8,MiscData!U4,experiment07815[[#This Row],[Value]]<MiscData!O8,MiscData!U5,MiscData!U3),"")} -> Not Configured | D31: {=_xlfn.SWITCH(B$29,"vbump",MiscData!N4,"fixed",MiscData!N8,"")} -> 0.2 | E31: {=_xlfn.SWITCH(B$29,"vbump",MiscData!O4,"fixed",MiscData!O8,"")} -> -0.2
A32: Frequency IA | C32: {=_xlfn.SWITCH(TRUE,experiment07815[[#This Row],[Value]]="",MiscData!U15,experiment07815[[#This Row],[Value]]>MiscData!Q3,MiscData!U4,experiment07815[[#This Row],[Value]]<MiscData!R3,MiscData!U5,MiscData!U3)} -> Not Configured | D32: =MiscData!Q3 -> 44 | E32: =MiscData!R3 -> 5
A33: Frequency CFC | C33: {=_xlfn.SWITCH(TRUE,experiment07815[[#This Row],[Value]]="",MiscData!U15,experiment07815[[#This Row],[Value]]>MiscData!Q4,MiscData!U4,experiment07815[[#This Row],[Value]]<MiscData!R4,MiscData!U5,MiscData!U3)} -> Not Configured | D33: =MiscData!Q4 -> 22 | E33: =MiscData!R4 -> 8
A34: Loops | B34: 5 | C34: {=_xlfn.SWITCH(B6,"Loops",MiscData!U6,MiscData!U14)} -> Not used
A35: Type | B35: Frequency | C35: {=_xlfn.SWITCH($B$6,"Sweep",MiscData!U7,MiscData!$U$14)} -> Select Type: Frequency or Voltage
A36: Domain | B36: IA | C36: {=_xlfn.SWITCH($B$6,"Sweep",MiscData!U8,MiscData!$U$14)} -> Select domain: IA or CFC
A37: Start | B37: 8 | C37: {=_xlfn.SWITCH($B$6,"Sweep",MiscData!U9,MiscData!$U$14)} -> Start point of Sweep. Consider above limits for CFC / IA
A38: End | B38: 32 | C38: {=_xlfn.SWITCH($B$6,"Sweep",MiscData!U10,MiscData!$U$14)} -> End point of Sweep. Consider above limits for CFC / IA
A39: Steps | B39: 4 | C39: {=_xlfn.SWITCH($B$6,"Sweep",MiscData!U11,MiscData!$U$14)} -> Size of each step
A40: ShmooFile | B40: C:\SystemDebug\Shmoos\RVPShmooConfig.json | C40: {=_xlfn.SWITCH($B$6,"Shmoo",MiscData!U12,MiscData!$U$14)} -> Not used
A41: ShmooLabel | B41: COREFIX | C41: {=_xlfn.SWITCH($B$6,"Shmoo",MiscData!U13,MiscData!$U$14)} -> Not used
A42: Linux Pre Command | C42: Optional -- Linux Shell Command or script to be used before running Content | D42: Linux
A43: Linux Post Command | C43: Optional -- Linux Shell Command or script to be used after running Content
A44: Linux Pass String | C44: Optional -- Linux Pass string if empty will use global fail string
A45: Linux Fail String | C45: Optional -- Linux Fail string if empty will use global pass string
A46: Startup Linux | C46: Optional -- Script to start linux from EFI -- usually bootlinux.nsh or startup_linux.nsh
A47: Linux Path | C47: Optional -- Linux Path to content
A48: Linux Content Wait Time | C48: Optional -- Wait Time for Content
A49: Linux Content Line 0 | C49: Content Command Line [ up to 10 can be set add more lines if required]
A50: Linux Content Line 1 | C50: Optional -- Content Command Line [ up to 10 can be set add more lines if required]
A51: Dragon Pre Command | C51: Optional -- EFI Shell Command or script to be used before running Content | D51: Dragon
A52: Dragon Post Command | C52: Optional -- EFI Shell Command or script to be used after running Content
A53: Startup Dragon | B53: startup_efi.nsh | C53: Optional -- Script with preset conditions for the content [ex. ReserveMemory]
A54: ULX Path | B54: FS1:\EFI\ulx | C54: ULX -- Path to script
A55: ULX CPU | B55: GNR_B0 | C55: ULX -- CPU to be used [GNR_B0, CWF]
A56: Product Chop | B56: GNR | C56: ULX -- Specify Product
A57: VVAR0 | B57: 0x4C4B40 | C57: VVAR -- Test Runtime [ex. 3 sec = 3,000,000 us = 0x2DC6C0]
A58: VVAR1 | B58: 80064000 | C58: VVAR -- 32-bit fixed point value to scale VV[0x00] -- Use 80064000 for System
A59: VVAR2 | B59: 0x1000000 | C59: VVAR -- Thread Count VVAR -- Mesh Content use: 0x1000000 -- Slice Content Use: GNR = 0x1000002, CWF = 0x1000004
A60: VVAR3 | B60: 0x4000000 | C60: VVAR -- Debug Flags -- Check: https://wiki.ith.intel.com/spaces/MPV/pages/1206292923/Dragon+VVDEBUG+Decoder
A61: VVAR_EXTRA | C61: Optional -- Additional VVAR Parameters
A62: Dragon Content Path | B62: FS1:\content\Dragon\7410_0x0E_PPV_MegaMem\GNR128C_H_1UP\ | C62: Path to Content
A63: Dragon Content Line | C63: Optional -- Filters to content, add them sepparated by comma
A64: Stop on Fail | B64: TRUE | C64: Defines if run regression will stop after first fail
A65: Merlin Name | B65: MerlinX.efi | C65: MERLIN -- Name of the Merlin file
A66: Merlin Drive | B66: FS1: | C66: MERLIN -- Drive where Merlin is located
A67: Merlin Path | B67: FS1:\EFI\Version8.15\BinFiles\Release | C67: MERLIN -- Path to Merlin Files

Sheet IA_Frequency HI
A1: Test Configuration | C1: Field Notes
A2: Field | B2: Value
A3: Experiment | B3: Enabled | C3: {=_xlfn.SWITCH(experiment0781518[[#This Row],[Value]],"Disabled","Experiment disabled will not run", " Experiment recipe enabled")} -> Experiment recipe enabled
A4: Test Name | B4: IAFrequencyHI | C4: Name of Test to be executed
A5: Test Mode | B5: Mesh | C5: Test Mode: Slice or Mesh
A6: Test Type | B6: Sweep | C6: Type of test: Loops, Sweep or Shmoo
A7: Visual ID | B7: TestUnitData | C7: Unit Visual ID
A8: Bucket | B8: IDIPAR | C8: Unit Assigned Bucket
A9: COM Port | B9: 11 | C9: Serial Port to communicate to MB
A10: IP Address | B10: 10.250.0.2 | C10: IP Address to communicate to MB
A11: TTL Folder | B11: S:\GNR\RVP\TTLs\TTL_DragonMesh | C11: Teraterm TTL Macros Folder Location with Commands.ttl and Connect.ttl files
A12: Scripts File | C12: Script File to be loaded before Test Execution
A13: Post Process | C13: Script File to be loaded after Test Execution
A14: Pass String | B14: Test Complete | C14: Lookup String for a Pass Condition of the Test
A15: Fail String | B15: Test Failed | C15: Lookup String for a Fail Condition of the Test
A16: Content | B16: Dragon | C16: Select your content: Linux | Dragon | PYSConsole (Custom Python Script)
A17: Test Number | B17: 11 | C17: First Number to be assigned to your test iteration
A18: Test Time | B18: 30 | C18: Wait time to be used for watchdog monitoring of console, in case unit is hang or failed during execution
A19: Reset | B19: TRUE | C19: Reset Unit before Starting first experiment
A20: Reset on PASS | B20: TRUE | C20: Reset Unit after each PASS
A21: FastBoot | B21: FALSE | C21: if Mesh Masking is selected, set this to False
A22: Core License | C22: Leave Blank if not used
A23: 600W Unit | B23: FALSE | C23: True or False
A24: Pseudo Config | B24: FALSE | C24: {=IF(MiscData!C1="AtomCore",MiscData!U14,_xlfn.SWITCH($B$5,"Slice",MiscData!U14,MiscData!U16))} -> Set if using Pseudo Mesh Content, to disable HT
A25: Configuration (Mask) | B25: FirstPass | C25: =_xlfn.XLOOKUP(B5,MiscData!K3:K5,MiscData!L3:L5) -> Mesh Options: RowPass1, RowPass2, RowPass3, FirstPass, SecondPass, ThirdPass || Leave Blank if Full Chip
A26: Boot Breakpoint | C26: {=_xlfn.SWITCH(B16,"PYSVConsole",MiscData!U18,MiscData!U14)} -> Not used
A27: Disable 2 Cores | C27: =IF(MiscData!C1="AtomCore",MiscData!U17,MiscData!U14) -> Not used
A28: Check Core | B28: 36 | C28: Used in Mesh Mode to check an specific core data, such as voltage, frequency, license, dcf… If slice, this is set to the tested core. | D28: Limits
A29: Voltage Type | B29: vbump | C29: vbump or fixed | D29: MAX | E29: MIN
A30: Voltage IA | C30: {=_xlfn.SWITCH(B29,"vbump",_xlfn.SWITCH(TRUE,experiment0781518[[#This Row],[Value]]="",MiscData!U15,experiment0781518[[#This Row],[Value]]>MiscData!N3,MiscData!U4,experiment0781518[[#This Row],[Value]]<MiscData!O3,MiscData!U5,MiscData!U3),"fixed",_xlfn.SWITCH(TRUE,experiment0781518[[#This Row],[Value]]="",MiscData!U15,experiment0781518[[#This Row],[Value]]>MiscData!N7,MiscData!U4,experiment0781518[[#This Row],[Value]]<MiscData!O7,MiscData!U5,MiscData!U3),"")} -> Not Configured | D30: {=_xlfn.SWITCH(B$29,"vbump",MiscData!N3,"fixed",MiscData!N7,"")} -> 0.2 | E30: {=_xlfn.SWITCH(B$29,"vbump",MiscData!O3,"fixed",MiscData!O7,"")} -> -0.2
A31: Voltage CFC | C31: {=_xlfn.SWITCH(B29,"vbump",_xlfn.SWITCH(TRUE,experiment0781518[[#This Row],[Value]]="",MiscData!U15,experiment0781518[[#This Row],[Value]]>MiscData!N4,MiscData!U4,experiment0781518[[#This Row],[Value]]<MiscData!O4,MiscData!U5,MiscData!U3),"fixed",_xlfn.SWITCH(TRUE,experiment0781518[[#This Row],[Value]]="",MiscData!U15,experiment0781518[[#This Row],[Value]]>MiscData!N8,MiscData!U4,experiment0781518[[#This Row],[Value]]<MiscData!O8,MiscData!U5,MiscData!U3),"")} -> Not Configured | D31: {=_xlfn.SWITCH(B$29,"vbump",MiscData!N4,"fixed",MiscData!N8,"")} -> 0.2 | E31: {=_xlfn.SWITCH(B$29,"vbump",MiscData!O4,"fixed",MiscData!O8,"")} -> -0.2
A32: Frequency IA | C32: {=_xlfn.SWITCH(TRUE,experiment0781518[[#This Row],[Value]]="",MiscData!U15,experiment0781518[[#This Row],[Value]]>MiscData!Q3,MiscData!U4,experiment0781518[[#This Row],[Value]]<MiscData!R3,MiscData!U5,MiscData!U3)} -> Not Configured | D32: =MiscData!Q3 -> 44 | E32: =MiscData!R3 -> 5
A33: Frequency CFC | C33: {=_xlfn.SWITCH(TRUE,experiment0781518[[#This Row],[Value]]="",MiscData!U15,experiment0781518[[#This Row],[Value]]>MiscData!Q4,MiscData!U4,experiment0781518[[#This Row],[Value]]<MiscData!R4,MiscData!U5,MiscData!U3)} -> Not Configured | D33: =MiscData!Q4 -> 22 | E33: =MiscData!R4 -> 8
A34: Loops | B34: 5 | C34: {=_xlfn.SWITCH(B6,"Loops",MiscData!U6,MiscData!U14)} -> Not used
A35: Type | B35: Frequency | C35: {=_xlfn.SWITCH($B$6,"Sweep",MiscData!U7,MiscData!$U$14)} -> Select Type: Frequency or Voltage
A36: Domain | B36: IA | C36: {=_xlfn.SWITCH($B$6,"Sweep",MiscData!U8,MiscData!$U$14)} -> Select domain: IA or CFC
A37: Start | B37: 36 | C37: {=_xlfn.SWITCH($B$6,"Sweep",MiscData!U9,MiscData!$U$14)} -> Start point of Sweep. Consider above limits for CFC / IA
A38: End | B38: 40 | C38: {=_xlfn.SWITCH($B$6,"Sweep",MiscData!U10,MiscData!$U$14)} -> End point of Sweep. Consider above limits for CFC / IA
A39: Steps | B39: 4 | C39: {=_xlfn.SWITCH($B$6,"Sweep",MiscData!U11,MiscData!$U$14)} -> Size of each step
A40: ShmooFile | B40: C:\SystemDebug\Shmoos\RVPShmooConfig.json | C40: {=_xlfn.SWITCH($B$6,"Shmoo",MiscData!U12,MiscData!$U$14)} -> Not used
A41: ShmooLabel | B41: COREFIX | C41: {=_xlfn.SWITCH($B$6,"Shmoo",MiscData!U13,MiscData!$U$14)} -> Not used
A42: Linux Pre Command | C42: Optional -- Linux Shell Command or script to be used before running Content | D42: Linux
A43: Linux Post Command | C43: Optional -- Linux Shell Command or script to be used after running Content
A44: Linux Pass String | C44: Optional -- Linux Pass string if empty will use global fail string
A45: Linux Fail String | C45: Optional -- Linux Fail string if empty will use global pass string
A46: Startup Linux | C46: Optional -- Script to start linux from EFI -- usually bootlinux.nsh or startup_linux.nsh
A47: Linux Path | C47: Optional -- Linux Path to content
A48: Linux Content Wait Time | C48: Optional -- Wait Time for Content
A49: Linux Content Line 0 | C49: Content Command Line [ up to 10 can be set add more lines if required]
A50: Linux Content Line 1 | C50: Optional -- Content Command Line [ up to 10 can be set add more lines if required]
A51: Dragon Pre Command | C51: Optional -- EFI Shell Command or script to be used before running Content | D51: Dragon
A52: Dragon Post Command | C52: Optional -- EFI Shell Command or script to be used after running Content
A53: Startup Dragon | B53: startup_efi.nsh | C53: Optional -- Script with preset conditions for the content [ex. ReserveMemory]
A54: ULX Path | B54: FS1:\EFI\ulx | C54: ULX -- Path to script
A55: ULX CPU | B55: GNR_B0 | C55: ULX -- CPU to be used [GNR_B0, CWF]
A56: Product Chop | B56: GNR | C56: ULX -- Specify Product
A57: VVAR0 | B57: 0x4C4B40 | C57: VVAR -- Test Runtime [ex. 3 sec = 3,000,000 us = 0x2DC6C0]
A58: VVAR1 | B58: 80064000 | C58: VVAR -- 32-bit fixed point value to scale VV[0x00] -- Use 80064000 for System
A59: VVAR2 | B59: 0x1000000 | C59: VVAR -- Thread Count VVAR -- Mesh Content use: 0x1000000 -- Slice Content Use: GNR = 0x1000002, CWF = 0x1000004
A60: VVAR3 | B60: 0x4000000 | C60: VVAR -- Debug Flags -- Check: https://wiki.ith.intel.com/spaces/MPV/pages/1206292923/Dragon+VVDEBUG+Decoder
A61: VVAR_EXTRA | C61: Optional -- Additional VVAR Parameters
A62: Dragon Content Path | B62: FS1:\content\Dragon\7410_0x0E_PPV_MegaMem\GNR128C_H_1UP\ | C62: Path to Content
A63: Dragon Content Line | C63: Optional -- Filters to content, add them sepparated by comma
A64: Stop on Fail | B64: TRUE | C64: Defines if run regression will stop after first fail
A65: Merlin Name | B65: MerlinX.efi | C65: MERLIN -- Name of the Merlin file
A66: Merlin Drive | B66: FS1: | C66: MERLIN -- Drive where Merlin is located
A67: Merlin Path | B67: FS1:\EFI\Version8.15\BinFiles\Release | C67: MERLIN -- Path to Merlin Files

Sheet TSL_3sBreadth
A1: Test Configuration | C1: Field Notes
A2: Field | B2: Value
A3: Experiment | B3: Enabled | C3: {=_xlfn.SWITCH(experiment013[[#This Row],[Value]],"Disabled","Experiment disabled will not run", " Experiment recipe enabled")} -> Experiment recipe enabled
A4: Test Name | B4: TSL3s_Breadth | C4: Name of Test to be executed
A5: Test Mode | B5: Mesh | C5: Test Mode: Slice or Mesh
A6: Test Type | B6: Loops | C6: Type of test: Loops, Sweep or Shmoo
A7: Visual ID | B7: 759Q17J500189 | C7: Unit Visual ID
A8: Bucket | B8: 3Strike | C8: Unit Assigned Bucket
A9: COM Port | B9: 8 | C9: Serial Port to communicate to MB
A10: IP Address | B10: 10.250.0.2 | C10: IP Address to communicate to MB
A11: TTL Folder | B11: Q:\DPM_Debug\GNR\Logs\3Strike\759Q17J500189\\TTL_Linux | C11: Teraterm TTL Macros Folder Location with Commands.ttl and Connect.ttl files
A12: Scripts File | C12: Script File to be loaded before Test Execution
A13: Post Process | C13: Script File to be loaded after Test Execution
A14: Pass String | B14: exit: pass | C14: Lookup String for a Pass Condition of the Test
A15: Fail String | B15: exit: fail | C15: Lookup String for a Fail Condition of the Test
A16: Content | B16: Linux | C16: Select your content: Linux | Dragon | PYSConsole (Custom Python Script)
A17: Test Number | B17: 9 | C17: First Number to be assigned to your test iteration
A18: Test Time | B18: 30 | C18: Wait time to be used for watchdog monitoring of console, in case unit is hang or failed during execution
A19: Reset | B19: TRUE | C19: Reset Unit before Starting first experiment
A20: Reset on PASS | B20: TRUE | C20: Reset Unit after each PASS
A21: FastBoot | B21: TRUE | C21: if Mesh Masking is selected, set this to False
A22: Core License | C22: Leave Blank if not used
A23: 600W Unit | B23: TRUE | C23: True or False
A24: Pseudo Config | B24: FALSE | C24: {=IF(MiscData!C1="AtomCore",MiscData!U14,_xlfn.SWITCH($B$5,"Slice",MiscData!U14,MiscData!U16))} -> Set if using Pseudo Mesh Content, to disable HT
A25: Configuration (Mask) | C25: =_xlfn.XLOOKUP(B5,MiscData!K3:K5,MiscData!L3:L5) -> Mesh Options: RowPass1, RowPass2, RowPass3, FirstPass, SecondPass, ThirdPass || Leave Blank if Full Chip
A26: Boot Breakpoint | C26: {=_xlfn.SWITCH(B16,"PYSVConsole",MiscData!U18,MiscData!U14)} -> Not used
A27: Disable 2 Cores | C27: =IF(MiscData!C1="AtomCore",MiscData!U17,MiscData!U14) -> Not used
A28: Check Core | B28: 36 | C28: Used in Mesh Mode to check an specific core data, such as voltage, frequency, license, dcf… If slice, this is set to the tested core. | D28: Limits
A29: Voltage Type | B29: vbump | C29: vbump or fixed | D29: MAX | E29: MIN
A30: Voltage IA | C30: {=_xlfn.SWITCH(B29,"vbump",_xlfn.SWITCH(TRUE,experiment013[[#This Row],[Value]]="",MiscData!U15,experiment013[[#This Row],[Value]]>MiscData!N3,MiscData!U4,experiment013[[#This Row],[Value]]<MiscData!O3,MiscData!U5,MiscData!U3),"fixed",_xlfn.SWITCH(TRUE,experiment013[[#This Row],[Value]]="",MiscData!U15,experiment013[[#This Row],[Value]]>MiscData!N7,MiscData!U4,experiment013[[#This Row],[Value]]<MiscData!O7,MiscData!U5,MiscData!U3),"")} -> Not Configured | D30: {=_xlfn.SWITCH(B$29,"vbump",MiscData!N3,"fixed",MiscData!N7,"")} -> 0.2 | E30: {=_xlfn.SWITCH(B$29,"vbump",MiscData!O3,"fixed",MiscData!O7,"")} -> -0.2
A31: Voltage CFC | C31: {=_xlfn.SWITCH(B29,"vbump",_xlfn.SWITCH(TRUE,experiment013[[#This Row],[Value]]="",MiscData!U15,experiment013[[#This Row],[Value]]>MiscData!N4,MiscData!U4,experiment013[[#This Row],[Value]]<MiscData!O4,MiscData!U5,MiscData!U3),"fixed",_xlfn.SWITCH(TRUE,experiment013[[#This Row],[Value]]="",MiscData!U15,experiment013[[#This Row],[Value]]>MiscData!N8,MiscData!U4,experiment013[[#This Row],[Value]]<MiscData!O8,MiscData!U5,MiscData!U3),"")} -> Not Configured | D31: {=_xlfn.SWITCH(B$29,"vbump",MiscData!N4,"fixed",MiscData!N8,"")} -> 0.2 | E31: {=_xlfn.SWITCH(B$29,"vbump",MiscData!O4,"fixed",MiscData!O8,"")} -> -0.2
A32: Frequency IA | C32: {=_xlfn.SWITCH(TRUE,experiment013[[#This Row],[Value]]="",MiscData!U15,experiment013[[#This Row],[Value]]>MiscData!Q3,MiscData!U4,experiment013[[#This Row],[Value]]<MiscData!R3,MiscData!U5,MiscData!U3)} -> Not Configured | D32: =MiscData!Q3 -> 44 | E32: =MiscData!R3 -> 5
A33: Frequency CFC | C33: {=_xlfn.SWITCH(TRUE,experiment013[[#This Row],[Value]]="",MiscData!U15,experiment013[[#This Row],[Value]]>MiscData!Q4,MiscData!U4,experiment013[[#This Row],[Value]]<MiscData!R4,MiscData!U5,MiscData!U3)} -> Not Configured | D33: =MiscData!Q4 -> 22 | E33: =MiscData!R4 -> 8
A34: Loops | B34: 5 | C34: {=_xlfn.SWITCH(B6,"Loops",MiscData!U6,MiscData!U14)} -> Number of Loops to run
A35: Type | B35: Voltage | C35: {=_xlfn.SWITCH($B$6,"Sweep",MiscData!U7,MiscData!$U$14)} -> Not used
A36: Domain | B36: IA | C36: {=_xlfn.SWITCH($B$6,"Sweep",MiscData!U8,MiscData!$U$14)} -> Not used
A37: Start | B37: -0.03 | C37: {=_xlfn.SWITCH($B$6,"Sweep",MiscData!U9,MiscData!$U$14)} -> Not used
A38: End | B38: 0.06 | C38: {=_xlfn.SWITCH($B$6,"Sweep",MiscData!U10,MiscData!$U$14)} -> Not used
A39: Steps | B39: 0.03 | C39: {=_xlfn.SWITCH($B$6,"Sweep",MiscData!U11,MiscData!$U$14)} -> Not used
A40: ShmooFile | B40: C:\SystemDebug\Shmoos\RVPShmooConfig.json | C40: {=_xlfn.SWITCH($B$6,"Shmoo",MiscData!U12,MiscData!$U$14)} -> Not used
A41: ShmooLabel | B41: COREFIX | C41: {=_xlfn.SWITCH($B$6,"Shmoo",MiscData!U13,MiscData!$U$14)} -> Not used
A42: Linux Pre Command | C42: Optional -- Linux Shell Command or script to be used before running Content | D42: Linux
A43: Linux Post Command | C43: Optional -- Linux Shell Command or script to be used after running Content
A44: Linux Pass String | C44: Optional -- Linux Pass string if empty will use global fail string
A45: Linux Fail String | C45: Optional -- Linux Fail string if empty will use global pass string
A46: Startup Linux | B46: startup_linux.nsh | C46: Optional -- Script to start linux from EFI -- usually bootlinux.nsh or startup_linux.nsh
A47: Linux Path | B47: cd /root/content/DPM/TSL | C47: Optional -- Linux Path to content
A48: Linux Content Wait Time | B48: 999999 | C48: Optional -- Wait Time for Content
A49: Linux Content Line 0 | B49: /root/content/LOS/TSL/bin/tslengine -F /root/content/DPM/TSL/GNR1C_breadth_HT.list -L 3000 -z U304_Breadth_3s.log -o -r 10 | C49: Content Command Line [ up to 10 can be set add more lines if required]
A50: Linux Content Line 1 | C50: Optional -- Content Command Line [ up to 10 can be set add more lines if required]
A51: Linux Content Line 2 | C51: Optional -- Content Command Line [ up to 10 can be set add more lines if required]
A52: Dragon Pre Command | C52: Optional -- EFI Shell Command or script to be used before running Content | D52: Dragon
A53: Dragon Post Command | C53: Optional -- EFI Shell Command or script to be used after running Content
A54: Startup Dragon | B54: startup_efi.nsh | C54: Optional -- Script with preset conditions for the content [ex. ReserveMemory]
A55: ULX Path | B55: FS1:\EFI\ulx | C55: ULX -- Path to script
A56: ULX CPU | B56: GNR_B0 | C56: ULX -- CPU to be used [GNR_B0, CWF]
A57: Product Chop | B57: GNR | C57: ULX -- Specify Product
A58: VVAR0 | B58: 0x4C4B40 | C58: VVAR -- Test Runtime [ex. 3 sec = 3,000,000 us = 0x2DC6C0]
A59: VVAR1 | B59: 80064000 | C59: VVAR -- 32-bit fixed point value to scale VV[0x00] -- Use 80064000 for System
A60: VVAR2 | B60: 0x1000000 | C60: VVAR -- Thread Count VVAR -- Mesh Content use: 0x1000000 -- Slice Content Use: GNR = 0x1000002, CWF = 0x1000004
A61: VVAR3 | B61: 0x4000000 | C61: VVAR -- Debug Flags -- Check: https://wiki.ith.intel.com/spaces/MPV/pages/1206292923/Dragon+VVDEBUG+Decoder
A62: VVAR_EXTRA | C62: Optional -- Additional VVAR Parameters
A63: Dragon Content Path | B63: FS1:\content\Dragon\7410_0x0E_PPV_MegaMem\GNR128C_H_1UP\ | C63: Path to Content
A64: Dragon Content Line | C64: Optional -- Filters to content, add them sepparated by comma
A65: Stop on Fail | B65: TRUE | C65: Defines if run regression will stop after first fail
A66: Merlin Name | B66: MerlinX.efi | C66: MERLIN -- Name of the Merlin file
A67: Merlin Drive | B67: FS1: | C67: MERLIN -- Drive where Merlin is located
A68: Merlin Path | B68: FS1:\EFI\Version8.15\BinFiles\Release | C68: MERLIN -- Path to Merlin Files

Sheet TSL_1sBreadth
A1: Test Configuration | C1: Field Notes
A2: Field | B2: Value
A3: Experiment | B3: Enabled | C3: {=_xlfn.SWITCH(experiment0139[[#This Row],[Value]],"Disabled","Experiment disabled will not run", " Experiment recipe enabled")} -> Experiment recipe enabled
A4: Test Name | B4: TSL1s_Breadth | C4: Name of Test to be executed
A5: Test Mode | B5: Mesh | C5: Test Mode: Slice or Mesh
A6: Test Type | B6: Loops | C6: Type of test: Loops, Sweep or Shmoo
A7: Visual ID | B7: 759Q17J500189 | C7: Unit Visual ID
A8: Bucket | B8: 3Strike | C8: Unit Assigned Bucket
A9: COM Port | B9: 8 | C9: Serial Port to communicate to MB
A10: IP Address | B10: 10.250.0.2 | C10: IP Address to communicate to MB
A11: TTL Folder | B11: Q:\DPM_Debug\GNR\Logs\3Strike\759Q17J500189\\TTL_Linux | C11: Teraterm TTL Macros Folder Location with Commands.ttl and Connect.ttl files
A12: Scripts File | C12: Script File to be loaded before Test Execution
A13: Post Process | C13: Script File to be loaded after Test Execution
A14: Pass String | B14: exit: pass | C14: Lookup String for a Pass Condition of the Test
A15: Fail String | B15: exit: fail | C15: Lookup String for a Fail Condition of the Test
A16: Content | B16: Linux | C16: Select your content: Linux | Dragon | PYSConsole (Custom Python Script)
A17: Test Number | B17: 9 | C17: First Number to be assigned to your test iteration
A18: Test Time | B18: 30 | C18: Wait time to be used for watchdog monitoring of console, in case unit is hang or failed during execution
A19: Reset | B19: TRUE | C19: Reset Unit before Starting first experiment
A20: Reset on PASS | B20: TRUE | C20: Reset Unit after each PASS
A21: FastBoot | B21: TRUE | C21: if Mesh Masking is selected, set this to False
A22: Core License | C22: Leave Blank if not used
A23: 600W Unit | B23: TRUE | C23: True or False
A24: Pseudo Config | B24: FALSE | C24: {=IF(MiscData!C1="AtomCore",MiscData!U14,_xlfn.SWITCH($B$5,"Slice",MiscData!U14,MiscData!U16))} -> Set if using Pseudo Mesh Content, to disable HT
A25: Configuration (Mask) | C25: =_xlfn.XLOOKUP(B5,MiscData!K3:K5,MiscData!L3:L5) -> Mesh Options: RowPass1, RowPass2, RowPass3, FirstPass, SecondPass, ThirdPass || Leave Blank if Full Chip
A26: Boot Breakpoint | C26: {=_xlfn.SWITCH(B16,"PYSVConsole",MiscData!U18,MiscData!U14)} -> Not used
A27: Disable 2 Cores | C27: =IF(MiscData!C1="AtomCore",MiscData!U17,MiscData!U14) -> Not used
A28: Check Core | B28: 36 | C28: Used in Mesh Mode to check an specific core data, such as voltage, frequency, license, dcf… If slice, this is set to the tested core. | D28: Limits
A29: Voltage Type | B29: vbump | C29: vbump or fixed | D29: MAX | E29: MIN
A30: Voltage IA | C30: {=_xlfn.SWITCH(B29,"vbump",_xlfn.SWITCH(TRUE,experiment0139[[#This Row],[Value]]="",MiscData!U15,experiment0139[[#This Row],[Value]]>MiscData!N3,MiscData!U4,experiment0139[[#This Row],[Value]]<MiscData!O3,MiscData!U5,MiscData!U3),"fixed",_xlfn.SWITCH(TRUE,experiment0139[[#This Row],[Value]]="",MiscData!U15,experiment0139[[#This Row],[Value]]>MiscData!N7,MiscData!U4,experiment0139[[#This Row],[Value]]<MiscData!O7,MiscData!U5,MiscData!U3),"")} -> Not Configured | D30: {=_xlfn.SWITCH(B$29,"vbump",MiscData!N3,"fixed",MiscData!N7,"")} -> 0.2 | E30: {=_xlfn.SWITCH(B$29,"vbump",MiscData!O3,"fixed",MiscData!O7,"")} -> -0.2
A31: Voltage CFC | C31: {=_xlfn.SWITCH(B29,"vbump",_xlfn.SWITCH(TRUE,experiment0139[[#This Row],[Value]]="",MiscData!U15,experiment0139[[#This Row],[Value]]>MiscData!N4,MiscData!U4,experiment0139[[#This Row],[Value]]<MiscData!O4,MiscData!U5,MiscData!U3),"fixed",_xlfn.SWITCH(TRUE,experiment0139[[#This Row],[Value]]="",MiscData!U15,experiment0139[[#This Row],[Value]]>MiscData!N8,MiscData!U4,experiment0139[[#This Row],[Value]]<MiscData!O8,MiscData!U5,MiscData!U3),"")} -> Not Configured | D31: {=_xlfn.SWITCH(B$29,"vbump",MiscData!N4,"fixed",MiscData!N8,"")} -> 0.2 | E31: {=_xlfn.SWITCH(B$29,"vbump",MiscData!O4,"fixed",MiscData!O8,"")} -> -0.2
A32: Frequency IA | C32: {=_xlfn.SWITCH(TRUE,experiment0139[[#This Row],[Value]]="",MiscData!U15,experiment0139[[#This Row],[Value]]>MiscData!Q3,MiscData!U4,experiment0139[[#This Row],[Value]]<MiscData!R3,MiscData!U5,MiscData!U3)} -> Not Configured | D32: =MiscData!Q3 -> 44 | E32: =MiscData!R3 -> 5
A33: Frequency CFC | C33: {=_xlfn.SWITCH(TRUE,experiment0139[[#This Row],[Value]]="",MiscData!U15,experiment0139[[#This Row],[Value]]>MiscData!Q4,MiscData!U4,experiment0139[[#This Row],[Value]]<MiscData!R4,MiscData!U5,MiscData!U3)} -> Not Configured | D33: =MiscData!Q4 -> 22 | E33: =MiscData!R4 -> 8
A34: Loops | B34: 5 | C34: {=_xlfn.SWITCH(B6,"Loops",MiscData!U6,MiscData!U14)} -> Number of Loops to run
A35: Type | B35: Voltage | C35: {=_xlfn.SWITCH($B$6,"Sweep",MiscData!U7,MiscData!$U$14)} -> Not used
A36: Domain | B36: IA | C36: {=_xlfn.SWITCH($B$6,"Sweep",MiscData!U8,MiscData!$U$14)} -> Not used
A37: Start | B37: -0.03 | C37: {=_xlfn.SWITCH($B$6,"Sweep",MiscData!U9,MiscData!$U$14)} -> Not used
A38: End | B38: 0.06 | C38: {=_xlfn.SWITCH($B$6,"Sweep",MiscData!U10,MiscData!$U$14)} -> Not used
A39: Steps | B39: 0.03 | C39: {=_xlfn.SWITCH($B$6,"Sweep",MiscData!U11,MiscData!$U$14)} -> Not used
A40: ShmooFile | B40: C:\SystemDebug\Shmoos\RVPShmooConfig.json | C40: {=_xlfn.SWITCH($B$6,"Shmoo",MiscData!U12,MiscData!$U$14)} -> Not used
A41: ShmooLabel | B41: COREFIX | C41: {=_xlfn.SWITCH($B$6,"Shmoo",MiscData!U13,MiscData!$U$14)} -> Not used
A42: Linux Pre Command | C42: Optional -- Linux Shell Command or script to be used before running Content | D42: Linux
A43: Linux Post Command | C43: Optional -- Linux Shell Command or script to be used after running Content
A44: Linux Pass String | C44: Optional -- Linux Pass string if empty will use global fail string
A45: Linux Fail String | C45: Optional -- Linux Fail string if empty will use global pass string
A46: Startup Linux | B46: startup_linux.nsh | C46: Optional -- Script to start linux from EFI -- usually bootlinux.nsh or startup_linux.nsh
A47: Linux Path | B47: cd /root/content/DPM/TSL | C47: Optional -- Linux Path to content
A48: Linux Content Wait Time | B48: 999999 | C48: Optional -- Wait Time for Content
A49: Linux Content Line 0 | B49: /root/content/LOS/TSL/bin/tslengine -F /root/content/DPM/TSL/GNR1C_breadth_HT.list -L 1000 -z U304_Breadth_1s.log -o -r 10 | C49: Content Command Line [ up to 10 can be set add more lines if required]
A50: Linux Content Line 1 | C50: Optional -- Content Command Line [ up to 10 can be set add more lines if required]
A51: Linux Content Line 2 | C51: Optional -- Content Command Line [ up to 10 can be set add more lines if required]
A52: Dragon Pre Command | C52: Optional -- EFI Shell Command or script to be used before running Content | D52: Dragon
A53: Dragon Post Command | C53: Optional -- EFI Shell Command or script to be used after running Content
A54: Startup Dragon | B54: startup_efi.nsh | C54: Optional -- Script with preset conditions for the content [ex. ReserveMemory]
A55: ULX Path | B55: FS1:\EFI\ulx | C55: ULX -- Path to script
A56: ULX CPU | B56: GNR_B0 | C56: ULX -- CPU to be used [GNR_B0, CWF]
A57: Product Chop | B57: GNR | C57: ULX -- Specify Product
A58: VVAR0 | B58: 0x4C4B40 | C58: VVAR -- Test Runtime [ex. 3 sec = 3,000,000 us = 0x2DC6C0]
A59: VVAR1 | B59: 80064000 | C59: VVAR -- 32-bit fixed point value to scale VV[0x00] -- Use 80064000 for System
A60: VVAR2 | B60: 0x1000000 | C60: VVAR -- Thread Count VVAR -- Mesh Content use: 0x1000000 -- Slice Content Use: GNR = 0x1000002, CWF = 0x1000004
A61: VVAR3 | B61: 0x4000000 | C61: VVAR -- Debug Flags -- Check: https://wiki.ith.intel.com/spaces/MPV/pages/1206292923/Dragon+VVDEBUG+Decoder
A62: VVAR_EXTRA | C62: Optional -- Additional VVAR Parameters
A63: Dragon Content Path | B63: FS1:\content\Dragon\7410_0x0E_PPV_MegaMem\GNR128C_H_1UP\ | C63: Path to Content
A64: Dragon Content Line | C64: Optional -- Filters to content, add them sepparated by comma
A65: Stop on Fail | B65: TRUE | C65: Defines if run regression will stop after first fail
A66: Merlin Name | B66: MerlinX.efi | C66: MERLIN -- Name of the Merlin file
A67: Merlin Drive | B67: FS1: | C67: MERLIN -- Drive where Merlin is located
A68: Merlin Path | B68: FS1:\EFI\Version8.15\BinFiles\Release | C68: MERLIN -- Path to Merlin Files

Sheet TSL_500msBreadth
A1: Test Configuration | C1: Field Notes
A2: Field | B2: Value
A3: Experiment | B3: Enabled | C3: {=_xlfn.SWITCH(experiment013910[[#This Row],[Value]],"Disabled","Experiment disabled will not run", " Experiment recipe enabled")} -> Experiment recipe enabled
A4: Test Name | B4: TSL500ms_Breadth | C4: Name of Test to be executed
A5: Test Mode | B5: Mesh | C5: Test Mode: Slice or Mesh
A6: Test Type | B6: Loops | C6: Type of test: Loops, Sweep or Shmoo
A7: Visual ID | B7: 759Q17J500189 | C7: Unit Visual ID
A8: Bucket | B8: 3Strike | C8: Unit Assigned Bucket
A9: COM Port | B9: 8 | C9: Serial Port to communicate to MB
A10: IP Address | B10: 10.250.0.2 | C10: IP Address to communicate to MB
A11: TTL Folder | B11: Q:\DPM_Debug\GNR\Logs\3Strike\759Q17J500189\\TTL_Linux | C11: Teraterm TTL Macros Folder Location with Commands.ttl and Connect.ttl files
A12: Scripts File | C12: Script File to be loaded before Test Execution
A13: Post Process | C13: Script File to be loaded after Test Execution
A14: Pass String | B14: exit: pass | C14: Lookup String for a Pass Condition of the Test
A15: Fail String | B15: exit: fail | C15: Lookup String for a Fail Condition of the Test
A16: Content | B16: Linux | C16: Select your content: Linux | Dragon | PYSConsole (Custom Python Script)
A17: Test Number | B17: 9 | C17: First Number to be assigned to your test iteration
A18: Test Time | B18: 30 | C18: Wait time to be used for watchdog monitoring of console, in case unit is hang or failed during execution
A19: Reset | B19: TRUE | C19: Reset Unit before Starting first experiment
A20: Reset on PASS | B20: TRUE | C20: Reset Unit after each PASS
A21: FastBoot | B21: TRUE | C21: if Mesh Masking is selected, set this to False
A22: Core License | C22: Leave Blank if not used
A23: 600W Unit | B23: TRUE | C23: True or False
A24: Pseudo Config | B24: FALSE | C24: {=IF(MiscData!C1="AtomCore",MiscData!U14,_xlfn.SWITCH($B$5,"Slice",MiscData!U14,MiscData!U16))} -> Set if using Pseudo Mesh Content, to disable HT
A25: Configuration (Mask) | C25: =_xlfn.XLOOKUP(B5,MiscData!K3:K5,MiscData!L3:L5) -> Mesh Options: RowPass1, RowPass2, RowPass3, FirstPass, SecondPass, ThirdPass || Leave Blank if Full Chip
A26: Boot Breakpoint | C26: {=_xlfn.SWITCH(B16,"PYSVConsole",MiscData!U18,MiscData!U14)} -> Not used
A27: Disable 2 Cores | C27: =IF(MiscData!C1="AtomCore",MiscData!U17,MiscData!U14) -> Not used
A28: Check Core | B28: 36 | C28: Used in Mesh Mode to check an specific core data, such as voltage, frequency, license, dcf… If slice, this is set to the tested core. | D28: Limits
A29: Voltage Type | B29: vbump | C29: vbump or fixed | D29: MAX | E29: MIN
A30: Voltage IA | C30: {=_xlfn.SWITCH(B29,"vbump",_xlfn.SWITCH(TRUE,experiment013910[[#This Row],[Value]]="",MiscData!U15,experiment013910[[#This Row],[Value]]>MiscData!N3,MiscData!U4,experiment013910[[#This Row],[Value]]<MiscData!O3,MiscData!U5,MiscData!U3),"fixed",_xlfn.SWITCH(TRUE,experiment013910[[#This Row],[Value]]="",MiscData!U15,experiment013910[[#This Row],[Value]]>MiscData!N7,MiscData!U4,experiment013910[[#This Row],[Value]]<MiscData!O7,MiscData!U5,MiscData!U3),"")} -> Not Configured | D30: {=_xlfn.SWITCH(B$29,"vbump",MiscData!N3,"fixed",MiscData!N7,"")} -> 0.2 | E30: {=_xlfn.SWITCH(B$29,"vbump",MiscData!O3,"fixed",MiscData!O7,"")} -> -0.2
A31: Voltage CFC | C31: {=_xlfn.SWITCH(B29,"vbump",_xlfn.SWITCH(TRUE,experiment013910[[#This Row],[Value]]="",MiscData!U15,experiment013910[[#This Row],[Value]]>MiscData!N4,MiscData!U4,experiment013910[[#This Row],[Value]]<MiscData!O4,MiscData!U5,MiscData!U3),"fixed",_xlfn.SWITCH(TRUE,experiment013910[[#This Row],[Value]]="",MiscData!U15,experiment013910[[#This Row],[Value]]>MiscData!N8,MiscData!U4,experiment013910[[#This Row],[Value]]<MiscData!O8,MiscData!U5,MiscData!U3),"")} -> Not Configured | D31: {=_xlfn.SWITCH(B$29,"vbump",MiscData!N4,"fixed",MiscData!N8,"")} -> 0.2 | E31: {=_xlfn.SWITCH(B$29,"vbump",MiscData!O4,"fixed",MiscData!O8,"")} -> -0.2
A32: Frequency IA | C32: {=_xlfn.SWITCH(TRUE,experiment013910[[#This Row],[Value]]="",MiscData!U15,experiment013910[[#This Row],[Value]]>MiscData!Q3,MiscData!U4,experiment013910[[#This Row],[Value]]<MiscData!R3,MiscData!U5,MiscData!U3)} -> Not Configured | D32: =MiscData!Q3 -> 44 | E32: =MiscData!R3 -> 5
A33: Frequency CFC | C33: {=_xlfn.SWITCH(TRUE,experiment013910[[#This Row],[Value]]="",MiscData!U15,experiment013910[[#This Row],[Value]]>MiscData!Q4,MiscData!U4,experiment013910[[#This Row],[Value]]<MiscData!R4,MiscData!U5,MiscData!U3)} -> Not Configured | D33: =MiscData!Q4 -> 22 | E33: =MiscData!R4 -> 8
A34: Loops | B34: 5 | C34: {=_xlfn.SWITCH(B6,"Loops",MiscData!U6,MiscData!U14)} -> Number of Loops to run
A35: Type | B35: Voltage | C35: {=_xlfn.SWITCH($B$6,"Sweep",MiscData!U7,MiscData!$U$14)} -> Not used
A36: Domain | B36: IA | C36: {=_xlfn.SWITCH($B$6,"Sweep",MiscData!U8,MiscData!$U$14)} -> Not used
A37: Start | B37: -0.03 | C37: {=_xlfn.SWITCH($B$6,"Sweep",MiscData!U9,MiscData!$U$14)} -> Not used
A38: End | B38: 0.06 | C38: {=_xlfn.SWITCH($B$6,"Sweep",MiscData!U10,MiscData!$U$14)} -> Not used
A39: Steps | B39: 0.03 | C39: {=_xlfn.SWITCH($B$6,"Sweep",MiscData!U11,MiscData!$U$14)} -> Not used
A40: ShmooFile | B40: C:\SystemDebug\Shmoos\RVPShmooConfig.json | C40: {=_xlfn.SWITCH($B$6,"Shmoo",MiscData!U12,MiscData!$U$14)} -> Not used
A41: ShmooLabel | B41: COREFIX | C41: {=_xlfn.SWITCH($B$6,"Shmoo",MiscData!U13,MiscData!$U$14)} -> Not used
A42: Linux Pre Command | C42: Optional -- Linux Shell Command or script to be used before running Content | D42: Linux
A43: Linux Post Command | C43: Optional -- Linux Shell Command or script to be used after running Content
A44: Linux Pass String | C44: Optional -- Linux Pass string if empty will use global fail string
A45: Linux Fail String | C45: Optional -- Linux Fail string if empty will use global pass string
A46: Startup Linux | B46: startup_linux.nsh | C46: Optional -- Script to start linux from EFI -- usually bootlinux.nsh or startup_linux.nsh
A47: Linux Path | B47: cd /root/content/DPM/TSL | C47: Optional -- Linux Path to content
A48: Linux Content Wait Time | B48: 999999 | C48: Optional -- Wait Time for Content
A49: Linux Content Line 0 | B49: /root/content/LOS/TSL/bin/tslengine -F /root/content/DPM/TSL/GNR1C_breadth_HT.list -L 500 -z U304_Breadth_500ms.log -o -r 10 | C49: Content Command Line [ up to 10 can be set add more lines if required]
A50: Linux Content Line 1 | C50: Optional -- Content Command Line [ up to 10 can be set add more lines if required]
A51: Linux Content Line 2 | C51: Optional -- Content Command Line [ up to 10 can be set add more lines if required]
A52: Dragon Pre Command | C52: Optional -- EFI Shell Command or script to be used before running Content | D52: Dragon
A53: Dragon Post Command | C53: Optional -- EFI Shell Command or script to be used after running Content
A54: Startup Dragon | B54: startup_efi.nsh | C54: Optional -- Script with preset conditions for the content [ex. ReserveMemory]
A55: ULX Path | B55: FS1:\EFI\ulx | C55: ULX -- Path to script
A56: ULX CPU | B56: GNR_B0 | C56: ULX -- CPU to be used [GNR_B0, CWF]
A57: Product Chop | B57: GNR | C57: ULX -- Specify Product
A58: VVAR0 | B58: 0x4C4B40 | C58: VVAR -- Test Runtime [ex. 3 sec = 3,000,000 us = 0x2DC6C0]
A59: VVAR1 | B59: 80064000 | C59: VVAR -- 32-bit fixed point value to scale VV[0x00] -- Use 80064000 for System
A60: VVAR2 | B60: 0x1000000 | C60: VVAR -- Thread Count VVAR -- Mesh Content use: 0x1000000 -- Slice Content Use: GNR = 0x1000002, CWF = 0x1000004
A61: VVAR3 | B61: 0x4000000 | C61: VVAR -- Debug Flags -- Check: https://wiki.ith.intel.com/spaces/MPV/pages/1206292923/Dragon+VVDEBUG+Decoder
A62: VVAR_EXTRA | C62: Optional -- Additional VVAR Parameters
A63: Dragon Content Path | B63: FS1:\content\Dragon\7410_0x0E_PPV_MegaMem\GNR128C_H_1UP\ | C63: Path to Content
A64: Dragon Content Line | C64: Optional -- Filters to content, add them sepparated by comma
A65: Stop on Fail | B65: TRUE | C65: Defines if run regression will stop after first fail
A66: Merlin Name | B66: MerlinX.efi | C66: MERLIN -- Name of the Merlin file
A67: Merlin Drive | B67: FS1: | C67: MERLIN -- Drive where Merlin is located
A68: Merlin Path | B68: FS1:\EFI\Version8.15\BinFiles\Release | C68: MERLIN -- Path to Merlin Files

Sheet TSL_100msBreadth
A1: Test Configuration | C1: Field Notes
A2: Field | B2: Value
A3: Experiment | B3: Enabled | C3: {=_xlfn.SWITCH(experiment01391011[[#This Row],[Value]],"Disabled","Experiment disabled will not run", " Experiment recipe enabled")} -> Experiment recipe enabled
A4: Test Name | B4: TSL100ms_Breadth | C4: Name of Test to be executed
A5: Test Mode | B5: Mesh | C5: Test Mode: Slice or Mesh
A6: Test Type | B6: Loops | C6: Type of test: Loops, Sweep or Shmoo
A7: Visual ID | B7: 759Q17J500189 | C7: Unit Visual ID
A8: Bucket | B8: 3Strike | C8: Unit Assigned Bucket
A9: COM Port | B9: 8 | C9: Serial Port to communicate to MB
A10: IP Address | B10: 10.250.0.2 | C10: IP Address to communicate to MB
A11: TTL Folder | B11: Q:\DPM_Debug\GNR\Logs\3Strike\759Q17J500189\\TTL_Linux | C11: Teraterm TTL Macros Folder Location with Commands.ttl and Connect.ttl files
A12: Scripts File | C12: Script File to be loaded before Test Execution
A13: Post Process | C13: Script File to be loaded after Test Execution
A14: Pass String | B14: exit: pass | C14: Lookup String for a Pass Condition of the Test
A15: Fail String | B15: exit: fail | C15: Lookup String for a Fail Condition of the Test
A16: Content | B16: Linux | C16: Select your content: Linux | Dragon | PYSConsole (Custom Python Script)
A17: Test Number | B17: 9 | C17: First Number to be assigned to your test iteration
A18: Test Time | B18: 30 | C18: Wait time to be used for watchdog monitoring of console, in case unit is hang or failed during execution
A19: Reset | B19: TRUE | C19: Reset Unit before Starting first experiment
A20: Reset on PASS | B20: TRUE | C20: Reset Unit after each PASS
A21: FastBoot | B21: TRUE | C21: if Mesh Masking is selected, set this to False
A22: Core License | C22: Leave Blank if not used
A23: 600W Unit | B23: TRUE | C23: True or False
A24: Pseudo Config | B24: FALSE | C24: {=IF(MiscData!C1="AtomCore",MiscData!U14,_xlfn.SWITCH($B$5,"Slice",MiscData!U14,MiscData!U16))} -> Set if using Pseudo Mesh Content, to disable HT
A25: Configuration (Mask) | C25: =_xlfn.XLOOKUP(B5,MiscData!K3:K5,MiscData!L3:L5) -> Mesh Options: RowPass1, RowPass2, RowPass3, FirstPass, SecondPass, ThirdPass || Leave Blank if Full Chip
A26: Boot Breakpoint | C26: {=_xlfn.SWITCH(B16,"PYSVConsole",MiscData!U18,MiscData!U14)} -> Not used
A27: Disable 2 Cores | C27: =IF(MiscData!C1="AtomCore",MiscData!U17,MiscData!U14) -> Not used
A28: Check Core | B28: 36 | C28: Used in Mesh Mode to check an specific core data, such as voltage, frequency, license, dcf… If slice, this is set to the tested core. | D28: Limits
A29: Voltage Type | B29: vbump | C29: vbump or fixed | D29: MAX | E29: MIN
A30: Voltage IA | C30: {=_xlfn.SWITCH(B29,"vbump",_xlfn.SWITCH(TRUE,experiment01391011[[#This Row],[Value]]="",MiscData!U15,experiment01391011[[#This Row],[Value]]>MiscData!N3,MiscData!U4,experiment01391011[[#This Row],[Value]]<MiscData!O3,MiscData!U5,MiscData!U3),"fixed",_xlfn.SWITCH(TRUE,experiment01391011[[#This Row],[Value]]="",MiscData!U15,experiment01391011[[#This Row],[Value]]>MiscData!N7,MiscData!U4,experiment01391011[[#This Row],[Value]]<MiscData!O7,MiscData!U5,MiscData!U3),"")} -> Not Configured | D30: {=_xlfn.SWITCH(B$29,"vbump",MiscData!N3,"fixed",MiscData!N7,"")} -> 0.2 | E30: {=_xlfn.SWITCH(B$29,"vbump",MiscData!O3,"fixed",MiscData!O7,"")} -> -0.2
A31: Voltage CFC | C31: {=_xlfn.SWITCH(B29,"vbump",_xlfn.SWITCH(TRUE,experiment01391011[[#This Row],[Value]]="",MiscData!U15,experiment01391011[[#This Row],[Value]]>MiscData!N4,MiscData!U4,experiment01391011[[#This Row],[Value]]<MiscData!O4,MiscData!U5,MiscData!U3),"fixed",_xlfn.SWITCH(TRUE,experiment01391011[[#This Row],[Value]]="",MiscData!U15,experiment01391011[[#This Row],[Value]]>MiscData!N8,MiscData!U4,experiment01391011[[#This Row],[Value]]<MiscData!O8,MiscData!U5,MiscData!U3),"")} -> Not Configured | D31: {=_xlfn.SWITCH(B$29,"vbump",MiscData!N4,"fixed",MiscData!N8,"")} -> 0.2 | E31: {=_xlfn.SWITCH(B$29,"vbump",MiscData!O4,"fixed",MiscData!O8,"")} -> -0.2
A32: Frequency IA | C32: {=_xlfn.SWITCH(TRUE,experiment01391011[[#This Row],[Value]]="",MiscData!U15,experiment01391011[[#This Row],[Value]]>MiscData!Q3,MiscData!U4,experiment01391011[[#This Row],[Value]]<MiscData!R3,MiscData!U5,MiscData!U3)} -> Not Configured | D32: =MiscData!Q3 -> 44 | E32: =MiscData!R3 -> 5
A33: Frequency CFC | C33: {=_xlfn.SWITCH(TRUE,experiment01391011[[#This Row],[Value]]="",MiscData!U15,experiment01391011[[#This Row],[Value]]>MiscData!Q4,MiscData!U4,experiment01391011[[#This Row],[Value]]<MiscData!R4,MiscData!U5,MiscData!U3)} -> Not Configured | D33: =MiscData!Q4 -> 22 | E33: =MiscData!R4 -> 8
A34: Loops | B34: 5 | C34: {=_xlfn.SWITCH(B6,"Loops",MiscData!U6,MiscData!U14)} -> Number of Loops to run
A35: Type | B35: Voltage | C35: {=_xlfn.SWITCH($B$6,"Sweep",MiscData!U7,MiscData!$U$14)} -> Not used
A36: Domain | B36: IA | C36: {=_xlfn.SWITCH($B$6,"Sweep",MiscData!U8,MiscData!$U$14)} -> Not used
A37: Start | B37: -0.03 | C37: {=_xlfn.SWITCH($B$6,"Sweep",MiscData!U9,MiscData!$U$14)} -> Not used
A38: End | B38: 0.06 | C38: {=_xlfn.SWITCH($B$6,"Sweep",MiscData!U10,MiscData!$U$14)} -> Not used
A39: Steps | B39: 0.03 | C39: {=_xlfn.SWITCH($B$6,"Sweep",MiscData!U11,MiscData!$U$14)} -> Not used
A40: ShmooFile | B40: C:\SystemDebug\Shmoos\RVPShmooConfig.json | C40: {=_xlfn.SWITCH($B$6,"Shmoo",MiscData!U12,MiscData!$U$14)} -> Not used
A41: ShmooLabel | B41: COREFIX | C41: {=_xlfn.SWITCH($B$6,"Shmoo",MiscData!U13,MiscData!$U$14)} -> Not used
A42: Linux Pre Command | C42: Optional -- Linux Shell Command or script to be used before running Content | D42: Linux
A43: Linux Post Command | C43: Optional -- Linux Shell Command or script to be used after running Content
A44: Linux Pass String | C44: Optional -- Linux Pass string if empty will use global fail string
A45: Linux Fail String | C45: Optional -- Linux Fail string if empty will use global pass string
A46: Startup Linux | B46: startup_linux.nsh | C46: Optional -- Script to start linux from EFI -- usually bootlinux.nsh or startup_linux.nsh
A47: Linux Path | B47: cd /root/content/DPM/TSL | C47: Optional -- Linux Path to content
A48: Linux Content Wait Time | B48: 999999 | C48: Optional -- Wait Time for Content
A49: Linux Content Line 0 | B49: /root/content/LOS/TSL/bin/tslengine -F /root/content/DPM/TSL/GNR1C_breadth_HT.list -L 100 -z U304_Breadth_100ms.log -o -r 10 | C49: Content Command Line [ up to 10 can be set add more lines if required]
A50: Linux Content Line 1 | C50: Optional -- Content Command Line [ up to 10 can be set add more lines if required]
A51: Linux Content Line 2 | C51: Optional -- Content Command Line [ up to 10 can be set add more lines if required]
A52: Dragon Pre Command | C52: Optional -- EFI Shell Command or script to be used before running Content | D52: Dragon
A53: Dragon Post Command | C53: Optional -- EFI Shell Command or script to be used after running Content
A54: Startup Dragon | B54: startup_efi.nsh | C54: Optional -- Script with preset conditions for the content [ex. ReserveMemory]
A55: ULX Path | B55: FS1:\EFI\ulx | C55: ULX -- Path to script
A56: ULX CPU | B56: GNR_B0 | C56: ULX -- CPU to be used [GNR_B0, CWF]
A57: Product Chop | B57: GNR | C57: ULX -- Specify Product
A58: VVAR0 | B58: 0x4C4B40 | C58: VVAR -- Test Runtime [ex. 3 sec = 3,000,000 us = 0x2DC6C0]
A59: VVAR1 | B59: 80064000 | C59: VVAR -- 32-bit fixed point value to scale VV[0x00] -- Use 80064000 for System
A60: VVAR2 | B60: 0x1000000 | C60: VVAR -- Thread Count VVAR -- Mesh Content use: 0x1000000 -- Slice Content Use: GNR = 0x1000002, CWF = 0x1000004
A61: VVAR3 | B61: 0x4000000 | C61: VVAR -- Debug Flags -- Check: https://wiki.ith.intel.com/spaces/MPV/pages/1206292923/Dragon+VVDEBUG+Decoder
A62: VVAR_EXTRA | C62: Optional -- Additional VVAR Parameters
A63: Dragon Content Path | B63: FS1:\content\Dragon\7410_0x0E_PPV_MegaMem\GNR128C_H_1UP\ | C63: Path to Content
A64: Dragon Content Line | C64: Optional -- Filters to content, add them sepparated by comma
A65: Stop on Fail | B65: TRUE | C65: Defines if run regression will stop after first fail
A66: Merlin Name | B66: MerlinX.efi | C66: MERLIN -- Name of the Merlin file
A67: Merlin Drive | B67: FS1: | C67: MERLIN -- Drive where Merlin is located
A68: Merlin Path | B68: FS1:\EFI\Version8.15\BinFiles\Release | C68: MERLIN -- Path to Merlin Files

Sheet TSL_3sBR
A1: Test Configuration | C1: Field Notes
A2: Field | B2: Value
A3: Experiment | B3: Enabled | C3: {=_xlfn.SWITCH(experiment01319[[#This Row],[Value]],"Disabled","Experiment disabled will not run", " Experiment recipe enabled")} -> Experiment recipe enabled
A4: Test Name | B4: TSL3s_BR | C4: Name of Test to be executed
A5: Test Mode | B5: Mesh | C5: Test Mode: Slice or Mesh
A6: Test Type | B6: Loops | C6: Type of test: Loops, Sweep or Shmoo
A7: Visual ID | B7: 759Q17J500189 | C7: Unit Visual ID
A8: Bucket | B8: 3Strike | C8: Unit Assigned Bucket
A9: COM Port | B9: 8 | C9: Serial Port to communicate to MB
A10: IP Address | B10: 10.250.0.2 | C10: IP Address to communicate to MB
A11: TTL Folder | B11: Q:\DPM_Debug\GNR\Logs\3Strike\759Q17J500189\\TTL_Linux | C11: Teraterm TTL Macros Folder Location with Commands.ttl and Connect.ttl files
A12: Scripts File | C12: Script File to be loaded before Test Execution
A13: Post Process | C13: Script File to be loaded after Test Execution
A14: Pass String | B14: exit: pass | C14: Lookup String for a Pass Condition of the Test
A15: Fail String | B15: exit: fail | C15: Lookup String for a Fail Condition of the Test
A16: Content | B16: Linux | C16: Select your content: Linux | Dragon | PYSConsole (Custom Python Script)
A17: Test Number | B17: 9 | C17: First Number to be assigned to your test iteration
A18: Test Time | B18: 30 | C18: Wait time to be used for watchdog monitoring of console, in case unit is hang or failed during execution
A19: Reset | B19: TRUE | C19: Reset Unit before Starting first experiment
A20: Reset on PASS | B20: TRUE | C20: Reset Unit after each PASS
A21: FastBoot | B21: TRUE | C21: if Mesh Masking is selected, set this to False
A22: Core License | C22: Leave Blank if not used
A23: 600W Unit | B23: TRUE | C23: True or False
A24: Pseudo Config | B24: FALSE | C24: {=IF(MiscData!C1="AtomCore",MiscData!U14,_xlfn.SWITCH($B$5,"Slice",MiscData!U14,MiscData!U16))} -> Set if using Pseudo Mesh Content, to disable HT
A25: Configuration (Mask) | C25: =_xlfn.XLOOKUP(B5,MiscData!K3:K5,MiscData!L3:L5) -> Mesh Options: RowPass1, RowPass2, RowPass3, FirstPass, SecondPass, ThirdPass || Leave Blank if Full Chip
A26: Boot Breakpoint | C26: {=_xlfn.SWITCH(B16,"PYSVConsole",MiscData!U18,MiscData!U14)} -> Not used
A27: Disable 2 Cores | C27: =IF(MiscData!C1="AtomCore",MiscData!U17,MiscData!U14) -> Not used
A28: Check Core | B28: 36 | C28: Used in Mesh Mode to check an specific core data, such as voltage, frequency, license, dcf… If slice, this is set to the tested core. | D28: Limits
A29: Voltage Type | B29: vbump | C29: vbump or fixed | D29: MAX | E29: MIN
A30: Voltage IA | C30: {=_xlfn.SWITCH(B29,"vbump",_xlfn.SWITCH(TRUE,experiment01319[[#This Row],[Value]]="",MiscData!U15,experiment01319[[#This Row],[Value]]>MiscData!N3,MiscData!U4,experiment01319[[#This Row],[Value]]<MiscData!O3,MiscData!U5,MiscData!U3),"fixed",_xlfn.SWITCH(TRUE,experiment01319[[#This Row],[Value]]="",MiscData!U15,experiment01319[[#This Row],[Value]]>MiscData!N7,MiscData!U4,experiment01319[[#This Row],[Value]]<MiscData!O7,MiscData!U5,MiscData!U3),"")} -> Not Configured | D30: {=_xlfn.SWITCH(B$29,"vbump",MiscData!N3,"fixed",MiscData!N7,"")} -> 0.2 | E30: {=_xlfn.SWITCH(B$29,"vbump",MiscData!O3,"fixed",MiscData!O7,"")} -> -0.2
A31: Voltage CFC | C31: {=_xlfn.SWITCH(B29,"vbump",_xlfn.SWITCH(TRUE,experiment01319[[#This Row],[Value]]="",MiscData!U15,experiment01319[[#This Row],[Value]]>MiscData!N4,MiscData!U4,experiment01319[[#This Row],[Value]]<MiscData!O4,MiscData!U5,MiscData!U3),"fixed",_xlfn.SWITCH(TRUE,experiment01319[[#This Row],[Value]]="",MiscData!U15,experiment01319[[#This Row],[Value]]>MiscData!N8,MiscData!U4,experiment01319[[#This Row],[Value]]<MiscData!O8,MiscData!U5,MiscData!U3),"")} -> Not Configured | D31: {=_xlfn.SWITCH(B$29,"vbump",MiscData!N4,"fixed",MiscData!N8,"")} -> 0.2 | E31: {=_xlfn.SWITCH(B$29,"vbump",MiscData!O4,"fixed",MiscData!O8,"")} -> -0.2
A32: Frequency IA | C32: {=_xlfn.SWITCH(TRUE,experiment01319[[#This Row],[Value]]="",MiscData!U15,experiment01319[[#This Row],[Value]]>MiscData!Q3,MiscData!U4,experiment01319[[#This Row],[Value]]<MiscData!R3,MiscData!U5,MiscData!U3)} -> Not Configured | D32: =MiscData!Q3 -> 44 | E32: =MiscData!R3 -> 5
A33: Frequency CFC | C33: {=_xlfn.SWITCH(TRUE,experiment01319[[#This Row],[Value]]="",MiscData!U15,experiment01319[[#This Row],[Value]]>MiscData!Q4,MiscData!U4,experiment01319[[#This Row],[Value]]<MiscData!R4,MiscData!U5,MiscData!U3)} -> Not Configured | D33: =MiscData!Q4 -> 22 | E33: =MiscData!R4 -> 8
A34: Loops | B34: 5 | C34: {=_xlfn.SWITCH(B6,"Loops",MiscData!U6,MiscData!U14)} -> Number of Loops to run
A35: Type | B35: Voltage | C35: {=_xlfn.SWITCH($B$6,"Sweep",MiscData!U7,MiscData!$U$14)} -> Not used
A36: Domain | B36: IA | C36: {=_xlfn.SWITCH($B$6,"Sweep",MiscData!U8,MiscData!$U$14)} -> Not used
A37: Start | B37: -0.03 | C37: {=_xlfn.SWITCH($B$6,"Sweep",MiscData!U9,MiscData!$U$14)} -> Not used
A38: End | B38: 0.06 | C38: {=_xlfn.SWITCH($B$6,"Sweep",MiscData!U10,MiscData!$U$14)} -> Not used
A39: Steps | B39: 0.03 | C39: {=_xlfn.SWITCH($B$6,"Sweep",MiscData!U11,MiscData!$U$14)} -> Not used
A40: ShmooFile | B40: C:\SystemDebug\Shmoos\RVPShmooConfig.json | C40: {=_xlfn.SWITCH($B$6,"Shmoo",MiscData!U12,MiscData!$U$14)} -> Not used
A41: ShmooLabel | B41: COREFIX | C41: {=_xlfn.SWITCH($B$6,"Shmoo",MiscData!U13,MiscData!$U$14)} -> Not used
A42: Linux Pre Command | C42: Optional -- Linux Shell Command or script to be used before running Content | D42: Linux
A43: Linux Post Command | C43: Optional -- Linux Shell Command or script to be used after running Content
A44: Linux Pass String | C44: Optional -- Linux Pass string if empty will use global fail string
A45: Linux Fail String | C45: Optional -- Linux Fail string if empty will use global pass string
A46: Startup Linux | B46: startup_linux.nsh | C46: Optional -- Script to start linux from EFI -- usually bootlinux.nsh or startup_linux.nsh
A47: Linux Path | B47: cd /root/content/DPM/TSL | C47: Optional -- Linux Path to content
A48: Linux Content Wait Time | B48: 999999 | C48: Optional -- Wait Time for Content
A49: Linux Content Line 0 | B49: /root/content/LOS/TSL/bin/tslengine -F /root/content/DPM/TSL/GNR1C_BR_HT.list -L 3000 -z U304_BR_3s.log -o -r10 | C49: Content Command Line [ up to 10 can be set add more lines if required]
A50: Linux Content Line 1 | C50: Optional -- Content Command Line [ up to 10 can be set add more lines if required]
A51: Linux Content Line 2 | C51: Optional -- Content Command Line [ up to 10 can be set add more lines if required]
A52: Dragon Pre Command | C52: Optional -- EFI Shell Command or script to be used before running Content | D52: Dragon
A53: Dragon Post Command | C53: Optional -- EFI Shell Command or script to be used after running Content
A54: Startup Dragon | B54: startup_efi.nsh | C54: Optional -- Script with preset conditions for the content [ex. ReserveMemory]
A55: ULX Path | B55: FS1:\EFI\ulx | C55: ULX -- Path to script
A56: ULX CPU | B56: GNR_B0 | C56: ULX -- CPU to be used [GNR_B0, CWF]
A57: Product Chop | B57: GNR | C57: ULX -- Specify Product
A58: VVAR0 | B58: 0x4C4B40 | C58: VVAR -- Test Runtime [ex. 3 sec = 3,000,000 us = 0x2DC6C0]
A59: VVAR1 | B59: 80064000 | C59: VVAR -- 32-bit fixed point value to scale VV[0x00] -- Use 80064000 for System
A60: VVAR2 | B60: 0x1000000 | C60: VVAR -- Thread Count VVAR -- Mesh Content use: 0x1000000 -- Slice Content Use: GNR = 0x1000002, CWF = 0x1000004
A61: VVAR3 | B61: 0x4000000 | C61: VVAR -- Debug Flags -- Check: https://wiki.ith.intel.com/spaces/MPV/pages/1206292923/Dragon+VVDEBUG+Decoder
A62: VVAR_EXTRA | C62: Optional -- Additional VVAR Parameters
A63: Dragon Content Path | B63: FS1:\content\Dragon\7410_0x0E_PPV_MegaMem\GNR128C_H_1UP\ | C63: Path to Content
A64: Dragon Content Line | C64: Optional -- Filters to content, add them sepparated by comma
A65: Stop on Fail | B65: TRUE | C65: Defines if run regression will stop after first fail
A66: Merlin Name | B66: MerlinX.efi | C66: MERLIN -- Name of the Merlin file
A67: Merlin Drive | B67: FS1: | C67: MERLIN -- Drive where Merlin is located
A68: Merlin Path | B68: FS1:\EFI\Version8.15\BinFiles\Release | C68: MERLIN -- Path to Merlin Files

Sheet TSL_1sBR
A1: Test Configuration | C1: Field Notes
A2: Field | B2: Value
A3: Experiment | B3: Enabled | C3: {=_xlfn.SWITCH(experiment0131920[[#This Row],[Value]],"Disabled","Experiment disabled will not run", " Experiment recipe enabled")} -> Experiment recipe enabled
A4: Test Name | B4: TSL1s_BR | C4: Name of Test to be executed
A5: Test Mode | B5: Mesh | C5: Test Mode: Slice or Mesh
A6: Test Type | B6: Loops | C6: Type of test: Loops, Sweep or Shmoo
A7: Visual ID | B7: 759Q17J500189 | C7: Unit Visual ID
A8: Bucket | B8: 3Strike | C8: Unit Assigned Bucket
A9: COM Port | B9: 8 | C9: Serial Port to communicate to MB
A10: IP Address | B10: 10.250.0.2 | C10: IP Address to communicate to MB
A11: TTL Folder | B11: Q:\DPM_Debug\GNR\Logs\3Strike\759Q17J500189\\TTL_Linux | C11: Teraterm TTL Macros Folder Location with Commands.ttl and Connect.ttl files
A12: Scripts File | C12: Script File to be loaded before Test Execution
A13: Post Process | C13: Script File to be loaded after Test Execution
A14: Pass String | B14: exit: pass | C14: Lookup String for a Pass Condition of the Test
A15: Fail String | B15: exit: fail | C15: Lookup String for a Fail Condition of the Test
A16: Content | B16: Linux | C16: Select your content: Linux | Dragon | PYSConsole (Custom Python Script)
A17: Test Number | B17: 9 | C17: First Number to be assigned to your test iteration
A18: Test Time | B18: 30 | C18: Wait time to be used for watchdog monitoring of console, in case unit is hang or failed during execution
A19: Reset | B19: TRUE | C19: Reset Unit before Starting first experiment
A20: Reset on PASS | B20: TRUE | C20: Reset Unit after each PASS
A21: FastBoot | B21: TRUE | C21: if Mesh Masking is selected, set this to False
A22: Core License | C22: Leave Blank if not used
A23: 600W Unit | B23: TRUE | C23: True or False
A24: Pseudo Config | B24: FALSE | C24: {=IF(MiscData!C1="AtomCore",MiscData!U14,_xlfn.SWITCH($B$5,"Slice",MiscData!U14,MiscData!U16))} -> Set if using Pseudo Mesh Content, to disable HT
A25: Configuration (Mask) | C25: =_xlfn.XLOOKUP(B5,MiscData!K3:K5,MiscData!L3:L5) -> Mesh Options: RowPass1, RowPass2, RowPass3, FirstPass, SecondPass, ThirdPass || Leave Blank if Full Chip
A26: Boot Breakpoint | C26: {=_xlfn.SWITCH(B16,"PYSVConsole",MiscData!U18,MiscData!U14)} -> Not used
A27: Disable 2 Cores | C27: =IF(MiscData!C1="AtomCore",MiscData!U17,MiscData!U14) -> Not used
A28: Check Core | B28: 36 | C28: Used in Mesh Mode to check an specific core data, such as voltage, frequency, license, dcf… If slice, this is set to the tested core. | D28: Limits
A29: Voltage Type | B29: vbump | C29: vbump or fixed | D29: MAX | E29: MIN
A30: Voltage IA | C30: {=_xlfn.SWITCH(B29,"vbump",_xlfn.SWITCH(TRUE,experiment0131920[[#This Row],[Value]]="",MiscData!U15,experiment0131920[[#This Row],[Value]]>MiscData!N3,MiscData!U4,experiment0131920[[#This Row],[Value]]<MiscData!O3,MiscData!U5,MiscData!U3),"fixed",_xlfn.SWITCH(TRUE,experiment0131920[[#This Row],[Value]]="",MiscData!U15,experiment0131920[[#This Row],[Value]]>MiscData!N7,MiscData!U4,experiment0131920[[#This Row],[Value]]<MiscData!O7,MiscData!U5,MiscData!U3),"")} -> Not Configured | D30: {=_xlfn.SWITCH(B$29,"vbump",MiscData!N3,"fixed",MiscData!N7,"")} -> 0.2 | E30: {=_xlfn.SWITCH(B$29,"vbump",MiscData!O3,"fixed",MiscData!O7,"")} -> -0.2
A31: Voltage CFC | C31: {=_xlfn.SWITCH(B29,"vbump",_xlfn.SWITCH(TRUE,experiment0131920[[#This Row],[Value]]="",MiscData!U15,experiment0131920[[#This Row],[Value]]>MiscData!N4,MiscData!U4,experiment0131920[[#This Row],[Value]]<MiscData!O4,MiscData!U5,MiscData!U3),"fixed",_xlfn.SWITCH(TRUE,experiment0131920[[#This Row],[Value]]="",MiscData!U15,experiment0131920[[#This Row],[Value]]>MiscData!N8,MiscData!U4,experiment0131920[[#This Row],[Value]]<MiscData!O8,MiscData!U5,MiscData!U3),"")} -> Not Configured | D31: {=_xlfn.SWITCH(B$29,"vbump",MiscData!N4,"fixed",MiscData!N8,"")} -> 0.2 | E31: {=_xlfn.SWITCH(B$29,"vbump",MiscData!O4,"fixed",MiscData!O8,"")} -> -0.2
A32: Frequency IA | C32: {=_xlfn.SWITCH(TRUE,experiment0131920[[#This Row],[Value]]="",MiscData!U15,experiment0131920[[#This Row],[Value]]>MiscData!Q3,MiscData!U4,experiment0131920[[#This Row],[Value]]<MiscData!R3,MiscData!U5,MiscData!U3)} -> Not Configured | D32: =MiscData!Q3 -> 44 | E32: =MiscData!R3 -> 5
A33: Frequency CFC | C33: {=_xlfn.SWITCH(TRUE,experiment0131920[[#This Row],[Value]]="",MiscData!U15,experiment0131920[[#This Row],[Value]]>MiscData!Q4,MiscData!U4,experiment0131920[[#This Row],[Value]]<MiscData!R4,MiscData!U5,MiscData!U3)} -> Not Configured | D33: =MiscData!Q4 -> 22 | E33: =MiscData!R4 -> 8
A34: Loops | B34: 5 | C34: {=_xlfn.SWITCH(B6,"Loops",MiscData!U6,MiscData!U14)} -> Number of Loops to run
A35: Type | B35: Voltage | C35: {=_xlfn.SWITCH($B$6,"Sweep",MiscData!U7,MiscData!$U$14)} -> Not used
A36: Domain | B36: IA | C36: {=_xlfn.SWITCH($B$6,"Sweep",MiscData!U8,MiscData!$U$14)} -> Not used
A37: Start | B37: -0.03 | C37: {=_xlfn.SWITCH($B$6,"Sweep",MiscData!U9,MiscData!$U$14)} -> Not used
A38: End | B38: 0.06 | C38: {=_xlfn.SWITCH($B$6,"Sweep",MiscData!U10,MiscData!$U$14)} -> Not used
A39: Steps | B39: 0.03 | C39: {=_xlfn.SWITCH($B$6,"Sweep",MiscData!U11,MiscData!$U$14)} -> Not used
A40: ShmooFile | B40: C:\SystemDebug\Shmoos\RVPShmooConfig.json | C40: {=_xlfn.SWITCH($B$6,"Shmoo",MiscData!U12,MiscData!$U$14)} -> Not used
A41: ShmooLabel | B41: COREFIX | C41: {=_xlfn.SWITCH($B$6,"Shmoo",MiscData!U13,MiscData!$U$14)} -> Not used
A42: Linux Pre Command | C42: Optional -- Linux Shell Command or script to be used before running Content | D42: Linux
A43: Linux Post Command | C43: Optional -- Linux Shell Command or script to be used after running Content
A44: Linux Pass String | C44: Optional -- Linux Pass string if empty will use global fail string
A45: Linux Fail String | C45: Optional -- Linux Fail string if empty will use global pass string
A46: Startup Linux | B46: startup_linux.nsh | C46: Optional -- Script to start linux from EFI -- usually bootlinux.nsh or startup_linux.nsh
A47: Linux Path | B47: cd /root/content/DPM/TSL | C47: Optional -- Linux Path to content
A48: Linux Content Wait Time | B48: 999999 | C48: Optional -- Wait Time for Content
A49: Linux Content Line 0 | B49: /root/content/LOS/TSL/bin/tslengine -F /root/content/DPM/TSL/GNR1C_BR_HT.list -L 1000 -z U304_BR_1s.log -o -r10 | C49: Content Command Line [ up to 10 can be set add more lines if required]
A50: Linux Content Line 1 | C50: Optional -- Content Command Line [ up to 10 can be set add more lines if required]
A51: Linux Content Line 2 | C51: Optional -- Content Command Line [ up to 10 can be set add more lines if required]
A52: Dragon Pre Command | C52: Optional -- EFI Shell Command or script to be used before running Content | D52: Dragon
A53: Dragon Post Command | C53: Optional -- EFI Shell Command or script to be used after running Content
A54: Startup Dragon | B54: startup_efi.nsh | C54: Optional -- Script with preset conditions for the content [ex. ReserveMemory]
A55: ULX Path | B55: FS1:\EFI\ulx | C55: ULX -- Path to script
A56: ULX CPU | B56: GNR_B0 | C56: ULX -- CPU to be used [GNR_B0, CWF]
A57: Product Chop | B57: GNR | C57: ULX -- Specify Product
A58: VVAR0 | B58: 0x4C4B40 | C58: VVAR -- Test Runtime [ex. 3 sec = 3,000,000 us = 0x2DC6C0]
A59: VVAR1 | B59: 80064000 | C59: VVAR -- 32-bit fixed point value to scale VV[0x00] -- Use 80064000 for System
A60: VVAR2 | B60: 0x1000000 | C60: VVAR -- Thread Count VVAR -- Mesh Content use: 0x1000000 -- Slice Content Use: GNR = 0x1000002, CWF = 0x1000004
A61: VVAR3 | B61: 0x4000000 | C61: VVAR -- Debug Flags -- Check: https://wiki.ith.intel.com/spaces/MPV/pages/1206292923/Dragon+VVDEBUG+Decoder
A62: VVAR_EXTRA | C62: Optional -- Additional VVAR Parameters
A63: Dragon Content Path | B63: FS1:\content\Dragon\7410_0x0E_PPV_MegaMem\GNR128C_H_1UP\ | C63: Path to Content
A64: Dragon Content Line | C64: Optional -- Filters to content, add them sepparated by comma
A65: Stop on Fail | B65: TRUE | C65: Defines if run regression will stop after first fail
A66: Merlin Name | B66: MerlinX.efi | C66: MERLIN -- Name of the Merlin file
A67: Merlin Drive | B67: FS1: | C67: MERLIN -- Drive where Merlin is located
A68: Merlin Path | B68: FS1:\EFI\Version8.15\BinFiles\Release | C68: MERLIN -- Path to Merlin Files

Sheet TSL_500msBR
A1: Test Configuration | C1: Field Notes
A2: Field | B2: Value
A3: Experiment | B3: Enabled | C3: {=_xlfn.SWITCH(experiment01319202122[[#This Row],[Value]],"Disabled","Experiment disabled will not run", " Experiment recipe enabled")} -> Experiment recipe enabled
A4: Test Name | B4: TSL500s_BR | C4: Name of Test to be executed
A5: Test Mode | B5: Mesh | C5: Test Mode: Slice or Mesh
A6: Test Type | B6: Loops | C6: Type of test: Loops, Sweep or Shmoo
A7: Visual ID | B7: 759Q17J500189 | C7: Unit Visual ID
A8: Bucket | B8: 3Strike | C8: Unit Assigned Bucket
A9: COM Port | B9: 8 | C9: Serial Port to communicate to MB
A10: IP Address | B10: 10.250.0.2 | C10: IP Address to communicate to MB
A11: TTL Folder | B11: Q:\DPM_Debug\GNR\Logs\3Strike\759Q17J500189\\TTL_Linux | C11: Teraterm TTL Macros Folder Location with Commands.ttl and Connect.ttl files
A12: Scripts File | C12: Script File to be loaded before Test Execution
A13: Post Process | C13: Script File to be loaded after Test Execution
A14: Pass String | B14: exit: pass | C14: Lookup String for a Pass Condition of the Test
A15: Fail String | B15: exit: fail | C15: Lookup String for a Fail Condition of the Test
A16: Content | B16: Linux | C16: Select your content: Linux | Dragon | PYSConsole (Custom Python Script)
A17: Test Number | B17: 9 | C17: First Number to be assigned to your test iteration
A18: Test Time | B18: 30 | C18: Wait time to be used for watchdog monitoring of console, in case unit is hang or failed during execution
A19: Reset | B19: TRUE | C19: Reset Unit before Starting first experiment
A20: Reset on PASS | B20: TRUE | C20: Reset Unit after each PASS
A21: FastBoot | B21: TRUE | C21: if Mesh Masking is selected, set this to False
A22: Core License | C22: Leave Blank if not used
A23: 600W Unit | B23: TRUE | C23: True or False
A24: Pseudo Config | B24: FALSE | C24: {=IF(MiscData!C1="AtomCore",MiscData!U14,_xlfn.SWITCH($B$5,"Slice",MiscData!U14,MiscData!U16))} -> Set if using Pseudo Mesh Content, to disable HT
A25: Configuration (Mask) | C25: =_xlfn.XLOOKUP(B5,MiscData!K3:K5,MiscData!L3:L5) -> Mesh Options: RowPass1, RowPass2, RowPass3, FirstPass, SecondPass, ThirdPass || Leave Blank if Full Chip
A26: Boot Breakpoint | C26: {=_xlfn.SWITCH(B16,"PYSVConsole",MiscData!U18,MiscData!U14)} -> Not used
A27: Disable 2 Cores | C27: =IF(MiscData!C1="AtomCore",MiscData!U17,MiscData!U14) -> Not used
A28: Check Core | B28: 36 | C28: Used in Mesh Mode to check an specific core data, such as voltage, frequency, license, dcf… If slice, this is set to the tested core. | D28: Limits
A29: Voltage Type | B29: vbump | C29: vbump or fixed | D29: MAX | E29: MIN
A30: Voltage IA | C30: {=_xlfn.SWITCH(B29,"vbump",_xlfn.SWITCH(TRUE,experiment01319202122[[#This Row],[Value]]="",MiscData!U15,experiment01319202122[[#This Row],[Value]]>MiscData!N3,MiscData!U4,experiment01319202122[[#This Row],[Value]]<MiscData!O3,MiscData!U5,MiscData!U3),"fixed",_xlfn.SWITCH(TRUE,experiment01319202122[[#This Row],[Value]]="",MiscData!U15,experiment01319202122[[#This Row],[Value]]>MiscData!N7,MiscData!U4,experiment01319202122[[#This Row],[Value]]<MiscData!O7,MiscData!U5,MiscData!U3),"")} -> Not Configured | D30: {=_xlfn.SWITCH(B$29,"vbump",MiscData!N3,"fixed",MiscData!N7,"")} -> 0.2 | E30: {=_xlfn.SWITCH(B$29,"vbump",MiscData!O3,"fixed",MiscData!O7,"")} -> -0.2
A31: Voltage CFC | C31: {=_xlfn.SWITCH(B29,"vbump",_xlfn.SWITCH(TRUE,experiment01319202122[[#This Row],[Value]]="",MiscData!U15,experiment01319202122[[#This Row],[Value]]>MiscData!N4,MiscData!U4,experiment01319202122[[#This Row],[Value]]<MiscData!O4,MiscData!U5,MiscData!U3),"fixed",_xlfn.SWITCH(TRUE,experiment01319202122[[#This Row],[Value]]="",MiscData!U15,experiment01319202122[[#This Row],[Value]]>MiscData!N8,MiscData!U4,experiment01319202122[[#This Row],[Value]]<MiscData!O8,MiscData!U5,MiscData!U3),"")} -> Not Configured | D31: {=_xlfn.SWITCH(B$29,"vbump",MiscData!N4,"fixed",MiscData!N8,"")} -> 0.2 | E31: {=_xlfn.SWITCH(B$29,"vbump",MiscData!O4,"fixed",MiscData!O8,"")} -> -0.2
A32: Frequency IA | C32: {=_xlfn.SWITCH(TRUE,experiment01319202122[[#This Row],[Value]]="",MiscData!U15,experiment01319202122[[#This Row],[Value]]>MiscData!Q3,MiscData!U4,experiment01319202122[[#This Row],[Value]]<MiscData!R3,MiscData!U5,MiscData!U3)} -> Not Configured | D32: =MiscData!Q3 -> 44 | E32: =MiscData!R3 -> 5
A33: Frequency CFC | C33: {=_xlfn.SWITCH(TRUE,experiment01319202122[[#This Row],[Value]]="",MiscData!U15,experiment01319202122[[#This Row],[Value]]>MiscData!Q4,MiscData!U4,experiment01319202122[[#This Row],[Value]]<MiscData!R4,MiscData!U5,MiscData!U3)} -> Not Configured | D33: =MiscData!Q4 -> 22 | E33: =MiscData!R4 -> 8
A34: Loops | B34: 5 | C34: {=_xlfn.SWITCH(B6,"Loops",MiscData!U6,MiscData!U14)} -> Number of Loops to run
A35: Type | B35: Voltage | C35: {=_xlfn.SWITCH($B$6,"Sweep",MiscData!U7,MiscData!$U$14)} -> Not used
A36: Domain | B36: IA | C36: {=_xlfn.SWITCH($B$6,"Sweep",MiscData!U8,MiscData!$U$14)} -> Not used
A37: Start | B37: -0.03 | C37: {=_xlfn.SWITCH($B$6,"Sweep",MiscData!U9,MiscData!$U$14)} -> Not used
A38: End | B38: 0.06 | C38: {=_xlfn.SWITCH($B$6,"Sweep",MiscData!U10,MiscData!$U$14)} -> Not used
A39: Steps | B39: 0.03 | C39: {=_xlfn.SWITCH($B$6,"Sweep",MiscData!U11,MiscData!$U$14)} -> Not used
A40: ShmooFile | B40: C:\SystemDebug\Shmoos\RVPShmooConfig.json | C40: {=_xlfn.SWITCH($B$6,"Shmoo",MiscData!U12,MiscData!$U$14)} -> Not used
A41: ShmooLabel | B41: COREFIX | C41: {=_xlfn.SWITCH($B$6,"Shmoo",MiscData!U13,MiscData!$U$14)} -> Not used
A42: Linux Pre Command | C42: Optional -- Linux Shell Command or script to be used before running Content | D42: Linux
A43: Linux Post Command | C43: Optional -- Linux Shell Command or script to be used after running Content
A44: Linux Pass String | C44: Optional -- Linux Pass string if empty will use global fail string
A45: Linux Fail String | C45: Optional -- Linux Fail string if empty will use global pass string
A46: Startup Linux | B46: startup_linux.nsh | C46: Optional -- Script to start linux from EFI -- usually bootlinux.nsh or startup_linux.nsh
A47: Linux Path | B47: cd /root/content/DPM/TSL | C47: Optional -- Linux Path to content
A48: Linux Content Wait Time | B48: 999999 | C48: Optional -- Wait Time for Content
A49: Linux Content Line 0 | B49: /root/content/LOS/TSL/bin/tslengine -F /root/content/DPM/TSL/GNR1C_BR_HT.list -L 500 -z U304_BR_500ms.log -o -r10 | C49: Content Command Line [ up to 10 can be set add more lines if required]
A50: Linux Content Line 1 | C50: Optional -- Content Command Line [ up to 10 can be set add more lines if required]
A51: Linux Content Line 2 | C51: Optional -- Content Command Line [ up to 10 can be set add more lines if required]
A52: Dragon Pre Command | C52: Optional -- EFI Shell Command or script to be used before running Content | D52: Dragon
A53: Dragon Post Command | C53: Optional -- EFI Shell Command or script to be used after running Content
A54: Startup Dragon | B54: startup_efi.nsh | C54: Optional -- Script with preset conditions for the content [ex. ReserveMemory]
A55: ULX Path | B55: FS1:\EFI\ulx | C55: ULX -- Path to script
A56: ULX CPU | B56: GNR_B0 | C56: ULX -- CPU to be used [GNR_B0, CWF]
A57: Product Chop | B57: GNR | C57: ULX -- Specify Product
A58: VVAR0 | B58: 0x4C4B40 | C58: VVAR -- Test Runtime [ex. 3 sec = 3,000,000 us = 0x2DC6C0]
A59: VVAR1 | B59: 80064000 | C59: VVAR -- 32-bit fixed point value to scale VV[0x00] -- Use 80064000 for System
A60: VVAR2 | B60: 0x1000000 | C60: VVAR -- Thread Count VVAR -- Mesh Content use: 0x1000000 -- Slice Content Use: GNR = 0x1000002, CWF = 0x1000004
A61: VVAR3 | B61: 0x4000000 | C61: VVAR -- Debug Flags -- Check: https://wiki.ith.intel.com/spaces/MPV/pages/1206292923/Dragon+VVDEBUG+Decoder
A62: VVAR_EXTRA | C62: Optional -- Additional VVAR Parameters
A63: Dragon Content Path | B63: FS1:\content\Dragon\7410_0x0E_PPV_MegaMem\GNR128C_H_1UP\ | C63: Path to Content
A64: Dragon Content Line | C64: Optional -- Filters to content, add them sepparated by comma
A65: Stop on Fail | B65: TRUE | C65: Defines if run regression will stop after first fail
A66: Merlin Name | B66: MerlinX.efi | C66: MERLIN -- Name of the Merlin file
A67: Merlin Drive | B67: FS1: | C67: MERLIN -- Drive where Merlin is located
A68: Merlin Path | B68: FS1:\EFI\Version8.15\BinFiles\Release | C68: MERLIN -- Path to Merlin Files

Sheet TSL_100msBR
A1: Test Configuration | C1: Field Notes
A2: Field | B2: Value
A3: Experiment | B3: Enabled | C3: {=_xlfn.SWITCH(experiment013192021[[#This Row],[Value]],"Disabled","Experiment disabled will not run", " Experiment recipe enabled")} -> Experiment recipe enabled
A4: Test Name | B4: TSL100ms_BR | C4: Name of Test to be executed
A5: Test Mode | B5: Mesh | C5: Test Mode: Slice or Mesh
A6: Test Type | B6: Loops | C6: Type of test: Loops, Sweep or Shmoo
A7: Visual ID | B7: 759Q17J500189 | C7: Unit Visual ID
A8: Bucket | B8: 3Strike | C8: Unit Assigned Bucket
A9: COM Port | B9: 8 | C9: Serial Port to communicate to MB
A10: IP Address | B10: 10.250.0.2 | C10: IP Address to communicate to MB
A11: TTL Folder | B11: Q:\DPM_Debug\GNR\Logs\3Strike\759Q17J500189\\TTL_Linux | C11: Teraterm TTL Macros Folder Location with Commands.ttl and Connect.ttl files
A12: Scripts File | C12: Script File to be loaded before Test Execution
A13: Post Process | C13: Script File to be loaded after Test Execution
A14: Pass String | B14: exit: pass | C14: Lookup String for a Pass Condition of the Test
A15: Fail String | B15: exit: fail | C15: Lookup String for a Fail Condition of the Test
A16: Content | B16: Linux | C16: Select your content: Linux | Dragon | PYSConsole (Custom Python Script)
A17: Test Number | B17: 9 | C17: First Number to be assigned to your test iteration
A18: Test Time | B18: 30 | C18: Wait time to be used for watchdog monitoring of console, in case unit is hang or failed during execution
A19: Reset | B19: TRUE | C19: Reset Unit before Starting first experiment
A20: Reset on PASS | B20: TRUE | C20: Reset Unit after each PASS
A21: FastBoot | B21: TRUE | C21: if Mesh Masking is selected, set this to False
A22: Core License | C22: Leave Blank if not used
A23: 600W Unit | B23: TRUE | C23: True or False
A24: Pseudo Config | B24: FALSE | C24: {=IF(MiscData!C1="AtomCore",MiscData!U14,_xlfn.SWITCH($B$5,"Slice",MiscData!U14,MiscData!U16))} -> Set if using Pseudo Mesh Content, to disable HT
A25: Configuration (Mask) | C25: =_xlfn.XLOOKUP(B5,MiscData!K3:K5,MiscData!L3:L5) -> Mesh Options: RowPass1, RowPass2, RowPass3, FirstPass, SecondPass, ThirdPass || Leave Blank if Full Chip
A26: Boot Breakpoint | C26: {=_xlfn.SWITCH(B16,"PYSVConsole",MiscData!U18,MiscData!U14)} -> Not used
A27: Disable 2 Cores | C27: =IF(MiscData!C1="AtomCore",MiscData!U17,MiscData!U14) -> Not used
A28: Check Core | B28: 36 | C28: Used in Mesh Mode to check an specific core data, such as voltage, frequency, license, dcf… If slice, this is set to the tested core. | D28: Limits
A29: Voltage Type | B29: vbump | C29: vbump or fixed | D29: MAX | E29: MIN
A30: Voltage IA | C30: {=_xlfn.SWITCH(B29,"vbump",_xlfn.SWITCH(TRUE,experiment013192021[[#This Row],[Value]]="",MiscData!U15,experiment013192021[[#This Row],[Value]]>MiscData!N3,MiscData!U4,experiment013192021[[#This Row],[Value]]<MiscData!O3,MiscData!U5,MiscData!U3),"fixed",_xlfn.SWITCH(TRUE,experiment013192021[[#This Row],[Value]]="",MiscData!U15,experiment013192021[[#This Row],[Value]]>MiscData!N7,MiscData!U4,experiment013192021[[#This Row],[Value]]<MiscData!O7,MiscData!U5,MiscData!U3),"")} -> Not Configured | D30: {=_xlfn.SWITCH(B$29,"vbump",MiscData!N3,"fixed",MiscData!N7,"")} -> 0.2 | E30: {=_xlfn.SWITCH(B$29,"vbump",MiscData!O3,"fixed",MiscData!O7,"")} -> -0.2
A31: Voltage CFC | C31: {=_xlfn.SWITCH(B29,"vbump",_xlfn.SWITCH(TRUE,experiment013192021[[#This Row],[Value]]="",MiscData!U15,experiment013192021[[#This Row],[Value]]>MiscData!N4,MiscData!U4,experiment013192021[[#This Row],[Value]]<MiscData!O4,MiscData!U5,MiscData!U3),"fixed",_xlfn.SWITCH(TRUE,experiment013192021[[#This Row],[Value]]="",MiscData!U15,experiment013192021[[#This Row],[Value]]>MiscData!N8,MiscData!U4,experiment013192021[[#This Row],[Value]]<MiscData!O8,MiscData!U5,MiscData!U3),"")} -> Not Configured | D31: {=_xlfn.SWITCH(B$29,"vbump",MiscData!N4,"fixed",MiscData!N8,"")} -> 0.2 | E31: {=_xlfn.SWITCH(B$29,"vbump",MiscData!O4,"fixed",MiscData!O8,"")} -> -0.2
A32: Frequency IA | C32: {=_xlfn.SWITCH(TRUE,experiment013192021[[#This Row],[Value]]="",MiscData!U15,experiment013192021[[#This Row],[Value]]>MiscData!Q3,MiscData!U4,experiment013192021[[#This Row],[Value]]<MiscData!R3,MiscData!U5,MiscData!U3)} -> Not Configured | D32: =MiscData!Q3 -> 44 | E32: =MiscData!R3 -> 5
A33: Frequency CFC | C33: {=_xlfn.SWITCH(TRUE,experiment013192021[[#This Row],[Value]]="",MiscData!U15,experiment013192021[[#This Row],[Value]]>MiscData!Q4,MiscData!U4,experiment013192021[[#This Row],[Value]]<MiscData!R4,MiscData!U5,MiscData!U3)} -> Not Configured | D33: =MiscData!Q4 -> 22 | E33: =MiscData!R4 -> 8
A34: Loops | B34: 5 | C34: {=_xlfn.SWITCH(B6,"Loops",MiscData!U6,MiscData!U14)} -> Number of Loops to run
A35: Type | B35: Voltage | C35: {=_xlfn.SWITCH($B$6,"Sweep",MiscData!U7,MiscData!$U$14)} -> Not used
A36: Domain | B36: IA | C36: {=_xlfn.SWITCH($B$6,"Sweep",MiscData!U8,MiscData!$U$14)} -> Not used
A37: Start | B37: -0.03 | C37: {=_xlfn.SWITCH($B$6,"Sweep",MiscData!U9,MiscData!$U$14)} -> Not used
A38: End | B38: 0.06 | C38: {=_xlfn.SWITCH($B$6,"Sweep",MiscData!U10,MiscData!$U$14)} -> Not used
A39: Steps | B39: 0.03 | C39: {=_xlfn.SWITCH($B$6,"Sweep",MiscData!U11,MiscData!$U$14)} -> Not used
A40: ShmooFile | B40: C:\SystemDebug\Shmoos\RVPShmooConfig.json | C40: {=_xlfn.SWITCH($B$6,"Shmoo",MiscData!U12,MiscData!$U$14)} -> Not used
A41: ShmooLabel | B41: COREFIX | C41: {=_xlfn.SWITCH($B$6,"Shmoo",MiscData!U13,MiscData!$U$14)} -> Not used
A42: Linux Pre Command | C42: Optional -- Linux Shell Command or script to be used before running Content | D42: Linux
A43: Linux Post Command | C43: Optional -- Linux Shell Command or script to be used after running Content
A44: Linux Pass String | C44: Optional -- Linux Pass string if empty will use global fail string
A45: Linux Fail String | C45: Optional -- Linux Fail string if empty will use global pass string
A46: Startup Linux | B46: startup_linux.nsh | C46: Optional -- Script to start linux from EFI -- usually bootlinux.nsh or startup_linux.nsh
A47: Linux Path | B47: cd /root/content/DPM/TSL | C47: Optional -- Linux Path to content
A48: Linux Content Wait Time | B48: 999999 | C48: Optional -- Wait Time for Content
A49: Linux Content Line 0 | B49: /root/content/LOS/TSL/bin/tslengine -F /root/content/DPM/TSL/GNR1C_BR_HT.list -L 100 -z U304_BR_100ms.log -o -r10 | C49: Content Command Line [ up to 10 can be set add more lines if required]
A50: Linux Content Line 1 | C50: Optional -- Content Command Line [ up to 10 can be set add more lines if required]
A51: Linux Content Line 2 | C51: Optional -- Content Command Line [ up to 10 can be set add more lines if required]
A52: Dragon Pre Command | C52: Optional -- EFI Shell Command or script to be used before running Content | D52: Dragon
A53: Dragon Post Command | C53: Optional -- EFI Shell Command or script to be used after running Content
A54: Startup Dragon | B54: startup_efi.nsh | C54: Optional -- Script with preset conditions for the content [ex. ReserveMemory]
A55: ULX Path | B55: FS1:\EFI\ulx | C55: ULX -- Path to script
A56: ULX CPU | B56: GNR_B0 | C56: ULX -- CPU to be used [GNR_B0, CWF]
A57: Product Chop | B57: GNR | C57: ULX -- Specify Product
A58: VVAR0 | B58: 0x4C4B40 | C58: VVAR -- Test Runtime [ex. 3 sec = 3,000,000 us = 0x2DC6C0]
A59: VVAR1 | B59: 80064000 | C59: VVAR -- 32-bit fixed point value to scale VV[0x00] -- Use 80064000 for System
A60: VVAR2 | B60: 0x1000000 | C60: VVAR -- Thread Count VVAR -- Mesh Content use: 0x1000000 -- Slice Content Use: GNR = 0x1000002, CWF = 0x1000004
A61: VVAR3 | B61: 0x4000000 | C61: VVAR -- Debug Flags -- Check: https://wiki.ith.intel.com/spaces/MPV/pages/1206292923/Dragon+VVDEBUG+Decoder
A62: VVAR_EXTRA | C62: Optional -- Additional VVAR Parameters
A63: Dragon Content Path | B63: FS1:\content\Dragon\7410_0x0E_PPV_MegaMem\GNR128C_H_1UP\ | C63: Path to Content
A64: Dragon Content Line | C64: Optional -- Filters to content, add them sepparated by comma
A65: Stop on Fail | B65: TRUE | C65: Defines if run regression will stop after first fail
A66: Merlin Name | B66: MerlinX.efi | C66: MERLIN -- Name of the Merlin file
A67: Merlin Drive | B67: FS1: | C67: MERLIN -- Drive where Merlin is located
A68: Merlin Path | B68: FS1:\EFI\Version8.15\BinFiles\Release | C68: MERLIN -- Path to Merlin Files

Sheet TSL_3sDepth
A1: Test Configuration | C1: Field Notes
A2: Field | B2: Value
A3: Experiment | B3: Enabled | C3: {=_xlfn.SWITCH(experiment0131923[[#This Row],[Value]],"Disabled","Experiment disabled will not run", " Experiment recipe enabled")} -> Experiment recipe enabled
A4: Test Name | B4: TSL3s_Depth | C4: Name of Test to be executed
A5: Test Mode | B5: Mesh | C5: Test Mode: Slice or Mesh
A6: Test Type | B6: Loops | C6: Type of test: Loops, Sweep or Shmoo
A7: Visual ID | B7: 759Q17J500189 | C7: Unit Visual ID
A8: Bucket | B8: 3Strike | C8: Unit Assigned Bucket
A9: COM Port | B9: 8 | C9: Serial Port to communicate to MB
A10: IP Address | B10: 10.250.0.2 | C10: IP Address to communicate to MB
A11: TTL Folder | B11: Q:\DPM_Debug\GNR\Logs\3Strike\759Q17J500189\\TTL_Linux | C11: Teraterm TTL Macros Folder Location with Commands.ttl and Connect.ttl files
A12: Scripts File | C12: Script File to be loaded before Test Execution
A13: Post Process | C13: Script File to be loaded after Test Execution
A14: Pass String | B14: exit: pass | C14: Lookup String for a Pass Condition of the Test
A15: Fail String | B15: exit: fail | C15: Lookup String for a Fail Condition of the Test
A16: Content | B16: Linux | C16: Select your content: Linux | Dragon | PYSConsole (Custom Python Script)
A17: Test Number | B17: 9 | C17: First Number to be assigned to your test iteration
A18: Test Time | B18: 30 | C18: Wait time to be used for watchdog monitoring of console, in case unit is hang or failed during execution
A19: Reset | B19: TRUE | C19: Reset Unit before Starting first experiment
A20: Reset on PASS | B20: TRUE | C20: Reset Unit after each PASS
A21: FastBoot | B21: TRUE | C21: if Mesh Masking is selected, set this to False
A22: Core License | C22: Leave Blank if not used
A23: 600W Unit | B23: TRUE | C23: True or False
A24: Pseudo Config | B24: FALSE | C24: {=IF(MiscData!C1="AtomCore",MiscData!U14,_xlfn.SWITCH($B$5,"Slice",MiscData!U14,MiscData!U16))} -> Set if using Pseudo Mesh Content, to disable HT
A25: Configuration (Mask) | C25: =_xlfn.XLOOKUP(B5,MiscData!K3:K5,MiscData!L3:L5) -> Mesh Options: RowPass1, RowPass2, RowPass3, FirstPass, SecondPass, ThirdPass || Leave Blank if Full Chip
A26: Boot Breakpoint | C26: {=_xlfn.SWITCH(B16,"PYSVConsole",MiscData!U18,MiscData!U14)} -> Not used
A27: Disable 2 Cores | C27: =IF(MiscData!C1="AtomCore",MiscData!U17,MiscData!U14) -> Not used
A28: Check Core | B28: 36 | C28: Used in Mesh Mode to check an specific core data, such as voltage, frequency, license, dcf… If slice, this is set to the tested core. | D28: Limits
A29: Voltage Type | B29: vbump | C29: vbump or fixed | D29: MAX | E29: MIN
A30: Voltage IA | C30: {=_xlfn.SWITCH(B29,"vbump",_xlfn.SWITCH(TRUE,experiment0131923[[#This Row],[Value]]="",MiscData!U15,experiment0131923[[#This Row],[Value]]>MiscData!N3,MiscData!U4,experiment0131923[[#This Row],[Value]]<MiscData!O3,MiscData!U5,MiscData!U3),"fixed",_xlfn.SWITCH(TRUE,experiment0131923[[#This Row],[Value]]="",MiscData!U15,experiment0131923[[#This Row],[Value]]>MiscData!N7,MiscData!U4,experiment0131923[[#This Row],[Value]]<MiscData!O7,MiscData!U5,MiscData!U3),"")} -> Not Configured | D30: {=_xlfn.SWITCH(B$29,"vbump",MiscData!N3,"fixed",MiscData!N7,"")} -> 0.2 | E30: {=_xlfn.SWITCH(B$29,"vbump",MiscData!O3,"fixed",MiscData!O7,"")} -> -0.2
A31: Voltage CFC | C31: {=_xlfn.SWITCH(B29,"vbump",_xlfn.SWITCH(TRUE,experiment0131923[[#This Row],[Value]]="",MiscData!U15,experiment0131923[[#This Row],[Value]]>MiscData!N4,MiscData!U4,experiment0131923[[#This Row],[Value]]<MiscData!O4,MiscData!U5,MiscData!U3),"fixed",_xlfn.SWITCH(TRUE,experiment0131923[[#This Row],[Value]]="",MiscData!U15,experiment0131923[[#This Row],[Value]]>MiscData!N8,MiscData!U4,experiment0131923[[#This Row],[Value]]<MiscData!O8,MiscData!U5,MiscData!U3),"")} -> Not Configured | D31: {=_xlfn.SWITCH(B$29,"vbump",MiscData!N4,"fixed",MiscData!N8,"")} -> 0.2 | E31: {=_xlfn.SWITCH(B$29,"vbump",MiscData!O4,"fixed",MiscData!O8,"")} -> -0.2
A32: Frequency IA | C32: {=_xlfn.SWITCH(TRUE,experiment0131923[[#This Row],[Value]]="",MiscData!U15,experiment0131923[[#This Row],[Value]]>MiscData!Q3,MiscData!U4,experiment0131923[[#This Row],[Value]]<MiscData!R3,MiscData!U5,MiscData!U3)} -> Not Configured | D32: =MiscData!Q3 -> 44 | E32: =MiscData!R3 -> 5
A33: Frequency CFC | C33: {=_xlfn.SWITCH(TRUE,experiment0131923[[#This Row],[Value]]="",MiscData!U15,experiment0131923[[#This Row],[Value]]>MiscData!Q4,MiscData!U4,experiment0131923[[#This Row],[Value]]<MiscData!R4,MiscData!U5,MiscData!U3)} -> Not Configured | D33: =MiscData!Q4 -> 22 | E33: =MiscData!R4 -> 8
A34: Loops | B34: 5 | C34: {=_xlfn.SWITCH(B6,"Loops",MiscData!U6,MiscData!U14)} -> Number of Loops to run
A35: Type | B35: Voltage | C35: {=_xlfn.SWITCH($B$6,"Sweep",MiscData!U7,MiscData!$U$14)} -> Not used
A36: Domain | B36: IA | C36: {=_xlfn.SWITCH($B$6,"Sweep",MiscData!U8,MiscData!$U$14)} -> Not used
A37: Start | B37: -0.03 | C37: {=_xlfn.SWITCH($B$6,"Sweep",MiscData!U9,MiscData!$U$14)} -> Not used
A38: End | B38: 0.06 | C38: {=_xlfn.SWITCH($B$6,"Sweep",MiscData!U10,MiscData!$U$14)} -> Not used
A39: Steps | B39: 0.03 | C39: {=_xlfn.SWITCH($B$6,"Sweep",MiscData!U11,MiscData!$U$14)} -> Not used
A40: ShmooFile | B40: C:\SystemDebug\Shmoos\RVPShmooConfig.json | C40: {=_xlfn.SWITCH($B$6,"Shmoo",MiscData!U12,MiscData!$U$14)} -> Not used
A41: ShmooLabel | B41: COREFIX | C41: {=_xlfn.SWITCH($B$6,"Shmoo",MiscData!U13,MiscData!$U$14)} -> Not used
A42: Linux Pre Command | C42: Optional -- Linux Shell Command or script to be used before running Content | D42: Linux
A43: Linux Post Command | C43: Optional -- Linux Shell Command or script to be used after running Content
A44: Linux Pass String | C44: Optional -- Linux Pass string if empty will use global fail string
A45: Linux Fail String | C45: Optional -- Linux Fail string if empty will use global pass string
A46: Startup Linux | B46: startup_linux.nsh | C46: Optional -- Script to start linux from EFI -- usually bootlinux.nsh or startup_linux.nsh
A47: Linux Path | B47: cd /root/content/DPM/TSL | C47: Optional -- Linux Path to content
A48: Linux Content Wait Time | B48: 999999 | C48: Optional -- Wait Time for Content
A49: Linux Content Line 0 | B49: /root/content/LOS/TSL/bin/tslengine -F /root/content/DPM/TSL/GNR1C_depth_HT.list -L 3000 -z U304_depth_3s.log -o -r 10 | C49: Content Command Line [ up to 10 can be set add more lines if required]
A50: Linux Content Line 1 | C50: Optional -- Content Command Line [ up to 10 can be set add more lines if required]
A51: Linux Content Line 2 | C51: Optional -- Content Command Line [ up to 10 can be set add more lines if required]
A52: Dragon Pre Command | C52: Optional -- EFI Shell Command or script to be used before running Content | D52: Dragon
A53: Dragon Post Command | C53: Optional -- EFI Shell Command or script to be used after running Content
A54: Startup Dragon | B54: startup_efi.nsh | C54: Optional -- Script with preset conditions for the content [ex. ReserveMemory]
A55: ULX Path | B55: FS1:\EFI\ulx | C55: ULX -- Path to script
A56: ULX CPU | B56: GNR_B0 | C56: ULX -- CPU to be used [GNR_B0, CWF]
A57: Product Chop | B57: GNR | C57: ULX -- Specify Product
A58: VVAR0 | B58: 0x4C4B40 | C58: VVAR -- Test Runtime [ex. 3 sec = 3,000,000 us = 0x2DC6C0]
A59: VVAR1 | B59: 80064000 | C59: VVAR -- 32-bit fixed point value to scale VV[0x00] -- Use 80064000 for System
A60: VVAR2 | B60: 0x1000000 | C60: VVAR -- Thread Count VVAR -- Mesh Content use: 0x1000000 -- Slice Content Use: GNR = 0x1000002, CWF = 0x1000004
A61: VVAR3 | B61: 0x4000000 | C61: VVAR -- Debug Flags -- Check: https://wiki.ith.intel.com/spaces/MPV/pages/1206292923/Dragon+VVDEBUG+Decoder
A62: VVAR_EXTRA | C62: Optional -- Additional VVAR Parameters
A63: Dragon Content Path | B63: FS1:\content\Dragon\7410_0x0E_PPV_MegaMem\GNR128C_H_1UP\ | C63: Path to Content
A64: Dragon Content Line | C64: Optional -- Filters to content, add them sepparated by comma
A65: Stop on Fail | B65: TRUE | C65: Defines if run regression will stop after first fail
A66: Merlin Name | B66: MerlinX.efi | C66: MERLIN -- Name of the Merlin file
A67: Merlin Drive | B67: FS1: | C67: MERLIN -- Drive where Merlin is located
A68: Merlin Path | B68: FS1:\EFI\Version8.15\BinFiles\Release | C68: MERLIN -- Path to Merlin Files

Sheet TSL_1sDepth
A1: Test Configuration | C1: Field Notes
A2: Field | B2: Value
A3: Experiment | B3: Enabled | C3: {=_xlfn.SWITCH(experiment013192324[[#This Row],[Value]],"Disabled","Experiment disabled will not run", " Experiment recipe enabled")} -> Experiment recipe enabled
A4: Test Name | B4: TSL1s_Depth | C4: Name of Test to be executed
A5: Test Mode | B5: Mesh | C5: Test Mode: Slice or Mesh
A6: Test Type | B6: Loops | C6: Type of test: Loops, Sweep or Shmoo
A7: Visual ID | B7: 759Q17J500189 | C7: Unit Visual ID
A8: Bucket | B8: 3Strike | C8: Unit Assigned Bucket
A9: COM Port | B9: 8 | C9: Serial Port to communicate to MB
A10: IP Address | B10: 10.250.0.2 | C10: IP Address to communicate to MB
A11: TTL Folder | B11: Q:\DPM_Debug\GNR\Logs\3Strike\759Q17J500189\\TTL_Linux | C11: Teraterm TTL Macros Folder Location with Commands.ttl and Connect.ttl files
A12: Scripts File | C12: Script File to be loaded before Test Execution
A13: Post Process | C13: Script File to be loaded after Test Execution
A14: Pass String | B14: exit: pass | C14: Lookup String for a Pass Condition of the Test
A15: Fail String | B15: exit: fail | C15: Lookup String for a Fail Condition of the Test
A16: Content | B16: Linux | C16: Select your content: Linux | Dragon | PYSConsole (Custom Python Script)
A17: Test Number | B17: 9 | C17: First Number to be assigned to your test iteration
A18: Test Time | B18: 30 | C18: Wait time to be used for watchdog monitoring of console, in case unit is hang or failed during execution
A19: Reset | B19: TRUE | C19: Reset Unit before Starting first experiment
A20: Reset on PASS | B20: TRUE | C20: Reset Unit after each PASS
A21: FastBoot | B21: TRUE | C21: if Mesh Masking is selected, set this to False
A22: Core License | C22: Leave Blank if not used
A23: 600W Unit | B23: TRUE | C23: True or False
A24: Pseudo Config | B24: FALSE | C24: {=IF(MiscData!C1="AtomCore",MiscData!U14,_xlfn.SWITCH($B$5,"Slice",MiscData!U14,MiscData!U16))} -> Set if using Pseudo Mesh Content, to disable HT
A25: Configuration (Mask) | C25: =_xlfn.XLOOKUP(B5,MiscData!K3:K5,MiscData!L3:L5) -> Mesh Options: RowPass1, RowPass2, RowPass3, FirstPass, SecondPass, ThirdPass || Leave Blank if Full Chip
A26: Boot Breakpoint | C26: {=_xlfn.SWITCH(B16,"PYSVConsole",MiscData!U18,MiscData!U14)} -> Not used
A27: Disable 2 Cores | C27: =IF(MiscData!C1="AtomCore",MiscData!U17,MiscData!U14) -> Not used
A28: Check Core | B28: 36 | C28: Used in Mesh Mode to check an specific core data, such as voltage, frequency, license, dcf… If slice, this is set to the tested core. | D28: Limits
A29: Voltage Type | B29: vbump | C29: vbump or fixed | D29: MAX | E29: MIN
A30: Voltage IA | C30: {=_xlfn.SWITCH(B29,"vbump",_xlfn.SWITCH(TRUE,experiment013192324[[#This Row],[Value]]="",MiscData!U15,experiment013192324[[#This Row],[Value]]>MiscData!N3,MiscData!U4,experiment013192324[[#This Row],[Value]]<MiscData!O3,MiscData!U5,MiscData!U3),"fixed",_xlfn.SWITCH(TRUE,experiment013192324[[#This Row],[Value]]="",MiscData!U15,experiment013192324[[#This Row],[Value]]>MiscData!N7,MiscData!U4,experiment013192324[[#This Row],[Value]]<MiscData!O7,MiscData!U5,MiscData!U3),"")} -> Not Configured | D30: {=_xlfn.SWITCH(B$29,"vbump",MiscData!N3,"fixed",MiscData!N7,"")} -> 0.2 | E30: {=_xlfn.SWITCH(B$29,"vbump",MiscData!O3,"fixed",MiscData!O7,"")} -> -0.2
A31: Voltage CFC | C31: {=_xlfn.SWITCH(B29,"vbump",_xlfn.SWITCH(TRUE,experiment013192324[[#This Row],[Value]]="",MiscData!U15,experiment013192324[[#This Row],[Value]]>MiscData!N4,MiscData!U4,experiment013192324[[#This Row],[Value]]<MiscData!O4,MiscData!U5,MiscData!U3),"fixed",_xlfn.SWITCH(TRUE,experiment013192324[[#This Row],[Value]]="",MiscData!U15,experiment013192324[[#This Row],[Value]]>MiscData!N8,MiscData!U4,experiment013192324[[#This Row],[Value]]<MiscData!O8,MiscData!U5,MiscData!U3),"")} -> Not Configured | D31: {=_xlfn.SWITCH(B$29,"vbump",MiscData!N4,"fixed",MiscData!N8,"")} -> 0.2 | E31: {=_xlfn.SWITCH(B$29,"vbump",MiscData!O4,"fixed",MiscData!O8,"")} -> -0.2
A32: Frequency IA | C32: {=_xlfn.SWITCH(TRUE,experiment013192324[[#This Row],[Value]]="",MiscData!U15,experiment013192324[[#This Row],[Value]]>MiscData!Q3,MiscData!U4,experiment013192324[[#This Row],[Value]]<MiscData!R3,MiscData!U5,MiscData!U3)} -> Not Configured | D32: =MiscData!Q3 -> 44 | E32: =MiscData!R3 -> 5
A33: Frequency CFC | C33: {=_xlfn.SWITCH(TRUE,experiment013192324[[#This Row],[Value]]="",MiscData!U15,experiment013192324[[#This Row],[Value]]>MiscData!Q4,MiscData!U4,experiment013192324[[#This Row],[Value]]<MiscData!R4,MiscData!U5,MiscData!U3)} -> Not Configured | D33: =MiscData!Q4 -> 22 | E33: =MiscData!R4 -> 8
A34: Loops | B34: 5 | C34: {=_xlfn.SWITCH(B6,"Loops",MiscData!U6,MiscData!U14)} -> Number of Loops to run
A35: Type | B35: Voltage | C35: {=_xlfn.SWITCH($B$6,"Sweep",MiscData!U7,MiscData!$U$14)} -> Not used
A36: Domain | B36: IA | C36: {=_xlfn.SWITCH($B$6,"Sweep",MiscData!U8,MiscData!$U$14)} -> Not used
A37: Start | B37: -0.03 | C37: {=_xlfn.SWITCH($B$6,"Sweep",MiscData!U9,MiscData!$U$14)} -> Not used
A38: End | B38: 0.06 | C38: {=_xlfn.SWITCH($B$6,"Sweep",MiscData!U10,MiscData!$U$14)} -> Not used
A39: Steps | B39: 0.03 | C39: {=_xlfn.SWITCH($B$6,"Sweep",MiscData!U11,MiscData!$U$14)} -> Not used
A40: ShmooFile | B40: C:\SystemDebug\Shmoos\RVPShmooConfig.json | C40: {=_xlfn.SWITCH($B$6,"Shmoo",MiscData!U12,MiscData!$U$14)} -> Not used
A41: ShmooLabel | B41: COREFIX | C41: {=_xlfn.SWITCH($B$6,"Shmoo",MiscData!U13,MiscData!$U$14)} -> Not used
A42: Linux Pre Command | C42: Optional -- Linux Shell Command or script to be used before running Content | D42: Linux
A43: Linux Post Command | C43: Optional -- Linux Shell Command or script to be used after running Content
A44: Linux Pass String | C44: Optional -- Linux Pass string if empty will use global fail string
A45: Linux Fail String | C45: Optional -- Linux Fail string if empty will use global pass string
A46: Startup Linux | B46: startup_linux.nsh | C46: Optional -- Script to start linux from EFI -- usually bootlinux.nsh or startup_linux.nsh
A47: Linux Path | B47: cd /root/content/DPM/TSL | C47: Optional -- Linux Path to content
A48: Linux Content Wait Time | B48: 999999 | C48: Optional -- Wait Time for Content
A49: Linux Content Line 0 | B49: /root/content/LOS/TSL/bin/tslengine -F /root/content/DPM/TSL/GNR1C_depth_HT.list -L 1000 -z U304_depth_1s.log -o -r 10 | C49: Content Command Line [ up to 10 can be set add more lines if required]
A50: Linux Content Line 1 | C50: Optional -- Content Command Line [ up to 10 can be set add more lines if required]
A51: Linux Content Line 2 | C51: Optional -- Content Command Line [ up to 10 can be set add more lines if required]
A52: Dragon Pre Command | C52: Optional -- EFI Shell Command or script to be used before running Content | D52: Dragon
A53: Dragon Post Command | C53: Optional -- EFI Shell Command or script to be used after running Content
A54: Startup Dragon | B54: startup_efi.nsh | C54: Optional -- Script with preset conditions for the content [ex. ReserveMemory]
A55: ULX Path | B55: FS1:\EFI\ulx | C55: ULX -- Path to script
A56: ULX CPU | B56: GNR_B0 | C56: ULX -- CPU to be used [GNR_B0, CWF]
A57: Product Chop | B57: GNR | C57: ULX -- Specify Product
A58: VVAR0 | B58: 0x4C4B40 | C58: VVAR -- Test Runtime [ex. 3 sec = 3,000,000 us = 0x2DC6C0]
A59: VVAR1 | B59: 80064000 | C59: VVAR -- 32-bit fixed point value to scale VV[0x00] -- Use 80064000 for System
A60: VVAR2 | B60: 0x1000000 | C60: VVAR -- Thread Count VVAR -- Mesh Content use: 0x1000000 -- Slice Content Use: GNR = 0x1000002, CWF = 0x1000004
A61: VVAR3 | B61: 0x4000000 | C61: VVAR -- Debug Flags -- Check: https://wiki.ith.intel.com/spaces/MPV/pages/1206292923/Dragon+VVDEBUG+Decoder
A62: VVAR_EXTRA | C62: Optional -- Additional VVAR Parameters
A63: Dragon Content Path | B63: FS1:\content\Dragon\7410_0x0E_PPV_MegaMem\GNR128C_H_1UP\ | C63: Path to Content
A64: Dragon Content Line | C64: Optional -- Filters to content, add them sepparated by comma
A65: Stop on Fail | B65: TRUE | C65: Defines if run regression will stop after first fail
A66: Merlin Name | B66: MerlinX.efi | C66: MERLIN -- Name of the Merlin file
A67: Merlin Drive | B67: FS1: | C67: MERLIN -- Drive where Merlin is located
A68: Merlin Path | B68: FS1:\EFI\Version8.15\BinFiles\Release | C68: MERLIN -- Path to Merlin Files

Sheet TSL_500msDepth
A1: Test Configuration | C1: Field Notes
A2: Field | B2: Value
A3: Experiment | B3: Enabled | C3: {=_xlfn.SWITCH(experiment01319232425[[#This Row],[Value]],"Disabled","Experiment disabled will not run", " Experiment recipe enabled")} -> Experiment recipe enabled
A4: Test Name | B4: TSL500ms_Depth | C4: Name of Test to be executed
A5: Test Mode | B5: Mesh | C5: Test Mode: Slice or Mesh
A6: Test Type | B6: Loops | C6: Type of test: Loops, Sweep or Shmoo
A7: Visual ID | B7: 759Q17J500189 | C7: Unit Visual ID
A8: Bucket | B8: 3Strike | C8: Unit Assigned Bucket
A9: COM Port | B9: 8 | C9: Serial Port to communicate to MB
A10: IP Address | B10: 10.250.0.2 | C10: IP Address to communicate to MB
A11: TTL Folder | B11: Q:\DPM_Debug\GNR\Logs\3Strike\759Q17J500189\\TTL_Linux | C11: Teraterm TTL Macros Folder Location with Commands.ttl and Connect.ttl files
A12: Scripts File | C12: Script File to be loaded before Test Execution
A13: Post Process | C13: Script File to be loaded after Test Execution
A14: Pass String | B14: exit: pass | C14: Lookup String for a Pass Condition of the Test
A15: Fail String | B15: exit: fail | C15: Lookup String for a Fail Condition of the Test
A16: Content | B16: Linux | C16: Select your content: Linux | Dragon | PYSConsole (Custom Python Script)
A17: Test Number | B17: 9 | C17: First Number to be assigned to your test iteration
A18: Test Time | B18: 30 | C18: Wait time to be used for watchdog monitoring of console, in case unit is hang or failed during execution
A19: Reset | B19: TRUE | C19: Reset Unit before Starting first experiment
A20: Reset on PASS | B20: TRUE | C20: Reset Unit after each PASS
A21: FastBoot | B21: TRUE | C21: if Mesh Masking is selected, set this to False
A22: Core License | C22: Leave Blank if not used
A23: 600W Unit | B23: TRUE | C23: True or False
A24: Pseudo Config | B24: FALSE | C24: {=IF(MiscData!C1="AtomCore",MiscData!U14,_xlfn.SWITCH($B$5,"Slice",MiscData!U14,MiscData!U16))} -> Set if using Pseudo Mesh Content, to disable HT
A25: Configuration (Mask) | C25: =_xlfn.XLOOKUP(B5,MiscData!K3:K5,MiscData!L3:L5) -> Mesh Options: RowPass1, RowPass2, RowPass3, FirstPass, SecondPass, ThirdPass || Leave Blank if Full Chip
A26: Boot Breakpoint | C26: {=_xlfn.SWITCH(B16,"PYSVConsole",MiscData!U18,MiscData!U14)} -> Not used
A27: Disable 2 Cores | C27: =IF(MiscData!C1="AtomCore",MiscData!U17,MiscData!U14) -> Not used
A28: Check Core | B28: 36 | C28: Used in Mesh Mode to check an specific core data, such as voltage, frequency, license, dcf… If slice, this is set to the tested core. | D28: Limits
A29: Voltage Type | B29: vbump | C29: vbump or fixed | D29: MAX | E29: MIN
A30: Voltage IA | C30: {=_xlfn.SWITCH(B29,"vbump",_xlfn.SWITCH(TRUE,experiment01319232425[[#This Row],[Value]]="",MiscData!U15,experiment01319232425[[#This Row],[Value]]>MiscData!N3,MiscData!U4,experiment01319232425[[#This Row],[Value]]<MiscData!O3,MiscData!U5,MiscData!U3),"fixed",_xlfn.SWITCH(TRUE,experiment01319232425[[#This Row],[Value]]="",MiscData!U15,experiment01319232425[[#This Row],[Value]]>MiscData!N7,MiscData!U4,experiment01319232425[[#This Row],[Value]]<MiscData!O7,MiscData!U5,MiscData!U3),"")} -> Not Configured | D30: {=_xlfn.SWITCH(B$29,"vbump",MiscData!N3,"fixed",MiscData!N7,"")} -> 0.2 | E30: {=_xlfn.SWITCH(B$29,"vbump",MiscData!O3,"fixed",MiscData!O7,"")} -> -0.2
A31: Voltage CFC | C31: {=_xlfn.SWITCH(B29,"vbump",_xlfn.SWITCH(TRUE,experiment01319232425[[#This Row],[Value]]="",MiscData!U15,experiment01319232425[[#This Row],[Value]]>MiscData!N4,MiscData!U4,experiment01319232425[[#This Row],[Value]]<MiscData!O4,MiscData!U5,MiscData!U3),"fixed",_xlfn.SWITCH(TRUE,experiment01319232425[[#This Row],[Value]]="",MiscData!U15,experiment01319232425[[#This Row],[Value]]>MiscData!N8,MiscData!U4,experiment01319232425[[#This Row],[Value]]<MiscData!O8,MiscData!U5,MiscData!U3),"")} -> Not Configured | D31: {=_xlfn.SWITCH(B$29,"vbump",MiscData!N4,"fixed",MiscData!N8,"")} -> 0.2 | E31: {=_xlfn.SWITCH(B$29,"vbump",MiscData!O4,"fixed",MiscData!O8,"")} -> -0.2
A32: Frequency IA | C32: {=_xlfn.SWITCH(TRUE,experiment01319232425[[#This Row],[Value]]="",MiscData!U15,experiment01319232425[[#This Row],[Value]]>MiscData!Q3,MiscData!U4,experiment01319232425[[#This Row],[Value]]<MiscData!R3,MiscData!U5,MiscData!U3)} -> Not Configured | D32: =MiscData!Q3 -> 44 | E32: =MiscData!R3 -> 5
A33: Frequency CFC | C33: {=_xlfn.SWITCH(TRUE,experiment01319232425[[#This Row],[Value]]="",MiscData!U15,experiment01319232425[[#This Row],[Value]]>MiscData!Q4,MiscData!U4,experiment01319232425[[#This Row],[Value]]<MiscData!R4,MiscData!U5,MiscData!U3)} -> Not Configured | D33: =MiscData!Q4 -> 22 | E33: =MiscData!R4 -> 8
A34: Loops | B34: 5 | C34: {=_xlfn.SWITCH(B6,"Loops",MiscData!U6,MiscData!U14)} -> Number of Loops to run
A35: Type | B35: Voltage | C35: {=_xlfn.SWITCH($B$6,"Sweep",MiscData!U7,MiscData!$U$14)} -> Not used
A36: Domain | B36: IA | C36: {=_xlfn.SWITCH($B$6,"Sweep",MiscData!U8,MiscData!$U$14)} -> Not used
A37: Start | B37: -0.03 | C37: {=_xlfn.SWITCH($B$6,"Sweep",MiscData!U9,MiscData!$U$14)} -> Not used
A38: End | B38: 0.06 | C38: {=_xlfn.SWITCH($B$6,"Sweep",MiscData!U10,MiscData!$U$14)} -> Not used
A39: Steps | B39: 0.03 | C39: {=_xlfn.SWITCH($B$6,"Sweep",MiscData!U11,MiscData!$U$14)} -> Not used
A40: ShmooFile | B40: C:\SystemDebug\Shmoos\RVPShmooConfig.json | C40: {=_xlfn.SWITCH($B$6,"Shmoo",MiscData!U12,MiscData!$U$14)} -> Not used
A41: ShmooLabel | B41: COREFIX | C41: {=_xlfn.SWITCH($B$6,"Shmoo",MiscData!U13,MiscData!$U$14)} -> Not used
A42: Linux Pre Command | C42: Optional -- Linux Shell Command or script to be used before running Content | D42: Linux
A43: Linux Post Command | C43: Optional -- Linux Shell Command or script to be used after running Content
A44: Linux Pass String | C44: Optional -- Linux Pass string if empty will use global fail string
A45: Linux Fail String | C45: Optional -- Linux Fail string if empty will use global pass string
A46: Startup Linux | B46: startup_linux.nsh | C46: Optional -- Script to start linux from EFI -- usually bootlinux.nsh or startup_linux.nsh
A47: Linux Path | B47: cd /root/content/DPM/TSL | C47: Optional -- Linux Path to content
A48: Linux Content Wait Time | B48: 999999 | C48: Optional -- Wait Time for Content
A49: Linux Content Line 0 | B49: /root/content/LOS/TSL/bin/tslengine -F /root/content/DPM/TSL/GNR1C_depth_HT.list -L 500 -z U304_depth_500ms.log -o -r 10 | C49: Content Command Line [ up to 10 can be set add more lines if required]
A50: Linux Content Line 1 | C50: Optional -- Content Command Line [ up to 10 can be set add more lines if required]
A51: Linux Content Line 2 | C51: Optional -- Content Command Line [ up to 10 can be set add more lines if required]
A52: Dragon Pre Command | C52: Optional -- EFI Shell Command or script to be used before running Content | D52: Dragon
A53: Dragon Post Command | C53: Optional -- EFI Shell Command or script to be used after running Content
A54: Startup Dragon | B54: startup_efi.nsh | C54: Optional -- Script with preset conditions for the content [ex. ReserveMemory]
A55: ULX Path | B55: FS1:\EFI\ulx | C55: ULX -- Path to script
A56: ULX CPU | B56: GNR_B0 | C56: ULX -- CPU to be used [GNR_B0, CWF]
A57: Product Chop | B57: GNR | C57: ULX -- Specify Product
A58: VVAR0 | B58: 0x4C4B40 | C58: VVAR -- Test Runtime [ex. 3 sec = 3,000,000 us = 0x2DC6C0]
A59: VVAR1 | B59: 80064000 | C59: VVAR -- 32-bit fixed point value to scale VV[0x00] -- Use 80064000 for System
A60: VVAR2 | B60: 0x1000000 | C60: VVAR -- Thread Count VVAR -- Mesh Content use: 0x1000000 -- Slice Content Use: GNR = 0x1000002, CWF = 0x1000004
A61: VVAR3 | B61: 0x4000000 | C61: VVAR -- Debug Flags -- Check: https://wiki.ith.intel.com/spaces/MPV/pages/1206292923/Dragon+VVDEBUG+Decoder
A62: VVAR_EXTRA | C62: Optional -- Additional VVAR Parameters
A63: Dragon Content Path | B63: FS1:\content\Dragon\7410_0x0E_PPV_MegaMem\GNR128C_H_1UP\ | C63: Path to Content
A64: Dragon Content Line | C64: Optional -- Filters to content, add them sepparated by comma
A65: Stop on Fail | B65: TRUE | C65: Defines if run regression will stop after first fail
A66: Merlin Name | B66: MerlinX.efi | C66: MERLIN -- Name of the Merlin file
A67: Merlin Drive | B67: FS1: | C67: MERLIN -- Drive where Merlin is located
A68: Merlin Path | B68: FS1:\EFI\Version8.15\BinFiles\Release | C68: MERLIN -- Path to Merlin Files

Sheet TSL_100msDepth
A1: Test Configuration | C1: Field Notes
A2: Field | B2: Value
A3: Experiment | B3: Enabled | C3: {=_xlfn.SWITCH(experiment0131923242526[[#This Row],[Value]],"Disabled","Experiment disabled will not run", " Experiment recipe enabled")} -> Experiment recipe enabled
A4: Test Name | B4: TSL100ms_Depth | C4: Name of Test to be executed
A5: Test Mode | B5: Mesh | C5: Test Mode: Slice or Mesh
A6: Test Type | B6: Loops | C6: Type of test: Loops, Sweep or Shmoo
A7: Visual ID | B7: 759Q17J500189 | C7: Unit Visual ID
A8: Bucket | B8: 3Strike | C8: Unit Assigned Bucket
A9: COM Port | B9: 8 | C9: Serial Port to communicate to MB
A10: IP Address | B10: 10.250.0.2 | C10: IP Address to communicate to MB
A11: TTL Folder | B11: Q:\DPM_Debug\GNR\Logs\3Strike\759Q17J500189\\TTL_Linux | C11: Teraterm TTL Macros Folder Location with Commands.ttl and Connect.ttl files
A12: Scripts File | C12: Script File to be loaded before Test Execution
A13: Post Process | C13: Script File to be loaded after Test Execution
A14: Pass String | B14: exit: pass | C14: Lookup String for a Pass Condition of the Test
A15: Fail String | B15: exit: fail | C15: Lookup String for a Fail Condition of the Test
A16: Content | B16: Linux | C16: Select your content: Linux | Dragon | PYSConsole (Custom Python Script)
A17: Test Number | B17: 9 | C17: First Number to be assigned to your test iteration
A18: Test Time | B18: 30 | C18: Wait time to be used for watchdog monitoring of console, in case unit is hang or failed during execution
A19: Reset | B19: TRUE | C19: Reset Unit before Starting first experiment
A20: Reset on PASS | B20: TRUE | C20: Reset Unit after each PASS
A21: FastBoot | B21: TRUE | C21: if Mesh Masking is selected, set this to False
A22: Core License | C22: Leave Blank if not used
A23: 600W Unit | B23: TRUE | C23: True or False
A24: Pseudo Config | B24: FALSE | C24: {=IF(MiscData!C1="AtomCore",MiscData!U14,_xlfn.SWITCH($B$5,"Slice",MiscData!U14,MiscData!U16))} -> Set if using Pseudo Mesh Content, to disable HT
A25: Configuration (Mask) | C25: =_xlfn.XLOOKUP(B5,MiscData!K3:K5,MiscData!L3:L5) -> Mesh Options: RowPass1, RowPass2, RowPass3, FirstPass, SecondPass, ThirdPass || Leave Blank if Full Chip
A26: Boot Breakpoint | C26: {=_xlfn.SWITCH(B16,"PYSVConsole",MiscData!U18,MiscData!U14)} -> Not used
A27: Disable 2 Cores | C27: =IF(MiscData!C1="AtomCore",MiscData!U17,MiscData!U14) -> Not used
A28: Check Core | B28: 36 | C28: Used in Mesh Mode to check an specific core data, such as voltage, frequency, license, dcf… If slice, this is set to the tested core. | D28: Limits
A29: Voltage Type | B29: vbump | C29: vbump or fixed | D29: MAX | E29: MIN
A30: Voltage IA | C30: {=_xlfn.SWITCH(B29,"vbump",_xlfn.SWITCH(TRUE,experiment0131923242526[[#This Row],[Value]]="",MiscData!U15,experiment0131923242526[[#This Row],[Value]]>MiscData!N3,MiscData!U4,experiment0131923242526[[#This Row],[Value]]<MiscData!O3,MiscData!U5,MiscData!U3),"fixed",_xlfn.SWITCH(TRUE,experiment0131923242526[[#This Row],[Value]]="",MiscData!U15,experiment0131923242526[[#This Row],[Value]]>MiscData!N7,MiscData!U4,experiment0131923242526[[#This Row],[Value]]<MiscData!O7,MiscData!U5,MiscData!U3),"")} -> Not Configured | D30: {=_xlfn.SWITCH(B$29,"vbump",MiscData!N3,"fixed",MiscData!N7,"")} -> 0.2 | E30: {=_xlfn.SWITCH(B$29,"vbump",MiscData!O3,"fixed",MiscData!O7,"")} -> -0.2
A31: Voltage CFC | C31: {=_xlfn.SWITCH(B29,"vbump",_xlfn.SWITCH(TRUE,experiment0131923242526[[#This Row],[Value]]="",MiscData!U15,experiment0131923242526[[#This Row],[Value]]>MiscData!N4,MiscData!U4,experiment0131923242526[[#This Row],[Value]]<MiscData!O4,MiscData!U5,MiscData!U3),"fixed",_xlfn.SWITCH(TRUE,experiment0131923242526[[#This Row],[Value]]="",MiscData!U15,experiment0131923242526[[#This Row],[Value]]>MiscData!N8,MiscData!U4,experiment0131923242526[[#This Row],[Value]]<MiscData!O8,MiscData!U5,MiscData!U3),"")} -> Not Configured | D31: {=_xlfn.SWITCH(B$29,"vbump",MiscData!N4,"fixed",MiscData!N8,"")} -> 0.2 | E31: {=_xlfn.SWITCH(B$29,"vbump",MiscData!O4,"fixed",MiscData!O8,"")} -> -0.2
A32: Frequency IA | C32: {=_xlfn.SWITCH(TRUE,experiment0131923242526[[#This Row],[Value]]="",MiscData!U15,experiment0131923242526[[#This Row],[Value]]>MiscData!Q3,MiscData!U4,experiment0131923242526[[#This Row],[Value]]<MiscData!R3,MiscData!U5,MiscData!U3)} -> Not Configured | D32: =MiscData!Q3 -> 44 | E32: =MiscData!R3 -> 5
A33: Frequency CFC | C33: {=_xlfn.SWITCH(TRUE,experiment0131923242526[[#This Row],[Value]]="",MiscData!U15,experiment0131923242526[[#This Row],[Value]]>MiscData!Q4,MiscData!U4,experiment0131923242526[[#This Row],[Value]]<MiscData!R4,MiscData!U5,MiscData!U3)} -> Not Configured | D33: =MiscData!Q4 -> 22 | E33: =MiscData!R4 -> 8
A34: Loops | B34: 5 | C34: {=_xlfn.SWITCH(B6,"Loops",MiscData!U6,MiscData!U14)} -> Number of Loops to run
A35: Type | B35: Voltage | C35: {=_xlfn.SWITCH($B$6,"Sweep",MiscData!U7,MiscData!$U$14)} -> Not used
A36: Domain | B36: IA | C36: {=_xlfn.SWITCH($B$6,"Sweep",MiscData!U8,MiscData!$U$14)} -> Not used
A37: Start | B37: -0.03 | C37: {=_xlfn.SWITCH($B$6,"Sweep",MiscData!U9,MiscData!$U$14)} -> Not used
A38: End | B38: 0.06 | C38: {=_xlfn.SWITCH($B$6,"Sweep",MiscData!U10,MiscData!$U$14)} -> Not used
A39: Steps | B39: 0.03 | C39: {=_xlfn.SWITCH($B$6,"Sweep",MiscData!U11,MiscData!$U$14)} -> Not used
A40: ShmooFile | B40: C:\SystemDebug\Shmoos\RVPShmooConfig.json | C40: {=_xlfn.SWITCH($B$6,"Shmoo",MiscData!U12,MiscData!$U$14)} -> Not used
A41: ShmooLabel | B41: COREFIX | C41: {=_xlfn.SWITCH($B$6,"Shmoo",MiscData!U13,MiscData!$U$14)} -> Not used
A42: Linux Pre Command | C42: Optional -- Linux Shell Command or script to be used before running Content | D42: Linux
A43: Linux Post Command | C43: Optional -- Linux Shell Command or script to be used after running Content
A44: Linux Pass String | C44: Optional -- Linux Pass string if empty will use global fail string
A45: Linux Fail String | C45: Optional -- Linux Fail string if empty will use global pass string
A46: Startup Linux | B46: startup_linux.nsh | C46: Optional -- Script to start linux from EFI -- usually bootlinux.nsh or startup_linux.nsh
A47: Linux Path | B47: cd /root/content/DPM/TSL | C47: Optional -- Linux Path to content
A48: Linux Content Wait Time | B48: 999999 | C48: Optional -- Wait Time for Content
A49: Linux Content Line 0 | B49: /root/content/LOS/TSL/bin/tslengine -F /root/content/DPM/TSL/GNR1C_depth_HT.list -L 100 -z U304_depth_100ms.log -o -r 10 | C49: Content Command Line [ up to 10 can be set add more lines if required]
A50: Linux Content Line 1 | C50: Optional -- Content Command Line [ up to 10 can be set add more lines if required]
A51: Linux Content Line 2 | C51: Optional -- Content Command Line [ up to 10 can be set add more lines if required]
A52: Dragon Pre Command | C52: Optional -- EFI Shell Command or script to be used before running Content | D52: Dragon
A53: Dragon Post Command | C53: Optional -- EFI Shell Command or script to be used after running Content
A54: Startup Dragon | B54: startup_efi.nsh | C54: Optional -- Script with preset conditions for the content [ex. ReserveMemory]
A55: ULX Path | B55: FS1:\EFI\ulx | C55: ULX -- Path to script
A56: ULX CPU | B56: GNR_B0 | C56: ULX -- CPU to be used [GNR_B0, CWF]
A57: Product Chop | B57: GNR | C57: ULX -- Specify Product
A58: VVAR0 | B58: 0x4C4B40 | C58: VVAR -- Test Runtime [ex. 3 sec = 3,000,000 us = 0x2DC6C0]
A59: VVAR1 | B59: 80064000 | C59: VVAR -- 32-bit fixed point value to scale VV[0x00] -- Use 80064000 for System
A60: VVAR2 | B60: 0x1000000 | C60: VVAR -- Thread Count VVAR -- Mesh Content use: 0x1000000 -- Slice Content Use: GNR = 0x1000002, CWF = 0x1000004
A61: VVAR3 | B61: 0x4000000 | C61: VVAR -- Debug Flags -- Check: https://wiki.ith.intel.com/spaces/MPV/pages/1206292923/Dragon+VVDEBUG+Decoder
A62: VVAR_EXTRA | C62: Optional -- Additional VVAR Parameters
A63: Dragon Content Path | B63: FS1:\content\Dragon\7410_0x0E_PPV_MegaMem\GNR128C_H_1UP\ | C63: Path to Content
A64: Dragon Content Line | C64: Optional -- Filters to content, add them sepparated by comma
A65: Stop on Fail | B65: TRUE | C65: Defines if run regression will stop after first fail
A66: Merlin Name | B66: MerlinX.efi | C66: MERLIN -- Name of the Merlin file
A67: Merlin Drive | B67: FS1: | C67: MERLIN -- Drive where Merlin is located
A68: Merlin Path | B68: FS1:\EFI\Version8.15\BinFiles\Release | C68: MERLIN -- Path to Merlin Files

Sheet MLC
A1: Test Configuration | C1: Field Notes
A2: Field | B2: Value
A3: Experiment | B3: Enabled | C3: {=_xlfn.SWITCH(experiment013192327[[#This Row],[Value]],"Disabled","Experiment disabled will not run", " Experiment recipe enabled")} -> Experiment recipe enabled
A4: Test Name | B4: MLC | C4: Name of Test to be executed
A5: Test Mode | B5: Mesh | C5: Test Mode: Slice or Mesh
A6: Test Type | B6: Loops | C6: Type of test: Loops, Sweep or Shmoo
A7: Visual ID | B7: 759Q17J500189 | C7: Unit Visual ID
A8: Bucket | B8: 3Strike | C8: Unit Assigned Bucket
A9: COM Port | B9: 8 | C9: Serial Port to communicate to MB
A10: IP Address | B10: 10.250.0.2 | C10: IP Address to communicate to MB
A11: TTL Folder | B11: Q:\DPM_Debug\GNR\Logs\3Strike\759Q17J500189\\TTL_Linux | C11: Teraterm TTL Macros Folder Location with Commands.ttl and Connect.ttl files
A12: Scripts File | C12: Script File to be loaded before Test Execution
A13: Post Process | C13: Script File to be loaded after Test Execution
A14: Pass String | B14: Result=SUCCESS | C14: Lookup String for a Pass Condition of the Test
A15: Fail String | B15: Result=FAILED | C15: Lookup String for a Fail Condition of the Test
A16: Content | B16: Linux | C16: Select your content: Linux | Dragon | PYSConsole (Custom Python Script)
A17: Test Number | B17: 9 | C17: First Number to be assigned to your test iteration
A18: Test Time | B18: 30 | C18: Wait time to be used for watchdog monitoring of console, in case unit is hang or failed during execution
A19: Reset | B19: TRUE | C19: Reset Unit before Starting first experiment
A20: Reset on PASS | B20: TRUE | C20: Reset Unit after each PASS
A21: FastBoot | B21: TRUE | C21: if Mesh Masking is selected, set this to False
A22: Core License | C22: Leave Blank if not used
A23: 600W Unit | B23: TRUE | C23: True or False
A24: Pseudo Config | B24: FALSE | C24: {=IF(MiscData!C1="AtomCore",MiscData!U14,_xlfn.SWITCH($B$5,"Slice",MiscData!U14,MiscData!U16))} -> Set if using Pseudo Mesh Content, to disable HT
A25: Configuration (Mask) | C25: =_xlfn.XLOOKUP(B5,MiscData!K3:K5,MiscData!L3:L5) -> Mesh Options: RowPass1, RowPass2, RowPass3, FirstPass, SecondPass, ThirdPass || Leave Blank if Full Chip
A26: Boot Breakpoint | C26: {=_xlfn.SWITCH(B16,"PYSVConsole",MiscData!U18,MiscData!U14)} -> Not used
A27: Disable 2 Cores | C27: =IF(MiscData!C1="AtomCore",MiscData!U17,MiscData!U14) -> Not used
A28: Check Core | B28: 36 | C28: Used in Mesh Mode to check an specific core data, such as voltage, frequency, license, dcf… If slice, this is set to the tested core. | D28: Limits
A29: Voltage Type | B29: vbump | C29: vbump or fixed | D29: MAX | E29: MIN
A30: Voltage IA | C30: {=_xlfn.SWITCH(B29,"vbump",_xlfn.SWITCH(TRUE,experiment013192327[[#This Row],[Value]]="",MiscData!U15,experiment013192327[[#This Row],[Value]]>MiscData!N3,MiscData!U4,experiment013192327[[#This Row],[Value]]<MiscData!O3,MiscData!U5,MiscData!U3),"fixed",_xlfn.SWITCH(TRUE,experiment013192327[[#This Row],[Value]]="",MiscData!U15,experiment013192327[[#This Row],[Value]]>MiscData!N7,MiscData!U4,experiment013192327[[#This Row],[Value]]<MiscData!O7,MiscData!U5,MiscData!U3),"")} -> Not Configured | D30: {=_xlfn.SWITCH(B$29,"vbump",MiscData!N3,"fixed",MiscData!N7,"")} -> 0.2 | E30: {=_xlfn.SWITCH(B$29,"vbump",MiscData!O3,"fixed",MiscData!O7,"")} -> -0.2
A31: Voltage CFC | C31: {=_xlfn.SWITCH(B29,"vbump",_xlfn.SWITCH(TRUE,experiment013192327[[#This Row],[Value]]="",MiscData!U15,experiment013192327[[#This Row],[Value]]>MiscData!N4,MiscData!U4,experiment013192327[[#This Row],[Value]]<MiscData!O4,MiscData!U5,MiscData!U3),"fixed",_xlfn.SWITCH(TRUE,experiment013192327[[#This Row],[Value]]="",MiscData!U15,experiment013192327[[#This Row],[Value]]>MiscData!N8,MiscData!U4,experiment013192327[[#This Row],[Value]]<MiscData!O8,MiscData!U5,MiscData!U3),"")} -> Not Configured | D31: {=_xlfn.SWITCH(B$29,"vbump",MiscData!N4,"fixed",MiscData!N8,"")} -> 0.2 | E31: {=_xlfn.SWITCH(B$29,"vbump",MiscData!O4,"fixed",MiscData!O8,"")} -> -0.2
A32: Frequency IA | C32: {=_xlfn.SWITCH(TRUE,experiment013192327[[#This Row],[Value]]="",MiscData!U15,experiment013192327[[#This Row],[Value]]>MiscData!Q3,MiscData!U4,experiment013192327[[#This Row],[Value]]<MiscData!R3,MiscData!U5,MiscData!U3)} -> Not Configured | D32: =MiscData!Q3 -> 44 | E32: =MiscData!R3 -> 5
A33: Frequency CFC | C33: {=_xlfn.SWITCH(TRUE,experiment013192327[[#This Row],[Value]]="",MiscData!U15,experiment013192327[[#This Row],[Value]]>MiscData!Q4,MiscData!U4,experiment013192327[[#This Row],[Value]]<MiscData!R4,MiscData!U5,MiscData!U3)} -> Not Configured | D33: =MiscData!Q4 -> 22 | E33: =MiscData!R4 -> 8
A34: Loops | B34: 5 | C34: {=_xlfn.SWITCH(B6,"Loops",MiscData!U6,MiscData!U14)} -> Number of Loops to run
A35: Type | B35: Voltage | C35: {=_xlfn.SWITCH($B$6,"Sweep",MiscData!U7,MiscData!$U$14)} -> Not used
A36: Domain | B36: IA | C36: {=_xlfn.SWITCH($B$6,"Sweep",MiscData!U8,MiscData!$U$14)} -> Not used
A37: Start | B37: -0.03 | C37: {=_xlfn.SWITCH($B$6,"Sweep",MiscData!U9,MiscData!$U$14)} -> Not used
A38: End | B38: 0.06 | C38: {=_xlfn.SWITCH($B$6,"Sweep",MiscData!U10,MiscData!$U$14)} -> Not used
A39: Steps | B39: 0.03 | C39: {=_xlfn.SWITCH($B$6,"Sweep",MiscData!U11,MiscData!$U$14)} -> Not used
A40: ShmooFile | B40: C:\SystemDebug\Shmoos\RVPShmooConfig.json | C40: {=_xlfn.SWITCH($B$6,"Shmoo",MiscData!U12,MiscData!$U$14)} -> Not used
A41: ShmooLabel | B41: COREFIX | C41: {=_xlfn.SWITCH($B$6,"Shmoo",MiscData!U13,MiscData!$U$14)} -> Not used
A42: Linux Pre Command | C42: Optional -- Linux Shell Command or script to be used before running Content | D42: Linux
A43: Linux Post Command | C43: Optional -- Linux Shell Command or script to be used after running Content
A44: Linux Pass String | C44: Optional -- Linux Pass string if empty will use global fail string
A45: Linux Fail String | C45: Optional -- Linux Fail string if empty will use global pass string
A46: Startup Linux | B46: startup_linux.nsh | C46: Optional -- Script to start linux from EFI -- usually bootlinux.nsh or startup_linux.nsh
A47: Linux Path | B47: cd /root/content/DPM/MLC | C47: Optional -- Linux Path to content
A48: Linux Content Wait Time | B48: 999999 | C48: Optional -- Wait Time for Content
A49: Linux Content Line 0 | B49: /usr/local/bin/ocelot --flow /root/content/LOS/LOS-23WW24/Mlc/flows/Mlc.xml --write_log_file_to_stdout=on | C49: Content Command Line [ up to 10 can be set add more lines if required]
A50: Linux Content Line 1 | B50: /usr/local/bin/ocelot --flow /root/content/LOS/LOS-23WW24/Mlc/flows/Mlc_data_integrity.xml --write_log_file_to_stdout=on | C50: Optional -- Content Command Line [ up to 10 can be set add more lines if required]
A51: Linux Content Line 2 | B51: /usr/local/bin/ocelot --flow /root/content/LOS/LOS-23WW24/Mlc/flows/Mlc_mp1.xml --write_log_file_to_stdout=on | C51: Optional -- Content Command Line [ up to 10 can be set add more lines if required]
A52: Linux Content Line 3 | B52: /usr/local/bin/ocelot --flow /root/content/LOS/LOS-23WW24/Mlc/flows/Mlc_mp2.xml --write_log_file_to_stdout=on | C52: Optional -- Content Command Line [ up to 10 can be set add more lines if required]
A53: Dragon Pre Command | C53: Optional -- EFI Shell Command or script to be used before running Content | D53: Dragon
A54: Dragon Post Command | C54: Optional -- EFI Shell Command or script to be used after running Content
A55: Startup Dragon | B55: startup_efi.nsh | C55: Optional -- Script with preset conditions for the content [ex. ReserveMemory]
A56: ULX Path | B56: FS1:\EFI\ulx | C56: ULX -- Path to script
A57: ULX CPU | B57: GNR_B0 | C57: ULX -- CPU to be used [GNR_B0, CWF]
A58: Product Chop | B58: GNR | C58: ULX -- Specify Product
A59: VVAR0 | B59: 0x4C4B40 | C59: VVAR -- Test Runtime [ex. 3 sec = 3,000,000 us = 0x2DC6C0]
A60: VVAR1 | B60: 80064000 | C60: VVAR -- 32-bit fixed point value to scale VV[0x00] -- Use 80064000 for System
A61: VVAR2 | B61: 0x1000000 | C61: VVAR -- Thread Count VVAR -- Mesh Content use: 0x1000000 -- Slice Content Use: GNR = 0x1000002, CWF = 0x1000004
A62: VVAR3 | B62: 0x4000000 | C62: VVAR -- Debug Flags -- Check: https://wiki.ith.intel.com/spaces/MPV/pages/1206292923/Dragon+VVDEBUG+Decoder
A63: VVAR_EXTRA | C63: Optional -- Additional VVAR Parameters
A64: Dragon Content Path | B64: FS1:\content\Dragon\7410_0x0E_PPV_MegaMem\GNR128C_H_1UP\ | C64: Path to Content
A65: Dragon Content Line | C65: Optional -- Filters to content, add them sepparated by comma
A66: Stop on Fail | B66: TRUE | C66: Defines if run regression will stop after first fail
A67: Merlin Name | B67: MerlinX.efi | C67: MERLIN -- Name of the Merlin file
A68: Merlin Drive | B68: FS1: | C68: MERLIN -- Drive where Merlin is located
A69: Merlin Path | B69: FS1:\EFI\Version8.15\BinFiles\Release | C69: MERLIN -- Path to Merlin Files

Sheet Sandstone
A1: Test Configuration | C1: Field Notes
A2: Field | B2: Value
A3: Experiment | B3: Enabled | C3: {=_xlfn.SWITCH(experiment01319232728[[#This Row],[Value]],"Disabled","Experiment disabled will not run", " Experiment recipe enabled")} -> Experiment recipe enabled
A4: Test Name | B4: Sandstone | C4: Name of Test to be executed
A5: Test Mode | B5: Mesh | C5: Test Mode: Slice or Mesh
A6: Test Type | B6: Loops | C6: Type of test: Loops, Sweep or Shmoo
A7: Visual ID | B7: 759Q17J500189 | C7: Unit Visual ID
A8: Bucket | B8: 3Strike | C8: Unit Assigned Bucket
A9: COM Port | B9: 8 | C9: Serial Port to communicate to MB
A10: IP Address | B10: 10.250.0.2 | C10: IP Address to communicate to MB
A11: TTL Folder | B11: Q:\DPM_Debug\GNR\Logs\3Strike\759Q17J500189\\TTL_Linux | C11: Teraterm TTL Macros Folder Location with Commands.ttl and Connect.ttl files
A12: Scripts File | C12: Script File to be loaded before Test Execution
A13: Post Process | C13: Script File to be loaded after Test Execution
A14: Pass String | B14: exit: pass | C14: Lookup String for a Pass Condition of the Test
A15: Fail String | B15: exit: fail | C15: Lookup String for a Fail Condition of the Test
A16: Content | B16: Linux | C16: Select your content: Linux | Dragon | PYSConsole (Custom Python Script)
A17: Test Number | B17: 9 | C17: First Number to be assigned to your test iteration
A18: Test Time | B18: 30 | C18: Wait time to be used for watchdog monitoring of console, in case unit is hang or failed during execution
A19: Reset | B19: TRUE | C19: Reset Unit before Starting first experiment
A20: Reset on PASS | B20: TRUE | C20: Reset Unit after each PASS
A21: FastBoot | B21: TRUE | C21: if Mesh Masking is selected, set this to False
A22: Core License | C22: Leave Blank if not used
A23: 600W Unit | B23: TRUE | C23: True or False
A24: Pseudo Config | B24: FALSE | C24: {=IF(MiscData!C1="AtomCore",MiscData!U14,_xlfn.SWITCH($B$5,"Slice",MiscData!U14,MiscData!U16))} -> Set if using Pseudo Mesh Content, to disable HT
A25: Configuration (Mask) | C25: =_xlfn.XLOOKUP(B5,MiscData!K3:K5,MiscData!L3:L5) -> Mesh Options: RowPass1, RowPass2, RowPass3, FirstPass, SecondPass, ThirdPass || Leave Blank if Full Chip
A26: Boot Breakpoint | C26: {=_xlfn.SWITCH(B16,"PYSVConsole",MiscData!U18,MiscData!U14)} -> Not used
A27: Disable 2 Cores | C27: =IF(MiscData!C1="AtomCore",MiscData!U17,MiscData!U14) -> Not used
A28: Check Core | B28: 36 | C28: Used in Mesh Mode to check an specific core data, such as voltage, frequency, license, dcf… If slice, this is set to the tested core. | D28: Limits
A29: Voltage Type | B29: vbump | C29: vbump or fixed | D29: MAX | E29: MIN
A30: Voltage IA | C30: {=_xlfn.SWITCH(B29,"vbump",_xlfn.SWITCH(TRUE,experiment01319232728[[#This Row],[Value]]="",MiscData!U15,experiment01319232728[[#This Row],[Value]]>MiscData!N3,MiscData!U4,experiment01319232728[[#This Row],[Value]]<MiscData!O3,MiscData!U5,MiscData!U3),"fixed",_xlfn.SWITCH(TRUE,experiment01319232728[[#This Row],[Value]]="",MiscData!U15,experiment01319232728[[#This Row],[Value]]>MiscData!N7,MiscData!U4,experiment01319232728[[#This Row],[Value]]<MiscData!O7,MiscData!U5,MiscData!U3),"")} -> Not Configured | D30: {=_xlfn.SWITCH(B$29,"vbump",MiscData!N3,"fixed",MiscData!N7,"")} -> 0.2 | E30: {=_xlfn.SWITCH(B$29,"vbump",MiscData!O3,"fixed",MiscData!O7,"")} -> -0.2
A31: Voltage CFC | C31: {=_xlfn.SWITCH(B29,"vbump",_xlfn.SWITCH(TRUE,experiment01319232728[[#This Row],[Value]]="",MiscData!U15,experiment01319232728[[#This Row],[Value]]>MiscData!N4,MiscData!U4,experiment01319232728[[#This Row],[Value]]<MiscData!O4,MiscData!U5,MiscData!U3),"fixed",_xlfn.SWITCH(TRUE,experiment01319232728[[#This Row],[Value]]="",MiscData!U15,experiment01319232728[[#This Row],[Value]]>MiscData!N8,MiscData!U4,experiment01319232728[[#This Row],[Value]]<MiscData!O8,MiscData!U5,MiscData!U3),"")} -> Not Configured | D31: {=_xlfn.SWITCH(B$29,"vbump",MiscData!N4,"fixed",MiscData!N8,"")} -> 0.2 | E31: {=_xlfn.SWITCH(B$29,"vbump",MiscData!O4,"fixed",MiscData!O8,"")} -> -0.2
A32: Frequency IA | C32: {=_xlfn.SWITCH(TRUE,experiment01319232728[[#This Row],[Value]]="",MiscData!U15,experiment01319232728[[#This Row],[Value]]>MiscData!Q3,MiscData!U4,experiment01319232728[[#This Row],[Value]]<MiscData!R3,MiscData!U5,MiscData!U3)} -> Not Configured | D32: =MiscData!Q3 -> 44 | E32: =MiscData!R3 -> 5
A33: Frequency CFC | C33: {=_xlfn.SWITCH(TRUE,experiment01319232728[[#This Row],[Value]]="",MiscData!U15,experiment01319232728[[#This Row],[Value]]>MiscData!Q4,MiscData!U4,experiment01319232728[[#This Row],[Value]]<MiscData!R4,MiscData!U5,MiscData!U3)} -> Not Configured | D33: =MiscData!Q4 -> 22 | E33: =MiscData!R4 -> 8
A34: Loops | B34: 5 | C34: {=_xlfn.SWITCH(B6,"Loops",MiscData!U6,MiscData!U14)} -> Number of Loops to run
A35: Type | B35: Voltage | C35: {=_xlfn.SWITCH($B$6,"Sweep",MiscData!U7,MiscData!$U$14)} -> Not used
A36: Domain | B36: IA | C36: {=_xlfn.SWITCH($B$6,"Sweep",MiscData!U8,MiscData!$U$14)} -> Not used
A37: Start | B37: -0.03 | C37: {=_xlfn.SWITCH($B$6,"Sweep",MiscData!U9,MiscData!$U$14)} -> Not used
A38: End | B38: 0.06 | C38: {=_xlfn.SWITCH($B$6,"Sweep",MiscData!U10,MiscData!$U$14)} -> Not used
A39: Steps | B39: 0.03 | C39: {=_xlfn.SWITCH($B$6,"Sweep",MiscData!U11,MiscData!$U$14)} -> Not used
A40: ShmooFile | B40: C:\SystemDebug\Shmoos\RVPShmooConfig.json | C40: {=_xlfn.SWITCH($B$6,"Shmoo",MiscData!U12,MiscData!$U$14)} -> Not used
A41: ShmooLabel | B41: COREFIX | C41: {=_xlfn.SWITCH($B$6,"Shmoo",MiscData!U13,MiscData!$U$14)} -> Not used
A42: Linux Pre Command | C42: Optional -- Linux Shell Command or script to be used before running Content | D42: Linux
A43: Linux Post Command | C43: Optional -- Linux Shell Command or script to be used after running Content
A44: Linux Pass String | C44: Optional -- Linux Pass string if empty will use global fail string
A45: Linux Fail String | C45: Optional -- Linux Fail string if empty will use global pass string
A46: Startup Linux | B46: startup_linux.nsh | C46: Optional -- Script to start linux from EFI -- usually bootlinux.nsh or startup_linux.nsh
A47: Linux Path | B47: cd /root/content/DPM/Sandstone | C47: Optional -- Linux Path to content
A48: Linux Content Wait Time | B48: 999999 | C48: Optional -- Wait Time for Content
A49: Linux Content Line 0 | B49: /root/content/LOS/TSL/bin/sandstone --max-test-loop-count=5 -t 200 -vv -o 0304_nominal_alltest.log | C49: Content Command Line [ up to 10 can be set add more lines if required]
A50: Linux Content Line 1 | C50: Optional -- Content Command Line [ up to 10 can be set add more lines if required]
A51: Linux Content Line 2 | C51: Optional -- Content Command Line [ up to 10 can be set add more lines if required]
A52: Linux Content Line 3 | C52: Optional -- Content Command Line [ up to 10 can be set add more lines if required]
A53: Dragon Pre Command | C53: Optional -- EFI Shell Command or script to be used before running Content | D53: Dragon
A54: Dragon Post Command | C54: Optional -- EFI Shell Command or script to be used after running Content
A55: Startup Dragon | B55: startup_efi.nsh | C55: Optional -- Script with preset conditions for the content [ex. ReserveMemory]
A56: ULX Path | B56: FS1:\EFI\ulx | C56: ULX -- Path to script
A57: ULX CPU | B57: GNR_B0 | C57: ULX -- CPU to be used [GNR_B0, CWF]
A58: Product Chop | B58: GNR | C58: ULX -- Specify Product
A59: VVAR0 | B59: 0x4C4B40 | C59: VVAR -- Test Runtime [ex. 3 sec = 3,000,000 us = 0x2DC6C0]
A60: VVAR1 | B60: 80064000 | C60: VVAR -- 32-bit fixed point value to scale VV[0x00] -- Use 80064000 for System
A61: VVAR2 | B61: 0x1000000 | C61: VVAR -- Thread Count VVAR -- Mesh Content use: 0x1000000 -- Slice Content Use: GNR = 0x1000002, CWF = 0x1000004
A62: VVAR3 | B62: 0x4000000 | C62: VVAR -- Debug Flags -- Check: https://wiki.ith.intel.com/spaces/MPV/pages/1206292923/Dragon+VVDEBUG+Decoder
A63: VVAR_EXTRA | C63: Optional -- Additional VVAR Parameters
A64: Dragon Content Path | B64: FS1:\content\Dragon\7410_0x0E_PPV_MegaMem\GNR128C_H_1UP\ | C64: Path to Content
A65: Dragon Content Line | C65: Optional -- Filters to content, add them sepparated by comma
A66: Stop on Fail | B66: TRUE | C66: Defines if run regression will stop after first fail
A67: Merlin Name | B67: MerlinX.efi | C67: MERLIN -- Name of the Merlin file
A68: Merlin Drive | B68: FS1: | C68: MERLIN -- Drive where Merlin is located
A69: Merlin Path | B69: FS1:\EFI\Version8.15\BinFiles\Release | C69: MERLIN -- Path to Merlin Files

Sheet MiscData
A1: Product | B1: GNR | C1: BigCore | X1: Modes | Y1: Product | Z1: Config | AA1: Values | AB1: Modes | AC1: Values | AD1: Mode
A2: Experiment | B2: Binary | C2: Sweep | D2: Domain | E2: Test Modes | F2: Content | G2: Dis2CPM | H2: Test Type | I2: Voltage Type | J2: Core License | K2: Mask Options | L2: Description | M2: vbumps | N2: Max | O2: Min | P2: Frequency | Q2: Max | R2: Min | T2: Case | U2: Text | Z2: ="" | AA2: ="" | AB2: Slice | AC2: {=_xlfn.SEQUENCE(180,1,0,1)} -> 0
A3: Enabled | B3: TRUE | C3: Voltage | D3: IA | E3: Mesh | F3: Dragon | H3: Loops | I3: vbump | K3: Slice | L3: Use Physical Core Number | M3: IA | N3: 0.2 | O3: -0.2 | P3: IA | Q3: 44 | R3: 5 | T3: Default | U3: In range. Leave Blank if not used | X3: Mesh | Y3: GNR | Z3: RowPass1 | AA3: {=_xlfn._xlws.FILTER(Z3:Z18,Y3:Y18=B1,"")} -> RowPass1 | AB3: Slice | AC3: 1 | AD3: {=_xlfn.SWITCH(BaselineMesh!B5,"Mesh",_xlfn._TRO_TRAILING(MiscData!AA2:AA20),"Slice",_xlfn.ANCHORARRAY(MiscData!AC2),"")}
A4: Disabled | B4: FALSE | C4: Frequency | D4: CFC | E4: Slice | F4: Linux | G4: 0x3 | H4: Sweep | I4: fixed | J4: 1: SSE/128 | K4: Mesh | L4: Mesh Options: RowPass1, RowPass2, RowPass3, FirstPass, SecondPass, ThirdPass || Leave Blank if Full Chip | M4: CFC | N4: 0.2 | O4: -0.2 | P4: CFC | Q4: 22 | R4: 8 | T4: Hi | U4: Value exceeds allowed max value, please check | X4: Mesh | Y4: GNR | Z4: RowPass2 | AA4: RowPass2 | AB4: Slice | AC4: 2 | AD4: RowPass1
F5: PYSVConsole | G5: 0xc | H5: Shmoo | I5: ppvc | J5: 2: AVX2/256 Light | T5: Lo | U5: Value is lower than minimum allowed value, please check | X5: Mesh | Y5: GNR | Z5: RowPass3 | AA5: RowPass3 | AB5: Slice | AC5: 3 | AD5: RowPass2
G6: 0x9 | J6: 3: AVX2/256 Heavy | M6: FIXED | N6: Max | O6: Min | T6: Loops | U6: Number of Loops to run | X6: Mesh | Y6: GNR | Z6: FirstPass | AA6: FirstPass | AB6: Slice | AC6: 4 | AD6: RowPass3
G7: 0xa | J7: 4: AVX3/512 Light | M7: IA | N7: 1.2 | O7: 0.4 | T7: Type | U7: Select Type: Frequency or Voltage | X7: Mesh | Y7: GNR | Z7: SecondPass | AA7: SecondPass | AB7: Slice | AC7: 5 | AD7: FirstPass
G8: 0x5 | J8: 5: AVX3/512 Heavy | M8: CFC | N8: 1.2 | O8: 0.4 | T8: Domain | U8: Select domain: IA or CFC | X8: Mesh | Y8: GNR | Z8: ThirdPass | AA8: ThirdPass | AB8: Slice | AC8: 6 | AD8: SecondPass
J9: 6: TMUL Light | T9: Start | U9: Start point of Sweep. Consider above limits for CFC / IA | X9: Mesh | Y9: CWF | Z9: RowPass1 | AB9: Slice | AC9: 7 | AD9: ThirdPass
J10: 7: TMUL Heavy | T10: End | U10: End point of Sweep. Consider above limits for CFC / IA | X10: Mesh | Y10: CWF | Z10: RowPass2 | AB10: Slice | AC10: 8
T11: Steps | U11: Size of each step | X11: Mesh | Y11: CWF | Z11: FirstPass | AB11: Slice | AC11: 9
T12: ShmooFile | U12: Path to Shmoo Config file | X12: Mesh | Y12: CWF | Z12: SecondPass | AB12: Slice | AC12: 10
T13: ShmooLabel | U13: Label of Shmoo to be used | X13: Mesh | AB13: Slice | AC13: 11
T14: NotSelected | U14: Not used | X14: Mesh | AB14: Slice | AC14: 12
T15: Empty | U15: Not Configured | X15: Mesh | AB15: Slice | AC15: 13
T16: Pseudo | U16: Set if using Pseudo Mesh Content, to disable HT | X16: Mesh | AB16: Slice | AC16: 14
T17: 2CPM | U17: Set if Disabling 2 Cores per Module, Hex Value of Cores to disable | X17: Mesh | AB17: Slice | AC17: 15
T18: PYSVConsole | U18: Boot Breakpoint only used when PYSVConsole mode is selected. This will stops current boot at selected break, useful for debugging Boot Units | X18: Mesh | AB18: Slice | AC18: 16
AB19: Slice | AC19: 17
AB20: Slice | AC20: 18
AB21: Slice | AC21: 19
AB22: Slice | AC22: 20
AB23: Slice | AC23: 21
AB24: Slice | AC24: 22
AB25: Slice | AC25: 23
AB26: Slice | AC26: 24
AB27: Slice | AC27: 25
AB28: Slice | AC28: 26
AB29: Slice | AC29: 27
AB30: Slice | AC30: 28
... AB181: Slice | AC181: 179
