Workbook
Name splitchar: ErrorData!$G$1

Sheet CHA
A1: VisualId | B1: Lot | C1: LatoStartWW | D1: LotsSeqKey | E1: UnitTestingSeqKey | F1: TestName | G1: TestValue | H1: Operation | I1: TestNameNumber | J1: TestNameWithoutNumeric | K1: PPVRun_MC
A2: 74TN777200064 | B2: J429E842 | C2: 202431 | D2: 13 | E2: 2 | F2: DPMB_SOCKET0__COMPUTE0__CPU__CORE8__ML2_CR_MC3_STATUS_8749 | G2: 0XB200000000400405 | H2: 8749 | I2: 0 | J2: DPMB_SOCKET0__COMPUTE0__CPU__CORE8__ML2_CR_MC3_STATUS_8749
A3: 74TN777200293 | B3: J431F837 | C3: 202433 | D3: 34 | E3: 3 | F3: DPMB_SOCKET0__COMPUTE1__CPU__CORE60__ML2_CR_MC3_STATUS_8749 | G3: 0XB200000000400405 | H3: 8749 | I3: 0 | J3: DPMB_SOCKET0__COMPUTE1__CPU__CORE60__ML2_CR_MC3_STATUS_8749
A4: 74UY667400068 | B4: J431F950 | C4: 202433 | D4: 81 | E4: 6 | F4: DPMB_SOCKET0__COMPUTE0__CPU__CORE0__ML2_CR_MC3_STATUS_8749 | G4: 0XE200000000400405 | H4: 8749 | I4: 0 | J4: DPMB_SOCKET0__COMPUTE0__CPU__CORE0__ML2_CR_MC3_STATUS_8749
A5: 74Y31V5300591 | B5: J432F360 | C5: 202433 | D5: 63 | E5: 6 | F5: DPMB_SOCKET0__COMPUTE1__CPU__CORE117__ML2_CR_MC3_STATUS_8749 | G5: 0XB200000000400405 | H5: 8749 | I5: 0 | J5: DPMB_SOCKET0__COMPUTE1__CPU__CORE117__ML2_CR_MC3_STATUS_8749
A6: 74BQ270100157 | B6: J429F054 | C6: 202432 | D6: 41 | E6: 15 | F6: DPMB_SOCKET0__COMPUTE2__CPU__CORE169__ML2_CR_MC3_STATUS_8749 | G6: 0XB200000000400405 | H6: 8749 | I6: 0 | J6: DPMB_SOCKET0__COMPUTE2__CPU__CORE169__ML2_CR_MC3_STATUS_8749

Sheet CORE
A1: VisualId | B1: Lot | C1: LatoStartWW | D1: LotsSeqKey | E1: UnitTestingSeqKey | F1: TestName | G1: TestValue | H1: Operation | I1: TestNameNumber | J1: TestNameWithoutNumeric | K1: PPVRun_MC
A2: 74TN777200064 | B2: J429E842 | C2: 202431 | D2: 13 | E2: 2 | F2: DPMB_SOCKET0__COMPUTE0__CPU__CORE8__ML2_CR_MC3_STATUS_8749 | G2: 0XB200000000400405 | H2: 8749 | I2: 0 | J2: DPMB_SOCKET0__COMPUTE0__CPU__CORE8__ML2_CR_MC3_STATUS_8749
A3: 74TN777200293 | B3: J431F837 | C3: 202433 | D3: 34 | E3: 3 | F3: DPMB_SOCKET0__COMPUTE1__CPU__CORE60__ML2_CR_MC3_STATUS_8749 | G3: 0XB200000000400405 | H3: 8749 | I3: 0 | J3: DPMB_SOCKET0__COMPUTE1__CPU__CORE60__ML2_CR_MC3_STATUS_8749
A4: 74UY667400068 | B4: J431F950 | C4: 202433 | D4: 81 | E4: 6 | F4: DPMB_SOCKET0__COMPUTE0__CPU__CORE0__ML2_CR_MC3_STATUS_8749 | G4: 0XE200000000400405 | H4: 8749 | I4: 0 | J4: DPMB_SOCKET0__COMPUTE0__CPU__CORE0__ML2_CR_MC3_STATUS_8749

Sheet PPV
B3: Final Bucket Data
B4: VisualId | C4: DpmBucket | D4: DecimaSite | E4: DecimaWW | F4: DecimaBucket | G4: DpmBucketAccuracy | H4: ProductConfigurationName | I4: BinDesc | J4: SubBucket | K4: Comments | L4: NextSteps
B5: 74TN777200064 | C5: UNCORE.LLC.DATA.PAR | E5: 202431 | G5: 40 | I5: LINUX_81_LINUX_OS_CONTENT_MLC_MP1_TIMEOUT, LINUX_81_TSL_HOT_NOMINAL_FREQUENCY_DEPTH_ROUND_ROBIN_SDETESTSEEDLOADER_3143_DQ20220X05RRC0_L_H_D_D_D, EFI_MARIONETTEWAITFOROS_WAITFOREFI_UNDEFINED_POWEROFF_HOT_COLD, LINUX_81_LINUX_OS_CONTENT_MLC_MP1_TIMEOUT, LINUX_81_LINUX_OS_CONTENT_MLC_MP1_TIMEOUT

Sheet MC_Check
B1: Bucket | C1: All | K1: Bin | L1: =_xlfn.XLOOKUP(H2,ppv[VisualId],ppv[BinDesc],"") -> LINUX_81_LINUX_OS_CONTENT_MLC_MP1_TIMEOUT, LINUX_81_TSL_HOT_NOMINAL_FREQUENCY_DEPTH_ROUND_ROBIN_SDETESTSEEDLOADER_3143_DQ20220X05RRC0_L_H_D_D_D, EFI_MARIONETTEWAITFOROS_WAITFOREFI_UNDEFINED_POWEROFF_HOT_COLD, LINUX_81_LINUX_OS_CONTENT_MLC_MP1_TIMEOUT, LINUX_81_LINUX_OS_CONTENT_MLC_MP1_TIMEOUT
B2: Units | C2: PPV | D2: Comments | E2: Next Steps | G2: Unit | H2: =B3 -> 74TN777200064 | X2: Data Format | AB2: DPMB | AD2: Show Top | AG2: 1
B3: {=IF(C1="All",_xlfn.UNIQUE(ppv[VisualId]),_xlfn._xlws.FILTER(ppv[VisualId],(ppv[SubBucket]=C1)*(IF(D1<>"",ISNUMBER(SEARCH(D1, ppv[Comments])),TRUE))))} -> 74TN777200064 | C3: =_xlfn.XLOOKUP(B3,ppv[VisualId],ppv[DpmBucket],"") -> UNCORE.LLC.DATA.PAR | G3: Accuracy | H3: =_xlfn.XLOOKUP(H2,ppv[VisualId],ppv[DpmBucketAccuracy],"") -> 40 | K3: CDIE | L3: R/C | M3: 0 | N3: 1 | O3: 2 | P3: 3 | Q3: 4 | R3: 5 | S3: 6 | T3: 7 | U3: 8 | V3: 9 | X3: Other | Z3: MEMORY | AC3: CORE | AG3: CHA | AJ3: LLC
C4: =_xlfn.XLOOKUP(B4,ppv[VisualId],ppv[DpmBucket],"") | G4: WW | H4: =_xlfn.XLOOKUP(H2,ppv[VisualId],ppv[DecimaWW],"") -> 202431 | K4: 0 | L4: 0 | M4: MDF | N4: MDF | O4: MDF | P4: MDF | Q4: MDF | R4: MDF | S4: MDF | T4: MDF | U4: MDF | V4: MDF | X4: Punit | Z4: MEM | AA4: Fail(s) | AC4: Top Failing Core(s) | AD4: Fail(s) | AE4: Type(s) | AG4: Top Failing CHA(s) | AH4: Fail(s) | AJ4: TopFailing LLC | AK4: Fail(s)
C5: =_xlfn.XLOOKUP(B5,ppv[VisualId],ppv[DpmBucket],"") | G5: Bucket | H5: =_xlfn.XLOOKUP(H2,ppv[VisualId],ppv[SubBucket]) -> 0 | L5: 1 | M5: 0 | N5: 2 | O5: =N5+7 -> 9 | P5: =O5+7 -> 16 | Q5: =P5+7 -> 23 | R5: =Q5+7 -> 30 | S5: =R5+7 -> 37 | T5: =S5+7 -> 44 | U5: =T5+7 -> 51 | V5: =U5+7 -> 58 | X5: {=IFERROR(_xlfn._xlws.FILTER(punitmcas[type],punitmcas[Counter]>0),"")} | Z5: {=IFERROR(_xlfn._xlws.FILTER(memss[Name],memss[MEMSS_Hitter_Count]>0),"")} | AA5: {=IFERROR(_xlfn._xlws.FILTER(memss[MEMSS_Hitter_Count],memss[MEMSS_Hitter_Count]>0),"")} | AC5: {=IFERROR("CORE"&_xlfn._xlws.FILTER(misc[location],misc[Core_Hitter_Count]>MAX(misc[Core_Hitter_Count]-AG2,0)),"")} -> CORE8 | AD5: {=IFERROR(_xlfn._xlws.FILTER(misc[Core_Hitter_Count],misc[Core_Hitter_Count]>MAX(misc[Core_Hitter_Count]-$AG$2,0)),"")} -> 1 | AE5: {=IFERROR(_xlfn._xlws.FILTER(misc[Core_FAILS],misc[Core_Hitter_Count]>MAX(misc[Core_Hitter_Count]-$AG$2,0)),"")} -> ML2 | AG5: {=IFERROR("CHA"&_xlfn._xlws.FILTER(misc[location],misc[CHA_Hitter_Count]>MAX(misc[CHA_Hitter_Count]-$AG$2,0)),"")} | AH5: {=IFERROR(_xlfn._xlws.FILTER(misc[CHA_Hitter_Count],misc[CHA_Hitter_Count]>MAX(misc[CHA_Hitter_Count]-$AG$2,0)),"")} | AJ5: {=IFERROR("LLC"&_xlfn._xlws.FILTER(misc[location],misc[LLC_Hitter_Count]>MAX(misc[LLC_Hitter_Count]-$AG$2,0)),"")} | AK5: {=IFERROR(_xlfn._xlws.FILTER(misc[LLC_Hitter_Count],misc[LLC_Hitter_Count]>MAX(misc[LLC_Hitter_Count]-$AG$2,0)),"")}
C6: =_xlfn.XLOOKUP(B6,ppv[VisualId],ppv[DpmBucket],"") | G6: =_xlfn.XLOOKUP(H2,ppv[VisualId],ppv[Comments]) -> 0 | L6: 2 | M6: =M5+1 -> 1 | N6: =N5+1 -> 3 | O6: =N6+7 -> 10 | P6: =O6+7 -> 17 | Q6: =P6+7 -> 24 | R6: =Q6+7 -> 31 | S6: =R6+7 -> 38 | T6: =S6+7 -> 45 | U6: =T6+7 -> 52 | V6: =U6+7 -> 59
C7: =_xlfn.XLOOKUP(B7,ppv[VisualId],ppv[DpmBucket],"") | G7: Postcodes | J7: FAILS | L7: 3 | M7: MC0 | N7: 4 | O7: =N7+7 -> 11 | P7: =O7+7 -> 18 | Q7: =P7+7 -> 25 | R7: =Q7+7 -> 32 | S7: =R7+7 -> 39 | T7: =S7+7 -> 46 | U7: =T7+7 -> 53 | V7: MC4
C8: =_xlfn.XLOOKUP(B8,ppv[VisualId],ppv[DpmBucket],"") | G8: {=_xlfn._xlws.FILTER(cha_mc[PPVRun_MC],((cha_mc[VisualId]=H2)*(ISNUMBER(SEARCH("BIOSNONSTICKYSCRATCHPAD",cha_mc[TestName])))),"")} | H8: {=_xlfn._xlws.FILTER(cha_mc[TestValue],((cha_mc[VisualId]=H2)*(ISNUMBER(SEARCH("BIOSNONSTICKYSCRATCHPAD",cha_mc[TestName])))),"")} | J8: LLC | L8: 4 | M8: MC1 | N8: 5 | O8: =N8+7 -> 12 | P8: =O8+7 -> 19 | Q8: =P8+7 -> 26 | R8: =Q8+7 -> 33 | S8: =R8+7 -> 40 | T8: =S8+7 -> 47 | U8: =T8+7 -> 54 | V8: MC5
C9: =_xlfn.XLOOKUP(B9,ppv[VisualId],ppv[DpmBucket],"") | J9: CORE | L9: 5 | M9: CH8 | N9: 6 | O9: =N9+7 -> 13 | P9: =O9+7 -> 20 | Q9: =P9+7 -> 27 | R9: =Q9+7 -> 34 | S9: =R9+7 -> 41 | T9: =S9+7 -> 48 | U9: =T9+7 -> 55 | V9: CH2
C10: =_xlfn.XLOOKUP(B10,ppv[VisualId],ppv[DpmBucket],"") | J10: CHA | L10: 6 | M10: CH9 | N10: 7 | O10: =N10+7 -> 14 | P10: =O10+7 -> 21 | Q10: =P10+7 -> 28 | R10: =Q10+7 -> 35 | S10: =R10+7 -> 42 | T10: =S10+7 -> 49 | U10: =T10+7 -> 56 | V10: CH3
C11: =_xlfn.XLOOKUP(B11,ppv[VisualId],ppv[DpmBucket],"") | J11: MEM | L11: 7 | M11: SPK | N11: 8 | O11: =N11+7 -> 15 | P11: =O11+7 -> 22 | Q11: =P11+7 -> 29 | R11: =Q11+7 -> 36 | S11: =R11+7 -> 43 | T11: =S11+7 -> 50 | U11: =T11+7 -> 57 | V11: SPK | X11: S3M
C12: =_xlfn.XLOOKUP(B12,ppv[VisualId],ppv[DpmBucket],"") | L12: 8 | M12: MDF | N12: MDF | O12: MDF | P12: MDF | Q12: MDF | R12: MDF | S12: MDF | T12: MDF | U12: MDF | V12: MDF | X12: {=IFERROR(_xlfn._xlws.FILTER(s3errors[type],s3errors[Counter]>0),"")}
C13: =_xlfn.XLOOKUP(B13,ppv[VisualId],ppv[DpmBucket],"")
C14: =_xlfn.XLOOKUP(B14,ppv[VisualId],ppv[DpmBucket],"") | K14: CDIE | L14: R/C | M14: 0 | N14: 1 | O14: 2 | P14: 3 | Q14: 4 | R14: 5 | S14: 6 | T14: 7 | U14: 8 | V14: 9
C15: =_xlfn.XLOOKUP(B15,ppv[VisualId],ppv[DpmBucket],"") | K15: 1 | L15: 0 | M15: MDF | N15: MDF | O15: MDF | P15: MDF | Q15: MDF | R15: MDF | S15: MDF | T15: MDF | U15: MDF | V15: MDF
C16: =_xlfn.XLOOKUP(B16,ppv[VisualId],ppv[DpmBucket],"") | L16: 1 | M16: =M5+60 -> 60 | N16: =N5+60 -> 62 | O16: =O5+60 -> 69 | P16: =P5+60 -> 76 | Q16: =Q5+60 -> 83 | R16: =R5+60 -> 90 | S16: =S5+60 -> 97 | T16: =T5+60 -> 104 | ... V16: =V5+60 -> 118
C17: =_xlfn.XLOOKUP(B17,ppv[VisualId],ppv[DpmBucket],"") | L17: 2 | M17: =M6+60 -> 61 | N17: =N6+60 -> 63 | O17: =O6+60 -> 70 | P17: =P6+60 -> 77 | Q17: =Q6+60 -> 84 | R17: =R6+60 -> 91 | S17: =S6+60 -> 98 | T17: =T6+60 -> 105 | ... V17: =V6+60 -> 119
C18: =_xlfn.XLOOKUP(B18,ppv[VisualId],ppv[DpmBucket],"") | J18: FAILS | L18: 3 | M18: MC0 | N18: =N7+60 -> 64 | O18: =O7+60 -> 71 | P18: =P7+60 -> 78 | Q18: =Q7+60 -> 85 | R18: =R7+60 -> 92 | S18: =S7+60 -> 99 | T18: =T7+60 -> 106 | U18: =T18+7 -> 113 | V18: MC4
C19: =_xlfn.XLOOKUP(B19,ppv[VisualId],ppv[DpmBucket],"") | J19: LLC | L19: 4 | M19: MC1 | N19: =N8+60 -> 65 | O19: =O8+60 -> 72 | P19: =P8+60 -> 79 | Q19: =Q8+60 -> 86 | R19: =R8+60 -> 93 | S19: =S8+60 -> 100 | T19: =T8+60 -> 107 | U19: =T19+7 -> 114 | V19: MC5
C20: =_xlfn.XLOOKUP(B20,ppv[VisualId],ppv[DpmBucket],"") | J20: CORE | L20: 5 | M20: CH6 | N20: =N9+60 -> 66 | O20: =O9+60 -> 73 | P20: =P9+60 -> 80 | Q20: =Q9+60 -> 87 | R20: =R9+60 -> 94 | S20: =S9+60 -> 101 | T20: =T9+60 -> 108 | U20: =T20+7 -> 115 | V20: CH0
C21: =_xlfn.XLOOKUP(B21,ppv[VisualId],ppv[DpmBucket],"") | J21: CHA | L21: 6 | M21: CH7 | N21: =N10+60 -> 67 | O21: =O10+60 -> 74 | P21: =P10+60 -> 81 | Q21: =Q10+60 -> 88 | R21: =R10+60 -> 95 | S21: =S10+60 -> 102 | T21: =T10+60 -> 109 | U21: =T21+7 -> 116 | V21: CH1
C22: =_xlfn.XLOOKUP(B22,ppv[VisualId],ppv[DpmBucket],"") | J22: MEM | L22: 7 | M22: SPK | N22: =N11+60 -> 68 | O22: =O11+60 -> 75 | P22: =P11+60 -> 82 | Q22: =Q11+60 -> 89 | R22: =R11+60 -> 96 | S22: =S11+60 -> 103 | T22: =T11+60 -> 110 | U22: =T22+7 -> 117 | V22: SPK
C23: =_xlfn.XLOOKUP(B23,ppv[VisualId],ppv[DpmBucket],"") | L23: 8 | M23: MDF | N23: MDF | O23: MDF | P23: MDF | Q23: MDF | R23: MDF | S23: MDF | T23: MDF | U23: MDF | V23: MDF
C24: =_xlfn.XLOOKUP(B24,ppv[VisualId],ppv[DpmBucket],"")
C25: =_xlfn.XLOOKUP(B25,ppv[VisualId],ppv[DpmBucket],"") | K25: CDIE | L25: R/C | M25: 0 | N25: 1 | O25: 2 | P25: 3 | Q25: 4 | R25: 5 | S25: 6 | T25: 7 | U25: 8 | V25: 9
C26: =_xlfn.XLOOKUP(B26,ppv[VisualId],ppv[DpmBucket],"") | K26: 2 | L26: 0 | M26: MDF | N26: MDF | O26: MDF | P26: MDF | Q26: MDF | R26: MDF | S26: MDF | T26: MDF | U26: MDF | V26: MDF
C27: =_xlfn.XLOOKUP(B27,ppv[VisualId],ppv[DpmBucket],"") | L27: 1 | M27: =M16+60 -> 120 | N27: =N16+60 -> 122 | O27: =O16+60 -> 129 | P27: =P16+60 -> 136 | Q27: =Q16+60 -> 143 | R27: =R16+60 -> 150 | S27: =S16+60 -> 157 | T27: =T16+60 -> 164 | ... V27: =V16+60 -> 178
C28: =_xlfn.XLOOKUP(B28,ppv[VisualId],ppv[DpmBucket],"") | L28: 2 | M28: =M17+60 -> 121 | N28: =N17+60 -> 123 | O28: =O17+60 -> 130 | P28: =P17+60 -> 137 | Q28: =Q17+60 -> 144 | R28: =R17+60 -> 151 | S28: =S17+60 -> 158 | T28: =T17+60 -> 165 | ... V28: =V17+60 -> 179
C29: =_xlfn.XLOOKUP(B29,ppv[VisualId],ppv[DpmBucket],"") | J29: FAILS | L29: 3 | M29: MC0 | N29: =N18+60 -> 124 | O29: =O18+60 -> 131 | P29: =P18+60 -> 138 | Q29: =Q18+60 -> 145 | R29: =R18+60 -> 152 | S29: =S18+60 -> 159 | T29: =T18+60 -> 166 | U29: =U18+60 -> 173 | V29: MC4
C30: =_xlfn.XLOOKUP(B30,ppv[VisualId],ppv[DpmBucket],"") | J30: LLC | L30: 4 | M30: MC1 | N30: =N19+60 -> 125 | O30: =O19+60 -> 132 | P30: =P19+60 -> 139 | Q30: =Q19+60 -> 146 | R30: =R19+60 -> 153 | S30: =S19+60 -> 160 | T30: =T19+60 -> 167 | U30: =U19+60 -> 174 | V30: MC5
C31: =_xlfn.XLOOKUP(B31,ppv[VisualId],ppv[DpmBucket],"") | J31: CORE | L31: 5 | M31: CH10 | N31: =N20+60 -> 126 | O31: =O20+60 -> 133 | P31: =P20+60 -> 140 | Q31: =Q20+60 -> 147 | R31: =R20+60 -> 154 | S31: =S20+60 -> 161 | T31: =T20+60 -> 168 | U31: =U20+60 -> 175 | V31: CH4
C32: =_xlfn.XLOOKUP(B32,ppv[VisualId],ppv[DpmBucket],"") | J32: CHA | L32: 6 | M32: CH11 | N32: =N21+60 -> 127 | O32: =O21+60 -> 134 | P32: =P21+60 -> 141 | Q32: =Q21+60 -> 148 | R32: =R21+60 -> 155 | S32: =S21+60 -> 162 | T32: =T21+60 -> 169 | U32: =U21+60 -> 176 | V32: CH5
C33: =_xlfn.XLOOKUP(B33,ppv[VisualId],ppv[DpmBucket],"") | J33: MEM | L33: 7 | M33: SPK | N33: =N22+60 -> 128 | O33: =O22+60 -> 135 | P33: =P22+60 -> 142 | Q33: =Q22+60 -> 149 | R33: =R22+60 -> 156 | S33: =S22+60 -> 163 | T33: =T22+60 -> 170 | U33: =U22+60 -> 177 | V33: SPK
C34: =_xlfn.XLOOKUP(B34,ppv[VisualId],ppv[DpmBucket],"") | L34: 8 | M34: MDF | N34: MDF | O34: MDF | P34: MDF | Q34: MDF | R34: MDF | S34: MDF | T34: MDF | U34: MDF | V34: MDF
C35: =_xlfn.XLOOKUP(B35,ppv[VisualId],ppv[DpmBucket],"")
C36: =_xlfn.XLOOKUP(B36,ppv[VisualId],ppv[DpmBucket],"")
C37: =_xlfn.XLOOKUP(B37,ppv[VisualId],ppv[DpmBucket],"")

Sheet ErrorData
A1: This Sheet is for miscelanous calculations, avoid modifying it unless necessary as it might end up giving wrong data analysis if not managed carefully. | F1: char | G1: =IF(MC_Check!AB2="DPMB","__",".") -> __ | AJ1: S3M | AN1: PUNIT
A2: Failing_LLC | B2: Failing_CHA | C2: Failing_Core | D2: Formats | F2: Compute | G2: location | H2: corefail | I2: llcfail | J2: chafail | K2: CHA_MCA_String | L2: CHA_Hitter_Count | M2: DCU_MCA_String | N2: Core_DCU_Count | O2: DTLB_MCA_String | P2: Core_DTLB_Count | Q2: IFU_MCA_String | R2: Core_IFU_Count | S2: CORE_MCA_String | T2: Core_ML2_Count | U2: Core_Hitter_Count | V2: Core_FAILS | W2: LLC_MCA_String | X2: LLC_Hitter_Count | AA2: Compute | AB2: location | AC2: Name | AD2: fail | AE2: MEMMS_MCA_String | AF2: MEMSS_Hitter_Count | AJ2: type | AK2: MCA_String | AL2: Counter | AN2: type | AO2: MCA_String | AP2: Counter
A3: {=IFERROR(SUBSTITUTE(_xlfn._xlws.FILTER(_xlfn.UNIQUE(cha_mc[VisualId]&cha_mc[TestName]),ISNUMBER(SEARCH(MC_Check!H2 & "*LLC*__MCI_STATUS*", _xlfn.UNIQUE(cha_mc[VisualId]&cha_mc[TestName])))),MC_Check!H2,""),"No LLC Data Found")} -> No LLC Data Found | B3: {=IFERROR(SUBSTITUTE(_xlfn._xlws.FILTER(_xlfn.UNIQUE(cha_mc[VisualId]&cha_mc[TestName]),ISNUMBER(SEARCH(MC_Check!H2 & "*CHA*UTIL__MC_STATUS*", _xlfn.UNIQUE(cha_mc[VisualId]&cha_mc[TestName])))),MC_Check!H2,""), "No CHA Data Found")} -> No CHA Data Found | C3: {=IFERROR(SUBSTITUTE(_xlfn._xlws.FILTER(_xlfn.UNIQUE(core_mc[VisualId]&core_mc[TestName]),ISNUMBER(SEARCH(MC_Check!H2 & "*CPU*CR_MC3_STATUS*", _xlfn.UNIQUE(core_mc[VisualId]&core_mc[TestName])))),MC_Check!H2,""), "No CORE Data Found")} -> DPMB_SOCKET0__COMPUTE0__CPU__CORE8__ML2_CR_MC3_STATUS_8749 | D3: DPMB | F3: 0 | G3: 0 | H3: =misc[[#This Row],[Core_Hitter_Count]]>0 -> FALSE | I3: =misc[[#This Row],[LLC_Hitter_Count]]>0 -> FALSE | J3: =misc[[#This Row],[CHA_Hitter_Count]]>0 -> FALSE | K3: =_xlfn.TEXTJOIN("",,"*SOCKET0**COMPUTE",misc[[#This Row],[Compute]],"**UNCORE**CHA**CHA",misc[[#This Row],[location]],splitchar,"UTIL**MC*STATUS*") -> *SOCKET0**COMPUTE0**UNCORE**CHA**CHA0__UTIL**MC*STATUS* | L3: =COUNTIFS(cha_mc[TestName],misc[[#This Row],[CHA_MCA_String]],cha_mc[VisualId],MC_Check!$H$2) -> 0 | M3: =_xlfn.TEXTJOIN("",,"*SOCKET0**COMPUTE",misc[[#This Row],[Compute]],"**CPU**CORE",misc[[#This Row],[location]],splitchar,"THREAD"&"*",splitchar,"DCU*CR*MC1*STATUS**") -> *SOCKET0**COMPUTE0**CPU**CORE0__THREAD*__DCU*CR*MC1*STATUS** | N3: =COUNTIFS(core_mc[TestName],misc[[#This Row],[DCU_MCA_String]],core_mc[VisualId],MC_Check!$H$2) -> 0 | O3: =_xlfn.TEXTJOIN("",,"*SOCKET0**COMPUTE",misc[[#This Row],[Compute]],"**CPU**CORE",misc[[#This Row],[location]],splitchar,"DTLB*CR*MC2*STATUS**") -> *SOCKET0**COMPUTE0**CPU**CORE0__DTLB*CR*MC2*STATUS** | P3: =COUNTIFS(core_mc[TestName],misc[[#This Row],[DTLB_MCA_String]],core_mc[VisualId],MC_Check!$H$2) -> 0 | Q3: =_xlfn.TEXTJOIN("",,"*SOCKET0**COMPUTE",misc[[#This Row],[Compute]],"**CPU**CORE",misc[[#This Row],[location]],splitchar,"THREAD"&"*",splitchar,"IFU*CR*MC0*STATUS**") -> *SOCKET0**COMPUTE0**CPU**CORE0__THREAD*__IFU*CR*MC0*STATUS** | R3: =COUNTIFS(core_mc[TestName],misc[[#This Row],[IFU_MCA_String]],core_mc[VisualId],MC_Check!$H$2) -> 0 | S3: =_xlfn.TEXTJOIN("",,"*SOCKET0**COMPUTE",misc[[#This Row],[Compute]],"**CPU**CORE",misc[[#This Row],[location]],splitchar,"ML2*CR*MC3*STATUS*") -> *SOCKET0**COMPUTE0**CPU**CORE0__ML2*CR*MC3*STATUS* | T3: =COUNTIFS(core_mc[TestName],misc[[#This Row],[CORE_MCA_String]],core_mc[VisualId],MC_Check!$H$2) -> 0 | U3: =misc[[#This Row],[Core_ML2_Count]]+misc[[#This Row],[Core_IFU_Count]]+misc[[#This Row],[Core_DCU_Count]]+misc[[#This Row],[Core_DTLB_Count]] -> 0 | V3: =_xlfn.TEXTJOIN(", ",,IF(misc[[#This Row],[Core_DCU_Count]]>0,"DCU",""),IF(misc[[#This Row],[Core_IFU_Count]]>0,"IFU",""),IF(misc[[#This Row],[Core_ML2_Count]]>0,"ML2",""),IF(misc[[#This Row],[Core_DTLB_Count]]>0,"DTLB","")) | W3: =_xlfn.TEXTJOIN("",,"*SOCKET0**COMPUTE",misc[[#This Row],[Compute]],"**UNCORE**SCF**SCF*LLC**SCF*LLC",misc[[#This Row],[location]],splitchar,"MCI*STATUS*") -> *SOCKET0**COMPUTE0**UNCORE**SCF**SCF*LLC**SCF*LLC0__MCI*STATUS* | X3: =COUNTIFS(cha_mc[TestName],misc[[#This Row],[LLC_MCA_String]],cha_mc[VisualId],MC_Check!$H$2) -> 0 | AA3: 1 | AB3: 0 | AC3: ="CH"&memss[[#This Row],[location]] -> CH0 | AD3: =memss[[#This Row],[MEMSS_Hitter_Count]]>0 -> FALSE | AE3: =_xlfn.TEXTJOIN("",,"*SOCKET0**SOC**MEMSS**B2CMI",memss[[#This Row],[location]],splitchar,"MCI*STATUS*SHADOW*") -> *SOCKET0**SOC**MEMSS**B2CMI0__MCI*STATUS*SHADOW* | AF3: =COUNTIFS(cha_mc[TestName],memss[[#This Row],[MEMMS_MCA_String]],cha_mc[VisualId],MC_Check!$H$2) -> 0 | AJ3: io0 | AK3: ="*SOCKET0**IO0**TAPS**IOW*GLBW*IS3M*IBL*TOP110"&splitchar&"TAP*S3M*ERR*STS*" -> *SOCKET0**IO0**TAPS**IOW*GLBW*IS3M*IBL*TOP110__TAP*S3M*ERR*STS* | AL3: =COUNTIFS(cha_mc[TestName],s3errors[[#This Row],[MCA_String]],cha_mc[VisualId],MC_Check!$H$2) -> 0 | AN3: io0 | AO3: ="*SOCKET0**IO0**UNCORE**PUNIT**PTPCFSMS**PTPCFSMS"&splitchar&"MC*STATUS*" -> *SOCKET0**IO0**UNCORE**PUNIT**PTPCFSMS**PTPCFSMS__MC*STATUS* | AP3: =COUNTIFS(cha_mc[TestName],punitmcas[[#This Row],[MCA_String]],cha_mc[VisualId],MC_Check!$H$2) -> 0
D4: REGISTERS | F4: 0 | G4: 1 | H4: =misc[[#This Row],[Core_Hitter_Count]]>0 -> FALSE | I4: =misc[[#This Row],[LLC_Hitter_Count]]>0 -> FALSE | J4: =misc[[#This Row],[CHA_Hitter_Count]]>0 -> FALSE | K4: =_xlfn.TEXTJOIN("",,"*SOCKET0**COMPUTE",misc[[#This Row],[Compute]],"**UNCORE**CHA**CHA",misc[[#This Row],[location]],splitchar,"UTIL**MC*STATUS*") -> *SOCKET0**COMPUTE0**UNCORE**CHA**CHA1__UTIL**MC*STATUS* | L4: =COUNTIFS(cha_mc[TestName],misc[[#This Row],[CHA_MCA_String]],cha_mc[VisualId],MC_Check!$H$2) -> 0 | M4: =_xlfn.TEXTJOIN("",,"*SOCKET0**COMPUTE",misc[[#This Row],[Compute]],"**CPU**CORE",misc[[#This Row],[location]],splitchar,"THREAD"&"*",splitchar,"DCU*CR*MC1*STATUS**") -> *SOCKET0**COMPUTE0**CPU**CORE1__THREAD*__DCU*CR*MC1*STATUS** | N4: =COUNTIFS(core_mc[TestName],misc[[#This Row],[DCU_MCA_String]],core_mc[VisualId],MC_Check!$H$2) -> 0 | O4: =_xlfn.TEXTJOIN("",,"*SOCKET0**COMPUTE",misc[[#This Row],[Compute]],"**CPU**CORE",misc[[#This Row],[location]],splitchar,"DTLB*CR*MC2*STATUS**") -> *SOCKET0**COMPUTE0**CPU**CORE1__DTLB*CR*MC2*STATUS** | P4: =COUNTIFS(core_mc[TestName],misc[[#This Row],[DTLB_MCA_String]],core_mc[VisualId],MC_Check!$H$2) -> 0 | Q4: =_xlfn.TEXTJOIN("",,"*SOCKET0**COMPUTE",misc[[#This Row],[Compute]],"**CPU**CORE",misc[[#This Row],[location]],splitchar,"THREAD"&"*",splitchar,"IFU*CR*MC0*STATUS**") -> *SOCKET0**COMPUTE0**CPU**CORE1__THREAD*__IFU*CR*MC0*STATUS** | R4: =COUNTIFS(core_mc[TestName],misc[[#This Row],[IFU_MCA_String]],core_mc[VisualId],MC_Check!$H$2) -> 0 | S4: =_xlfn.TEXTJOIN("",,"*SOCKET0**COMPUTE",misc[[#This Row],[Compute]],"**CPU**CORE",misc[[#This Row],[location]],splitchar,"ML2*CR*MC3*STATUS*") -> *SOCKET0**COMPUTE0**CPU**CORE1__ML2*CR*MC3*STATUS* | T4: =COUNTIFS(core_mc[TestName],misc[[#This Row],[CORE_MCA_String]],core_mc[VisualId],MC_Check!$H$2) -> 0 | U4: =misc[[#This Row],[Core_ML2_Count]]+misc[[#This Row],[Core_IFU_Count]]+misc[[#This Row],[Core_DCU_Count]]+misc[[#This Row],[Core_DTLB_Count]] -> 0 | V4: =_xlfn.TEXTJOIN(", ",,IF(misc[[#This Row],[Core_DCU_Count]]>0,"DCU",""),IF(misc[[#This Row],[Core_IFU_Count]]>0,"IFU",""),IF(misc[[#This Row],[Core_ML2_Count]]>0,"ML2",""),IF(misc[[#This Row],[Core_DTLB_Count]]>0,"DTLB","")) | W4: =_xlfn.TEXTJOIN("",,"*SOCKET0**COMPUTE",misc[[#This Row],[Compute]],"**UNCORE**SCF**SCF*LLC**SCF*LLC",misc[[#This Row],[location]],splitchar,"MCI*STATUS*") -> *SOCKET0**COMPUTE0**UNCORE**SCF**SCF*LLC**SCF*LLC1__MCI*STATUS* | X4: =COUNTIFS(cha_mc[TestName],misc[[#This Row],[LLC_MCA_String]],cha_mc[VisualId],MC_Check!$H$2) -> 0 | AA4: 1 | AB4: 1 | AC4: ="CH"&memss[[#This Row],[location]] -> CH1 | AD4: =memss[[#This Row],[MEMSS_Hitter_Count]]>0 -> FALSE | AE4: =_xlfn.TEXTJOIN("",,"*SOCKET0**SOC**MEMSS**B2CMI",memss[[#This Row],[location]],splitchar,"MCI*STATUS*SHADOW*") -> *SOCKET0**SOC**MEMSS**B2CMI1__MCI*STATUS*SHADOW* | AF4: =COUNTIFS(cha_mc[TestName],memss[[#This Row],[MEMMS_MCA_String]],cha_mc[VisualId],MC_Check!$H$2) -> 0 | AJ4: io1 | AK4: ="*SOCKET0**IO1**TAPS**IOW*GLBW*IS3M*IBL*TOP110"&splitchar&"TAP*S3M*ERR*STS**" -> *SOCKET0**IO1**TAPS**IOW*GLBW*IS3M*IBL*TOP110__TAP*S3M*ERR*STS** | AL4: =COUNTIFS(cha_mc[TestName],s3errors[[#This Row],[MCA_String]],cha_mc[VisualId],MC_Check!$H$2) -> 0 | AN4: io1 | AO4: ="*SOCKET0**IO1**UNCORE**PUNIT**PTPCFSMS**PTPCFSMS"&splitchar&"MC*STATUS*" -> *SOCKET0**IO1**UNCORE**PUNIT**PTPCFSMS**PTPCFSMS__MC*STATUS* | AP4: =COUNTIFS(cha_mc[TestName],punitmcas[[#This Row],[MCA_String]],cha_mc[VisualId],MC_Check!$H$2) -> 0
F5: 0 | G5: 2 | H5: =misc[[#This Row],[Core_Hitter_Count]]>0 -> FALSE | I5: =misc[[#This Row],[LLC_Hitter_Count]]>0 -> FALSE | J5: =misc[[#This Row],[CHA_Hitter_Count]]>0 -> FALSE | K5: =_xlfn.TEXTJOIN("",,"*SOCKET0**COMPUTE",misc[[#This Row],[Compute]],"**UNCORE**CHA**CHA",misc[[#This Row],[location]],splitchar,"UTIL**MC*STATUS*") -> *SOCKET0**COMPUTE0**UNCORE**CHA**CHA2__UTIL**MC*STATUS* | L5: =COUNTIFS(cha_mc[TestName],misc[[#This Row],[CHA_MCA_String]],cha_mc[VisualId],MC_Check!$H$2) -> 0 | M5: =_xlfn.TEXTJOIN("",,"*SOCKET0**COMPUTE",misc[[#This Row],[Compute]],"**CPU**CORE",misc[[#This Row],[location]],splitchar,"THREAD"&"*",splitchar,"DCU*CR*MC1*STATUS**") -> *SOCKET0**COMPUTE0**CPU**CORE2__THREAD*__DCU*CR*MC1*STATUS** | N5: =COUNTIFS(core_mc[TestName],misc[[#This Row],[DCU_MCA_String]],core_mc[VisualId],MC_Check!$H$2) -> 0 | O5: =_xlfn.TEXTJOIN("",,"*SOCKET0**COMPUTE",misc[[#This Row],[Compute]],"**CPU**CORE",misc[[#This Row],[location]],splitchar,"DTLB*CR*MC2*STATUS**") -> *SOCKET0**COMPUTE0**CPU**CORE2__DTLB*CR*MC2*STATUS** | P5: =COUNTIFS(core_mc[TestName],misc[[#This Row],[DTLB_MCA_String]],core_mc[VisualId],MC_Check!$H$2) -> 0 | Q5: =_xlfn.TEXTJOIN("",,"*SOCKET0**COMPUTE",misc[[#This Row],[Compute]],"**CPU**CORE",misc[[#This Row],[location]],splitchar,"THREAD"&"*",splitchar,"IFU*CR*MC0*STATUS**") -> *SOCKET0**COMPUTE0**CPU**CORE2__THREAD*__IFU*CR*MC0*STATUS** | R5: =COUNTIFS(core_mc[TestName],misc[[#This Row],[IFU_MCA_String]],core_mc[VisualId],MC_Check!$H$2) -> 0 | S5: =_xlfn.TEXTJOIN("",,"*SOCKET0**COMPUTE",misc[[#This Row],[Compute]],"**CPU**CORE",misc[[#This Row],[location]],splitchar,"ML2*CR*MC3*STATUS*") -> *SOCKET0**COMPUTE0**CPU**CORE2__ML2*CR*MC3*STATUS* | T5: =COUNTIFS(core_mc[TestName],misc[[#This Row],[CORE_MCA_String]],core_mc[VisualId],MC_Check!$H$2) -> 0 | U5: =misc[[#This Row],[Core_ML2_Count]]+misc[[#This Row],[Core_IFU_Count]]+misc[[#This Row],[Core_DCU_Count]]+misc[[#This Row],[Core_DTLB_Count]] -> 0 | V5: =_xlfn.TEXTJOIN(", ",,IF(misc[[#This Row],[Core_DCU_Count]]>0,"DCU",""),IF(misc[[#This Row],[Core_IFU_Count]]>0,"IFU",""),IF(misc[[#This Row],[Core_ML2_Count]]>0,"ML2",""),IF(misc[[#This Row],[Core_DTLB_Count]]>0,"DTLB","")) | W5: =_xlfn.TEXTJOIN("",,"*SOCKET0**COMPUTE",misc[[#This Row],[Compute]],"**UNCORE**SCF**SCF*LLC**SCF*LLC",misc[[#This Row],[location]],splitchar,"MCI*STATUS*") -> *SOCKET0**COMPUTE0**UNCORE**SCF**SCF*LLC**SCF*LLC2__MCI*STATUS* | X5: =COUNTIFS(cha_mc[TestName],misc[[#This Row],[LLC_MCA_String]],cha_mc[VisualId],MC_Check!$H$2) -> 0 | AA5: 0 | AB5: 2 | AC5: ="CH"&memss[[#This Row],[location]] -> CH2 | AD5: =memss[[#This Row],[MEMSS_Hitter_Count]]>0 -> FALSE | AE5: =_xlfn.TEXTJOIN("",,"*SOCKET0**SOC**MEMSS**B2CMI",memss[[#This Row],[location]],splitchar,"MCI*STATUS*SHADOW*") -> *SOCKET0**SOC**MEMSS**B2CMI2__MCI*STATUS*SHADOW* | AF5: =COUNTIFS(cha_mc[TestName],memss[[#This Row],[MEMMS_MCA_String]],cha_mc[VisualId],MC_Check!$H$2) -> 0 | AJ5: cdie0 | AK5: ="*SOCKET0**COMPUTE0**TAPS**IOW*GLBW*IS3M*IBL*TOP110"&splitchar&"TAP*S3M*ERR*STS**" -> *SOCKET0**COMPUTE0**TAPS**IOW*GLBW*IS3M*IBL*TOP110__TAP*S3M*ERR*STS** | AL5: =COUNTIFS(cha_mc[TestName],s3errors[[#This Row],[MCA_String]],cha_mc[VisualId],MC_Check!$H$2) -> 0 | AN5: cdie0 | AO5: ="*SOCKET0**COMPUTE0**UNCORE**PUNIT**PTPCFSMS**PTPCFSMS"&splitchar&"MC*STATUS*" -> *SOCKET0**COMPUTE0**UNCORE**PUNIT**PTPCFSMS**PTPCFSMS__MC*STATUS* | AP5: =COUNTIFS(cha_mc[TestName],punitmcas[[#This Row],[MCA_String]],cha_mc[VisualId],MC_Check!$H$2) -> 0
F6: 0 | G6: 3 | H6: =misc[[#This Row],[Core_Hitter_Count]]>0 -> FALSE | I6: =misc[[#This Row],[LLC_Hitter_Count]]>0 -> FALSE | J6: =misc[[#This Row],[CHA_Hitter_Count]]>0 -> FALSE | K6: =_xlfn.TEXTJOIN("",,"*SOCKET0**COMPUTE",misc[[#This Row],[Compute]],"**UNCORE**CHA**CHA",misc[[#This Row],[location]],splitchar,"UTIL**MC*STATUS*") -> *SOCKET0**COMPUTE0**UNCORE**CHA**CHA3__UTIL**MC*STATUS* | L6: =COUNTIFS(cha_mc[TestName],misc[[#This Row],[CHA_MCA_String]],cha_mc[VisualId],MC_Check!$H$2) -> 0 | M6: =_xlfn.TEXTJOIN("",,"*SOCKET0**COMPUTE",misc[[#This Row],[Compute]],"**CPU**CORE",misc[[#This Row],[location]],splitchar,"THREAD"&"*",splitchar,"DCU*CR*MC1*STATUS**") -> *SOCKET0**COMPUTE0**CPU**CORE3__THREAD*__DCU*CR*MC1*STATUS** | N6: =COUNTIFS(core_mc[TestName],misc[[#This Row],[DCU_MCA_String]],core_mc[VisualId],MC_Check!$H$2) -> 0 | O6: =_xlfn.TEXTJOIN("",,"*SOCKET0**COMPUTE",misc[[#This Row],[Compute]],"**CPU**CORE",misc[[#This Row],[location]],splitchar,"DTLB*CR*MC2*STATUS**") -> *SOCKET0**COMPUTE0**CPU**CORE3__DTLB*CR*MC2*STATUS** | P6: =COUNTIFS(core_mc[TestName],misc[[#This Row],[DTLB_MCA_String]],core_mc[VisualId],MC_Check!$H$2) -> 0 | Q6: =_xlfn.TEXTJOIN("",,"*SOCKET0**COMPUTE",misc[[#This Row],[Compute]],"**CPU**CORE",misc[[#This Row],[location]],splitchar,"THREAD"&"*",splitchar,"IFU*CR*MC0*STATUS**") -> *SOCKET0**COMPUTE0**CPU**CORE3__THREAD*__IFU*CR*MC0*STATUS** | R6: =COUNTIFS(core_mc[TestName],misc[[#This Row],[IFU_MCA_String]],core_mc[VisualId],MC_Check!$H$2) -> 0 | S6: =_xlfn.TEXTJOIN("",,"*SOCKET0**COMPUTE",misc[[#This Row],[Compute]],"**CPU**CORE",misc[[#This Row],[location]],splitchar,"ML2*CR*MC3*STATUS*") -> *SOCKET0**COMPUTE0**CPU**CORE3__ML2*CR*MC3*STATUS* | T6: =COUNTIFS(core_mc[TestName],misc[[#This Row],[CORE_MCA_String]],core_mc[VisualId],MC_Check!$H$2) -> 0 | U6: =misc[[#This Row],[Core_ML2_Count]]+misc[[#This Row],[Core_IFU_Count]]+misc[[#This Row],[Core_DCU_Count]]+misc[[#This Row],[Core_DTLB_Count]] -> 0 | V6: =_xlfn.TEXTJOIN(", ",,IF(misc[[#This Row],[Core_DCU_Count]]>0,"DCU",""),IF(misc[[#This Row],[Core_IFU_Count]]>0,"IFU",""),IF(misc[[#This Row],[Core_ML2_Count]]>0,"ML2",""),IF(misc[[#This Row],[Core_DTLB_Count]]>0,"DTLB","")) | W6: =_xlfn.TEXTJOIN("",,"*SOCKET0**COMPUTE",misc[[#This Row],[Compute]],"**UNCORE**SCF**SCF*LLC**SCF*LLC",misc[[#This Row],[location]],splitchar,"MCI*STATUS*") -> *SOCKET0**COMPUTE0**UNCORE**SCF**SCF*LLC**SCF*LLC3__MCI*STATUS* | X6: =COUNTIFS(cha_mc[TestName],misc[[#This Row],[LLC_MCA_String]],cha_mc[VisualId],MC_Check!$H$2) -> 0 | AA6: 0 | AB6: 3 | AC6: ="CH"&memss[[#This Row],[location]] -> CH3 | AD6: =memss[[#This Row],[MEMSS_Hitter_Count]]>0 -> FALSE | AE6: =_xlfn.TEXTJOIN("",,"*SOCKET0**SOC**MEMSS**B2CMI",memss[[#This Row],[location]],splitchar,"MCI*STATUS*SHADOW*") -> *SOCKET0**SOC**MEMSS**B2CMI3__MCI*STATUS*SHADOW* | AF6: =COUNTIFS(cha_mc[TestName],memss[[#This Row],[MEMMS_MCA_String]],cha_mc[VisualId],MC_Check!$H$2) -> 0 | AJ6: cdie1 | AK6: ="*SOCKET0**COMPUTE1**TAPS**IOW*GLBW*IS3M*IBL*TOP110"&splitchar&"TAP*S3M*ERR*STS**" -> *SOCKET0**COMPUTE1**TAPS**IOW*GLBW*IS3M*IBL*TOP110__TAP*S3M*ERR*STS** | AL6: =COUNTIFS(cha_mc[TestName],s3errors[[#This Row],[MCA_String]],cha_mc[VisualId],MC_Check!$H$2) -> 0 | AN6: cdie1 | AO6: ="*SOCKET0**COMPUTE1**UNCORE**PUNIT**PTPCFSMS**PTPCFSMS"&splitchar&"MC*STATUS*" -> *SOCKET0**COMPUTE1**UNCORE**PUNIT**PTPCFSMS**PTPCFSMS__MC*STATUS* | AP6: =COUNTIFS(cha_mc[TestName],punitmcas[[#This Row],[MCA_String]],cha_mc[VisualId],MC_Check!$H$2) -> 0
D7: ShowTop | F7: 0 | G7: 4 | H7: =misc[[#This Row],[Core_Hitter_Count]]>0 -> FALSE | I7: =misc[[#This Row],[LLC_Hitter_Count]]>0 -> FALSE | J7: =misc[[#This Row],[CHA_Hitter_Count]]>0 -> FALSE | K7: =_xlfn.TEXTJOIN("",,"*SOCKET0**COMPUTE",misc[[#This Row],[Compute]],"**UNCORE**CHA**CHA",misc[[#This Row],[location]],splitchar,"UTIL**MC*STATUS*") -> *SOCKET0**COMPUTE0**UNCORE**CHA**CHA4__UTIL**MC*STATUS* | L7: =COUNTIFS(cha_mc[TestName],misc[[#This Row],[CHA_MCA_String]],cha_mc[VisualId],MC_Check!$H$2) -> 0 | M7: =_xlfn.TEXTJOIN("",,"*SOCKET0**COMPUTE",misc[[#This Row],[Compute]],"**CPU**CORE",misc[[#This Row],[location]],splitchar,"THREAD"&"*",splitchar,"DCU*CR*MC1*STATUS**") -> *SOCKET0**COMPUTE0**CPU**CORE4__THREAD*__DCU*CR*MC1*STATUS** | N7: =COUNTIFS(core_mc[TestName],misc[[#This Row],[DCU_MCA_String]],core_mc[VisualId],MC_Check!$H$2) -> 0 | O7: =_xlfn.TEXTJOIN("",,"*SOCKET0**COMPUTE",misc[[#This Row],[Compute]],"**CPU**CORE",misc[[#This Row],[location]],splitchar,"DTLB*CR*MC2*STATUS**") -> *SOCKET0**COMPUTE0**CPU**CORE4__DTLB*CR*MC2*STATUS** | P7: =COUNTIFS(core_mc[TestName],misc[[#This Row],[DTLB_MCA_String]],core_mc[VisualId],MC_Check!$H$2) -> 0 | Q7: =_xlfn.TEXTJOIN("",,"*SOCKET0**COMPUTE",misc[[#This Row],[Compute]],"**CPU**CORE",misc[[#This Row],[location]],splitchar,"THREAD"&"*",splitchar,"IFU*CR*MC0*STATUS**") -> *SOCKET0**COMPUTE0**CPU**CORE4__THREAD*__IFU*CR*MC0*STATUS** | R7: =COUNTIFS(core_mc[TestName],misc[[#This Row],[IFU_MCA_String]],core_mc[VisualId],MC_Check!$H$2) -> 0 | S7: =_xlfn.TEXTJOIN("",,"*SOCKET0**COMPUTE",misc[[#This Row],[Compute]],"**CPU**CORE",misc[[#This Row],[location]],splitchar,"ML2*CR*MC3*STATUS*") -> *SOCKET0**COMPUTE0**CPU**CORE4__ML2*CR*MC3*STATUS* | T7: =COUNTIFS(core_mc[TestName],misc[[#This Row],[CORE_MCA_String]],core_mc[VisualId],MC_Check!$H$2) -> 0 | U7: =misc[[#This Row],[Core_ML2_Count]]+misc[[#This Row],[Core_IFU_Count]]+misc[[#This Row],[Core_DCU_Count]]+misc[[#This Row],[Core_DTLB_Count]] -> 0 | V7: =_xlfn.TEXTJOIN(", ",,IF(misc[[#This Row],[Core_DCU_Count]]>0,"DCU",""),IF(misc[[#This Row],[Core_IFU_Count]]>0,"IFU",""),IF(misc[[#This Row],[Core_ML2_Count]]>0,"ML2",""),IF(misc[[#This Row],[Core_DTLB_Count]]>0,"DTLB","")) | W7: =_xlfn.TEXTJOIN("",,"*SOCKET0**COMPUTE",misc[[#This Row],[Compute]],"**UNCORE**SCF**SCF*LLC**SCF*LLC",misc[[#This Row],[location]],splitchar,"MCI*STATUS*") -> *SOCKET0**COMPUTE0**UNCORE**SCF**SCF*LLC**SCF*LLC4__MCI*STATUS* | X7: =COUNTIFS(cha_mc[TestName],misc[[#This Row],[LLC_MCA_String]],cha_mc[VisualId],MC_Check!$H$2) -> 0 | AA7: 2 | AB7: 4 | AC7: ="CH"&memss[[#This Row],[location]] -> CH4 | AD7: =memss[[#This Row],[MEMSS_Hitter_Count]]>0 -> FALSE | AE7: =_xlfn.TEXTJOIN("",,"*SOCKET0**SOC**MEMSS**B2CMI",memss[[#This Row],[location]],splitchar,"MCI*STATUS*SHADOW*") -> *SOCKET0**SOC**MEMSS**B2CMI4__MCI*STATUS*SHADOW* | AF7: =COUNTIFS(cha_mc[TestName],memss[[#This Row],[MEMMS_MCA_String]],cha_mc[VisualId],MC_Check!$H$2) -> 0 | AJ7: cdie2 | AK7: ="*SOCKET0**COMPUTE2**TAPS**IOW*GLBW*IS3M*IBL*TOP110"&splitchar&"TAP*S3M*ERR*STS**" -> *SOCKET0**COMPUTE2**TAPS**IOW*GLBW*IS3M*IBL*TOP110__TAP*S3M*ERR*STS** | AL7: =COUNTIFS(cha_mc[TestName],s3errors[[#This Row],[MCA_String]],cha_mc[VisualId],MC_Check!$H$2) -> 0 | AN7: cdie2 | AO7: ="*SOCKET0**COMPUTE2**UNCORE**PUNIT**PTPCFSMS**PTPCFSMS"&splitchar&"MC*STATUS*" -> *SOCKET0**COMPUTE2**UNCORE**PUNIT**PTPCFSMS**PTPCFSMS__MC*STATUS* | AP7: =COUNTIFS(cha_mc[TestName],punitmcas[[#This Row],[MCA_String]],cha_mc[VisualId],MC_Check!$H$2) -> 0
D8: 1 | F8: 0 | G8: 5 | H8: =misc[[#This Row],[Core_Hitter_Count]]>0 -> FALSE | I8: =misc[[#This Row],[LLC_Hitter_Count]]>0 -> FALSE | J8: =misc[[#This Row],[CHA_Hitter_Count]]>0 -> FALSE | K8: =_xlfn.TEXTJOIN("",,"*SOCKET0**COMPUTE",misc[[#This Row],[Compute]],"**UNCORE**CHA**CHA",misc[[#This Row],[location]],splitchar,"UTIL**MC*STATUS*") -> *SOCKET0**COMPUTE0**UNCORE**CHA**CHA5__UTIL**MC*STATUS* | L8: =COUNTIFS(cha_mc[TestName],misc[[#This Row],[CHA_MCA_String]],cha_mc[VisualId],MC_Check!$H$2) -> 0 | M8: =_xlfn.TEXTJOIN("",,"*SOCKET0**COMPUTE",misc[[#This Row],[Compute]],"**CPU**CORE",misc[[#This Row],[location]],splitchar,"THREAD"&"*",splitchar,"DCU*CR*MC1*STATUS**") -> *SOCKET0**COMPUTE0**CPU**CORE5__THREAD*__DCU*CR*MC1*STATUS** | N8: =COUNTIFS(core_mc[TestName],misc[[#This Row],[DCU_MCA_String]],core_mc[VisualId],MC_Check!$H$2) -> 0 | O8: =_xlfn.TEXTJOIN("",,"*SOCKET0**COMPUTE",misc[[#This Row],[Compute]],"**CPU**CORE",misc[[#This Row],[location]],splitchar,"DTLB*CR*MC2*STATUS**") -> *SOCKET0**COMPUTE0**CPU**CORE5__DTLB*CR*MC2*STATUS** | P8: =COUNTIFS(core_mc[TestName],misc[[#This Row],[DTLB_MCA_String]],core_mc[VisualId],MC_Check!$H$2) -> 0 | Q8: =_xlfn.TEXTJOIN("",,"*SOCKET0**COMPUTE",misc[[#This Row],[Compute]],"**CPU**CORE",misc[[#This Row],[location]],splitchar,"THREAD"&"*",splitchar,"IFU*CR*MC0*STATUS**") -> *SOCKET0**COMPUTE0**CPU**CORE5__THREAD*__IFU*CR*MC0*STATUS** | R8: =COUNTIFS(core_mc[TestName],misc[[#This Row],[IFU_MCA_String]],core_mc[VisualId],MC_Check!$H$2) -> 0 | S8: =_xlfn.TEXTJOIN("",,"*SOCKET0**COMPUTE",misc[[#This Row],[Compute]],"**CPU**CORE",misc[[#This Row],[location]],splitchar,"ML2*CR*MC3*STATUS*") -> *SOCKET0**COMPUTE0**CPU**CORE5__ML2*CR*MC3*STATUS* | T8: =COUNTIFS(core_mc[TestName],misc[[#This Row],[CORE_MCA_String]],core_mc[VisualId],MC_Check!$H$2) -> 0 | U8: =misc[[#This Row],[Core_ML2_Count]]+misc[[#This Row],[Core_IFU_Count]]+misc[[#This Row],[Core_DCU_Count]]+misc[[#This Row],[Core_DTLB_Count]] -> 0 | V8: =_xlfn.TEXTJOIN(", ",,IF(misc[[#This Row],[Core_DCU_Count]]>0,"DCU",""),IF(misc[[#This Row],[Core_IFU_Count]]>0,"IFU",""),IF(misc[[#This Row],[Core_ML2_Count]]>0,"ML2",""),IF(misc[[#This Row],[Core_DTLB_Count]]>0,"DTLB","")) | W8: =_xlfn.TEXTJOIN("",,"*SOCKET0**COMPUTE",misc[[#This Row],[Compute]],"**UNCORE**SCF**SCF*LLC**SCF*LLC",misc[[#This Row],[location]],splitchar,"MCI*STATUS*") -> *SOCKET0**COMPUTE0**UNCORE**SCF**SCF*LLC**SCF*LLC5__MCI*STATUS* | X8: =COUNTIFS(cha_mc[TestName],misc[[#This Row],[LLC_MCA_String]],cha_mc[VisualId],MC_Check!$H$2) -> 0 | AA8: 2 | AB8: 5 | AC8: ="CH"&memss[[#This Row],[location]] -> CH5 | AD8: =memss[[#This Row],[MEMSS_Hitter_Count]]>0 -> FALSE | AE8: =_xlfn.TEXTJOIN("",,"*SOCKET0**SOC**MEMSS**B2CMI",memss[[#This Row],[location]],splitchar,"MCI*STATUS*SHADOW*") -> *SOCKET0**SOC**MEMSS**B2CMI5__MCI*STATUS*SHADOW* | AF8: =COUNTIFS(cha_mc[TestName],memss[[#This Row],[MEMMS_MCA_String]],cha_mc[VisualId],MC_Check!$H$2) -> 0
D9: 2 | F9: 0 | G9: 6 | H9: =misc[[#This Row],[Core_Hitter_Count]]>0 -> FALSE | I9: =misc[[#This Row],[LLC_Hitter_Count]]>0 -> FALSE | J9: =misc[[#This Row],[CHA_Hitter_Count]]>0 -> FALSE | K9: =_xlfn.TEXTJOIN("",,"*SOCKET0**COMPUTE",misc[[#This Row],[Compute]],"**UNCORE**CHA**CHA",misc[[#This Row],[location]],splitchar,"UTIL**MC*STATUS*") -> *SOCKET0**COMPUTE0**UNCORE**CHA**CHA6__UTIL**MC*STATUS* | L9: =COUNTIFS(cha_mc[TestName],misc[[#This Row],[CHA_MCA_String]],cha_mc[VisualId],MC_Check!$H$2) -> 0 | M9: =_xlfn.TEXTJOIN("",,"*SOCKET0**COMPUTE",misc[[#This Row],[Compute]],"**CPU**CORE",misc[[#This Row],[location]],splitchar,"THREAD"&"*",splitchar,"DCU*CR*MC1*STATUS**") -> *SOCKET0**COMPUTE0**CPU**CORE6__THREAD*__DCU*CR*MC1*STATUS** | N9: =COUNTIFS(core_mc[TestName],misc[[#This Row],[DCU_MCA_String]],core_mc[VisualId],MC_Check!$H$2) -> 0 | O9: =_xlfn.TEXTJOIN("",,"*SOCKET0**COMPUTE",misc[[#This Row],[Compute]],"**CPU**CORE",misc[[#This Row],[location]],splitchar,"DTLB*CR*MC2*STATUS**") -> *SOCKET0**COMPUTE0**CPU**CORE6__DTLB*CR*MC2*STATUS** | P9: =COUNTIFS(core_mc[TestName],misc[[#This Row],[DTLB_MCA_String]],core_mc[VisualId],MC_Check!$H$2) -> 0 | Q9: =_xlfn.TEXTJOIN("",,"*SOCKET0**COMPUTE",misc[[#This Row],[Compute]],"**CPU**CORE",misc[[#This Row],[location]],splitchar,"THREAD"&"*",splitchar,"IFU*CR*MC0*STATUS**") -> *SOCKET0**COMPUTE0**CPU**CORE6__THREAD*__IFU*CR*MC0*STATUS** | R9: =COUNTIFS(core_mc[TestName],misc[[#This Row],[IFU_MCA_String]],core_mc[VisualId],MC_Check!$H$2) -> 0 | S9: =_xlfn.TEXTJOIN("",,"*SOCKET0**COMPUTE",misc[[#This Row],[Compute]],"**CPU**CORE",misc[[#This Row],[location]],splitchar,"ML2*CR*MC3*STATUS*") -> *SOCKET0**COMPUTE0**CPU**CORE6__ML2*CR*MC3*STATUS* | T9: =COUNTIFS(core_mc[TestName],misc[[#This Row],[CORE_MCA_String]],core_mc[VisualId],MC_Check!$H$2) -> 0 | U9: =misc[[#This Row],[Core_ML2_Count]]+misc[[#This Row],[Core_IFU_Count]]+misc[[#This Row],[Core_DCU_Count]]+misc[[#This Row],[Core_DTLB_Count]] -> 0 | V9: =_xlfn.TEXTJOIN(", ",,IF(misc[[#This Row],[Core_DCU_Count]]>0,"DCU",""),IF(misc[[#This Row],[Core_IFU_Count]]>0,"IFU",""),IF(misc[[#This Row],[Core_ML2_Count]]>0,"ML2",""),IF(misc[[#This Row],[Core_DTLB_Count]]>0,"DTLB","")) | W9: =_xlfn.TEXTJOIN("",,"*SOCKET0**COMPUTE",misc[[#This Row],[Compute]],"**UNCORE**SCF**SCF*LLC**SCF*LLC",misc[[#This Row],[location]],splitchar,"MCI*STATUS*") -> *SOCKET0**COMPUTE0**UNCORE**SCF**SCF*LLC**SCF*LLC6__MCI*STATUS* | X9: =COUNTIFS(cha_mc[TestName],misc[[#This Row],[LLC_MCA_String]],cha_mc[VisualId],MC_Check!$H$2) -> 0 | AA9: 1 | AB9: 6 | AC9: ="CH"&memss[[#This Row],[location]] -> CH6 | AD9: =memss[[#This Row],[MEMSS_Hitter_Count]]>0 -> FALSE | AE9: =_xlfn.TEXTJOIN("",,"*SOCKET0**SOC**MEMSS**B2CMI",memss[[#This Row],[location]],splitchar,"MCI*STATUS*SHADOW*") -> *SOCKET0**SOC**MEMSS**B2CMI6__MCI*STATUS*SHADOW* | AF9: =COUNTIFS(cha_mc[TestName],memss[[#This Row],[MEMMS_MCA_String]],cha_mc[VisualId],MC_Check!$H$2) -> 0
D10: 3 | F10: 0 | G10: 7 | H10: =misc[[#This Row],[Core_Hitter_Count]]>0 -> FALSE | I10: =misc[[#This Row],[LLC_Hitter_Count]]>0 -> FALSE | J10: =misc[[#This Row],[CHA_Hitter_Count]]>0 -> FALSE | K10: =_xlfn.TEXTJOIN("",,"*SOCKET0**COMPUTE",misc[[#This Row],[Compute]],"**UNCORE**CHA**CHA",misc[[#This Row],[location]],splitchar,"UTIL**MC*STATUS*") -> *SOCKET0**COMPUTE0**UNCORE**CHA**CHA7__UTIL**MC*STATUS* | L10: =COUNTIFS(cha_mc[TestName],misc[[#This Row],[CHA_MCA_String]],cha_mc[VisualId],MC_Check!$H$2) -> 0 | M10: =_xlfn.TEXTJOIN("",,"*SOCKET0**COMPUTE",misc[[#This Row],[Compute]],"**CPU**CORE",misc[[#This Row],[location]],splitchar,"THREAD"&"*",splitchar,"DCU*CR*MC1*STATUS**") -> *SOCKET0**COMPUTE0**CPU**CORE7__THREAD*__DCU*CR*MC1*STATUS** | N10: =COUNTIFS(core_mc[TestName],misc[[#This Row],[DCU_MCA_String]],core_mc[VisualId],MC_Check!$H$2) -> 0 | O10: =_xlfn.TEXTJOIN("",,"*SOCKET0**COMPUTE",misc[[#This Row],[Compute]],"**CPU**CORE",misc[[#This Row],[location]],splitchar,"DTLB*CR*MC2*STATUS**") -> *SOCKET0**COMPUTE0**CPU**CORE7__DTLB*CR*MC2*STATUS** | P10: =COUNTIFS(core_mc[TestName],misc[[#This Row],[DTLB_MCA_String]],core_mc[VisualId],MC_Check!$H$2) -> 0 | Q10: =_xlfn.TEXTJOIN("",,"*SOCKET0**COMPUTE",misc[[#This Row],[Compute]],"**CPU**CORE",misc[[#This Row],[location]],splitchar,"THREAD"&"*",splitchar,"IFU*CR*MC0*STATUS**") -> *SOCKET0**COMPUTE0**CPU**CORE7__THREAD*__IFU*CR*MC0*STATUS** | R10: =COUNTIFS(core_mc[TestName],misc[[#This Row],[IFU_MCA_String]],core_mc[VisualId],MC_Check!$H$2) -> 0 | S10: =_xlfn.TEXTJOIN("",,"*SOCKET0**COMPUTE",misc[[#This Row],[Compute]],"**CPU**CORE",misc[[#This Row],[location]],splitchar,"ML2*CR*MC3*STATUS*") -> *SOCKET0**COMPUTE0**CPU**CORE7__ML2*CR*MC3*STATUS* | T10: =COUNTIFS(core_mc[TestName],misc[[#This Row],[CORE_MCA_String]],core_mc[VisualId],MC_Check!$H$2) -> 0 | U10: =misc[[#This Row],[Core_ML2_Count]]+misc[[#This Row],[Core_IFU_Count]]+misc[[#This Row],[Core_DCU_Count]]+misc[[#This Row],[Core_DTLB_Count]] -> 0 | V10: =_xlfn.TEXTJOIN(", ",,IF(misc[[#This Row],[Core_DCU_Count]]>0,"DCU",""),IF(misc[[#This Row],[Core_IFU_Count]]>0,"IFU",""),IF(misc[[#This Row],[Core_ML2_Count]]>0,"ML2",""),IF(misc[[#This Row],[Core_DTLB_Count]]>0,"DTLB","")) | W10: =_xlfn.TEXTJOIN("",,"*SOCKET0**COMPUTE",misc[[#This Row],[Compute]],"**UNCORE**SCF**SCF*LLC**SCF*LLC",misc[[#This Row],[location]],splitchar,"MCI*STATUS*") -> *SOCKET0**COMPUTE0**UNCORE**SCF**SCF*LLC**SCF*LLC7__MCI*STATUS* | X10: =COUNTIFS(cha_mc[TestName],misc[[#This Row],[LLC_MCA_String]],cha_mc[VisualId],MC_Check!$H$2) -> 0 | AA10: 1 | AB10: 7 | AC10: ="CH"&memss[[#This Row],[location]] -> CH7 | AD10: =memss[[#This Row],[MEMSS_Hitter_Count]]>0 -> FALSE | AE10: =_xlfn.TEXTJOIN("",,"*SOCKET0**SOC**MEMSS**B2CMI",memss[[#This Row],[location]],splitchar,"MCI*STATUS*SHADOW*") -> *SOCKET0**SOC**MEMSS**B2CMI7__MCI*STATUS*SHADOW* | AF10: =COUNTIFS(cha_mc[TestName],memss[[#This Row],[MEMMS_MCA_String]],cha_mc[VisualId],MC_Check!$H$2) -> 0
F11: 0 | G11: 8 | H11: =misc[[#This Row],[Core_Hitter_Count]]>0 -> TRUE | I11: =misc[[#This Row],[LLC_Hitter_Count]]>0 -> FALSE | J11: =misc[[#This Row],[CHA_Hitter_Count]]>0 -> FALSE | K11: =_xlfn.TEXTJOIN("",,"*SOCKET0**COMPUTE",misc[[#This Row],[Compute]],"**UNCORE**CHA**CHA",misc[[#This Row],[location]],splitchar,"UTIL**MC*STATUS*") -> *SOCKET0**COMPUTE0**UNCORE**CHA**CHA8__UTIL**MC*STATUS* | L11: =COUNTIFS(cha_mc[TestName],misc[[#This Row],[CHA_MCA_String]],cha_mc[VisualId],MC_Check!$H$2) -> 0 | M11: =_xlfn.TEXTJOIN("",,"*SOCKET0**COMPUTE",misc[[#This Row],[Compute]],"**CPU**CORE",misc[[#This Row],[location]],splitchar,"THREAD"&"*",splitchar,"DCU*CR*MC1*STATUS**") -> *SOCKET0**COMPUTE0**CPU**CORE8__THREAD*__DCU*CR*MC1*STATUS** | N11: =COUNTIFS(core_mc[TestName],misc[[#This Row],[DCU_MCA_String]],core_mc[VisualId],MC_Check!$H$2) -> 0 | O11: =_xlfn.TEXTJOIN("",,"*SOCKET0**COMPUTE",misc[[#This Row],[Compute]],"**CPU**CORE",misc[[#This Row],[location]],splitchar,"DTLB*CR*MC2*STATUS**") -> *SOCKET0**COMPUTE0**CPU**CORE8__DTLB*CR*MC2*STATUS** | P11: =COUNTIFS(core_mc[TestName],misc[[#This Row],[DTLB_MCA_String]],core_mc[VisualId],MC_Check!$H$2) -> 0 | Q11: =_xlfn.TEXTJOIN("",,"*SOCKET0**COMPUTE",misc[[#This Row],[Compute]],"**CPU**CORE",misc[[#This Row],[location]],splitchar,"THREAD"&"*",splitchar,"IFU*CR*MC0*STATUS**") -> *SOCKET0**COMPUTE0**CPU**CORE8__THREAD*__IFU*CR*MC0*STATUS** | R11: =COUNTIFS(core_mc[TestName],misc[[#This Row],[IFU_MCA_String]],core_mc[VisualId],MC_Check!$H$2) -> 0 | S11: =_xlfn.TEXTJOIN("",,"*SOCKET0**COMPUTE",misc[[#This Row],[Compute]],"**CPU**CORE",misc[[#This Row],[location]],splitchar,"ML2*CR*MC3*STATUS*") -> *SOCKET0**COMPUTE0**CPU**CORE8__ML2*CR*MC3*STATUS* | T11: =COUNTIFS(core_mc[TestName],misc[[#This Row],[CORE_MCA_String]],core_mc[VisualId],MC_Check!$H$2) -> 1 | U11: =misc[[#This Row],[Core_ML2_Count]]+misc[[#This Row],[Core_IFU_Count]]+misc[[#This Row],[Core_DCU_Count]]+misc[[#This Row],[Core_DTLB_Count]] -> 1 | V11: =_xlfn.TEXTJOIN(", ",,IF(misc[[#This Row],[Core_DCU_Count]]>0,"DCU",""),IF(misc[[#This Row],[Core_IFU_Count]]>0,"IFU",""),IF(misc[[#This Row],[Core_ML2_Count]]>0,"ML2",""),IF(misc[[#This Row],[Core_DTLB_Count]]>0,"DTLB","")) -> ML2 | W11: =_xlfn.TEXTJOIN("",,"*SOCKET0**COMPUTE",misc[[#This Row],[Compute]],"**UNCORE**SCF**SCF*LLC**SCF*LLC",misc[[#This Row],[location]],splitchar,"MCI*STATUS*") -> *SOCKET0**COMPUTE0**UNCORE**SCF**SCF*LLC**SCF*LLC8__MCI*STATUS* | X11: =COUNTIFS(cha_mc[TestName],misc[[#This Row],[LLC_MCA_String]],cha_mc[VisualId],MC_Check!$H$2) -> 0 | AA11: 0 | AB11: 8 | AC11: ="CH"&memss[[#This Row],[location]] -> CH8 | AD11: =memss[[#This Row],[MEMSS_Hitter_Count]]>0 -> FALSE | AE11: =_xlfn.TEXTJOIN("",,"*SOCKET0**SOC**MEMSS**B2CMI",memss[[#This Row],[location]],splitchar,"MCI*STATUS*SHADOW*") -> *SOCKET0**SOC**MEMSS**B2CMI8__MCI*STATUS*SHADOW* | AF11: =COUNTIFS(cha_mc[TestName],memss[[#This Row],[MEMMS_MCA_String]],cha_mc[VisualId],MC_Check!$H$2) -> 0
F12: 0 | G12: 9 | H12: =misc[[#This Row],[Core_Hitter_Count]]>0 -> FALSE | I12: =misc[[#This Row],[LLC_Hitter_Count]]>0 -> FALSE | J12: =misc[[#This Row],[CHA_Hitter_Count]]>0 -> FALSE | K12: =_xlfn.TEXTJOIN("",,"*SOCKET0**COMPUTE",misc[[#This Row],[Compute]],"**UNCORE**CHA**CHA",misc[[#This Row],[location]],splitchar,"UTIL**MC*STATUS*") -> *SOCKET0**COMPUTE0**UNCORE**CHA**CHA9__UTIL**MC*STATUS* | L12: =COUNTIFS(cha_mc[TestName],misc[[#This Row],[CHA_MCA_String]],cha_mc[VisualId],MC_Check!$H$2) -> 0 | M12: =_xlfn.TEXTJOIN("",,"*SOCKET0**COMPUTE",misc[[#This Row],[Compute]],"**CPU**CORE",misc[[#This Row],[location]],splitchar,"THREAD"&"*",splitchar,"DCU*CR*MC1*STATUS**") -> *SOCKET0**COMPUTE0**CPU**CORE9__THREAD*__DCU*CR*MC1*STATUS** | N12: =COUNTIFS(core_mc[TestName],misc[[#This Row],[DCU_MCA_String]],core_mc[VisualId],MC_Check!$H$2) -> 0 | O12: =_xlfn.TEXTJOIN("",,"*SOCKET0**COMPUTE",misc[[#This Row],[Compute]],"**CPU**CORE",misc[[#This Row],[location]],splitchar,"DTLB*CR*MC2*STATUS**") -> *SOCKET0**COMPUTE0**CPU**CORE9__DTLB*CR*MC2*STATUS** | P12: =COUNTIFS(core_mc[TestName],misc[[#This Row],[DTLB_MCA_String]],core_mc[VisualId],MC_Check!$H$2) -> 0 | Q12: =_xlfn.TEXTJOIN("",,"*SOCKET0**COMPUTE",misc[[#This Row],[Compute]],"**CPU**CORE",misc[[#This Row],[location]],splitchar,"THREAD"&"*",splitchar,"IFU*CR*MC0*STATUS**") -> *SOCKET0**COMPUTE0**CPU**CORE9__THREAD*__IFU*CR*MC0*STATUS** | R12: =COUNTIFS(core_mc[TestName],misc[[#This Row],[IFU_MCA_String]],core_mc[VisualId],MC_Check!$H$2) -> 0 | S12: =_xlfn.TEXTJOIN("",,"*SOCKET0**COMPUTE",misc[[#This Row],[Compute]],"**CPU**CORE",misc[[#This Row],[location]],splitchar,"ML2*CR*MC3*STATUS*") -> *SOCKET0**COMPUTE0**CPU**CORE9__ML2*CR*MC3*STATUS* | T12: =COUNTIFS(core_mc[TestName],misc[[#This Row],[CORE_MCA_String]],core_mc[VisualId],MC_Check!$H$2) -> 0 | U12: =misc[[#This Row],[Core_ML2_Count]]+misc[[#This Row],[Core_IFU_Count]]+misc[[#This Row],[Core_DCU_Count]]+misc[[#This Row],[Core_DTLB_Count]] -> 0 | V12: =_xlfn.TEXTJOIN(", ",,IF(misc[[#This Row],[Core_DCU_Count]]>0,"DCU",""),IF(misc[[#This Row],[Core_IFU_Count]]>0,"IFU",""),IF(misc[[#This Row],[Core_ML2_Count]]>0,"ML2",""),IF(misc[[#This Row],[Core_DTLB_Count]]>0,"DTLB","")) | W12: =_xlfn.TEXTJOIN("",,"*SOCKET0**COMPUTE",misc[[#This Row],[Compute]],"**UNCORE**SCF**SCF*LLC**SCF*LLC",misc[[#This Row],[location]],splitchar,"MCI*STATUS*") -> *SOCKET0**COMPUTE0**UNCORE**SCF**SCF*LLC**SCF*LLC9__MCI*STATUS* | X12: =COUNTIFS(cha_mc[TestName],misc[[#This Row],[LLC_MCA_String]],cha_mc[VisualId],MC_Check!$H$2) -> 0 | AA12: 0 | AB12: 9 | AC12: ="CH"&memss[[#This Row],[location]] -> CH9 | AD12: =memss[[#This Row],[MEMSS_Hitter_Count]]>0 -> FALSE | AE12: =_xlfn.TEXTJOIN("",,"*SOCKET0**SOC**MEMSS**B2CMI",memss[[#This Row],[location]],splitchar,"MCI*STATUS*SHADOW*") -> *SOCKET0**SOC**MEMSS**B2CMI9__MCI*STATUS*SHADOW* | AF12: =COUNTIFS(cha_mc[TestName],memss[[#This Row],[MEMMS_MCA_String]],cha_mc[VisualId],MC_Check!$H$2) -> 0
F13: 0 | G13: 10 | H13: =misc[[#This Row],[Core_Hitter_Count]]>0 -> FALSE | I13: =misc[[#This Row],[LLC_Hitter_Count]]>0 -> FALSE | J13: =misc[[#This Row],[CHA_Hitter_Count]]>0 -> FALSE | K13: =_xlfn.TEXTJOIN("",,"*SOCKET0**COMPUTE",misc[[#This Row],[Compute]],"**UNCORE**CHA**CHA",misc[[#This Row],[location]],splitchar,"UTIL**MC*STATUS*") -> *SOCKET0**COMPUTE0**UNCORE**CHA**CHA10__UTIL**MC*STATUS* | L13: =COUNTIFS(cha_mc[TestName],misc[[#This Row],[CHA_MCA_String]],cha_mc[VisualId],MC_Check!$H$2) -> 0 | M13: =_xlfn.TEXTJOIN("",,"*SOCKET0**COMPUTE",misc[[#This Row],[Compute]],"**CPU**CORE",misc[[#This Row],[location]],splitchar,"THREAD"&"*",splitchar,"DCU*CR*MC1*STATUS**") -> *SOCKET0**COMPUTE0**CPU**CORE10__THREAD*__DCU*CR*MC1*STATUS** | N13: =COUNTIFS(core_mc[TestName],misc[[#This Row],[DCU_MCA_String]],core_mc[VisualId],MC_Check!$H$2) -> 0 | O13: =_xlfn.TEXTJOIN("",,"*SOCKET0**COMPUTE",misc[[#This Row],[Compute]],"**CPU**CORE",misc[[#This Row],[location]],splitchar,"DTLB*CR*MC2*STATUS**") -> *SOCKET0**COMPUTE0**CPU**CORE10__DTLB*CR*MC2*STATUS** | P13: =COUNTIFS(core_mc[TestName],misc[[#This Row],[DTLB_MCA_String]],core_mc[VisualId],MC_Check!$H$2) -> 0 | Q13: =_xlfn.TEXTJOIN("",,"*SOCKET0**COMPUTE",misc[[#This Row],[Compute]],"**CPU**CORE",misc[[#This Row],[location]],splitchar,"THREAD"&"*",splitchar,"IFU*CR*MC0*STATUS**") -> *SOCKET0**COMPUTE0**CPU**CORE10__THREAD*__IFU*CR*MC0*STATUS** | R13: =COUNTIFS(core_mc[TestName],misc[[#This Row],[IFU_MCA_String]],core_mc[VisualId],MC_Check!$H$2) -> 0 | S13: =_xlfn.TEXTJOIN("",,"*SOCKET0**COMPUTE",misc[[#This Row],[Compute]],"**CPU**CORE",misc[[#This Row],[location]],splitchar,"ML2*CR*MC3*STATUS*") -> *SOCKET0**COMPUTE0**CPU**CORE10__ML2*CR*MC3*STATUS* | T13: =COUNTIFS(core_mc[TestName],misc[[#This Row],[CORE_MCA_String]],core_mc[VisualId],MC_Check!$H$2) -> 0 | U13: =misc[[#This Row],[Core_ML2_Count]]+misc[[#This Row],[Core_IFU_Count]]+misc[[#This Row],[Core_DCU_Count]]+misc[[#This Row],[Core_DTLB_Count]] -> 0 | V13: =_xlfn.TEXTJOIN(", ",,IF(misc[[#This Row],[Core_DCU_Count]]>0,"DCU",""),IF(misc[[#This Row],[Core_IFU_Count]]>0,"IFU",""),IF(misc[[#This Row],[Core_ML2_Count]]>0,"ML2",""),IF(misc[[#This Row],[Core_DTLB_Count]]>0,"DTLB","")) | W13: =_xlfn.TEXTJOIN("",,"*SOCKET0**COMPUTE",misc[[#This Row],[Compute]],"**UNCORE**SCF**SCF*LLC**SCF*LLC",misc[[#This Row],[location]],splitchar,"MCI*STATUS*") -> *SOCKET0**COMPUTE0**UNCORE**SCF**SCF*LLC**SCF*LLC10__MCI*STATUS* | X13: =COUNTIFS(cha_mc[TestName],misc[[#This Row],[LLC_MCA_String]],cha_mc[VisualId],MC_Check!$H$2) -> 0 | AA13: 2 | AB13: 10 | AC13: ="CH"&memss[[#This Row],[location]] -> CH10 | AD13: =memss[[#This Row],[MEMSS_Hitter_Count]]>0 -> FALSE | AE13: =_xlfn.TEXTJOIN("",,"*SOCKET0**SOC**MEMSS**B2CMI",memss[[#This Row],[location]],splitchar,"MCI*STATUS*SHADOW*") -> *SOCKET0**SOC**MEMSS**B2CMI10__MCI*STATUS*SHADOW* | AF13: =COUNTIFS(cha_mc[TestName],memss[[#This Row],[MEMMS_MCA_String]],cha_mc[VisualId],MC_Check!$H$2) -> 0
F14: 0 | G14: 11 | H14: =misc[[#This Row],[Core_Hitter_Count]]>0 -> FALSE | I14: =misc[[#This Row],[LLC_Hitter_Count]]>0 -> FALSE | J14: =misc[[#This Row],[CHA_Hitter_Count]]>0 -> FALSE | K14: =_xlfn.TEXTJOIN("",,"*SOCKET0**COMPUTE",misc[[#This Row],[Compute]],"**UNCORE**CHA**CHA",misc[[#This Row],[location]],splitchar,"UTIL**MC*STATUS*") -> *SOCKET0**COMPUTE0**UNCORE**CHA**CHA11__UTIL**MC*STATUS* | L14: =COUNTIFS(cha_mc[TestName],misc[[#This Row],[CHA_MCA_String]],cha_mc[VisualId],MC_Check!$H$2) -> 0 | M14: =_xlfn.TEXTJOIN("",,"*SOCKET0**COMPUTE",misc[[#This Row],[Compute]],"**CPU**CORE",misc[[#This Row],[location]],splitchar,"THREAD"&"*",splitchar,"DCU*CR*MC1*STATUS**") -> *SOCKET0**COMPUTE0**CPU**CORE11__THREAD*__DCU*CR*MC1*STATUS** | N14: =COUNTIFS(core_mc[TestName],misc[[#This Row],[DCU_MCA_String]],core_mc[VisualId],MC_Check!$H$2) -> 0 | O14: =_xlfn.TEXTJOIN("",,"*SOCKET0**COMPUTE",misc[[#This Row],[Compute]],"**CPU**CORE",misc[[#This Row],[location]],splitchar,"DTLB*CR*MC2*STATUS**") -> *SOCKET0**COMPUTE0**CPU**CORE11__DTLB*CR*MC2*STATUS** | P14: =COUNTIFS(core_mc[TestName],misc[[#This Row],[DTLB_MCA_String]],core_mc[VisualId],MC_Check!$H$2) -> 0 | Q14: =_xlfn.TEXTJOIN("",,"*SOCKET0**COMPUTE",misc[[#This Row],[Compute]],"**CPU**CORE",misc[[#This Row],[location]],splitchar,"THREAD"&"*",splitchar,"IFU*CR*MC0*STATUS**") -> *SOCKET0**COMPUTE0**CPU**CORE11__THREAD*__IFU*CR*MC0*STATUS** | R14: =COUNTIFS(core_mc[TestName],misc[[#This Row],[IFU_MCA_String]],core_mc[VisualId],MC_Check!$H$2) -> 0 | S14: =_xlfn.TEXTJOIN("",,"*SOCKET0**COMPUTE",misc[[#This Row],[Compute]],"**CPU**CORE",misc[[#This Row],[location]],splitchar,"ML2*CR*MC3*STATUS*") -> *SOCKET0**COMPUTE0**CPU**CORE11__ML2*CR*MC3*STATUS* | T14: =COUNTIFS(core_mc[TestName],misc[[#This Row],[CORE_MCA_String]],core_mc[VisualId],MC_Check!$H$2) -> 0 | U14: =misc[[#This Row],[Core_ML2_Count]]+misc[[#This Row],[Core_IFU_Count]]+misc[[#This Row],[Core_DCU_Count]]+misc[[#This Row],[Core_DTLB_Count]] -> 0 | V14: =_xlfn.TEXTJOIN(", ",,IF(misc[[#This Row],[Core_DCU_Count]]>0,"DCU",""),IF(misc[[#This Row],[Core_IFU_Count]]>0,"IFU",""),IF(misc[[#This Row],[Core_ML2_Count]]>0,"ML2",""),IF(misc[[#This Row],[Core_DTLB_Count]]>0,"DTLB","")) | W14: =_xlfn.TEXTJOIN("",,"*SOCKET0**COMPUTE",misc[[#This Row],[Compute]],"**UNCORE**SCF**SCF*LLC**SCF*LLC",misc[[#This Row],[location]],splitchar,"MCI*STATUS*") -> *SOCKET0**COMPUTE0**UNCORE**SCF**SCF*LLC**SCF*LLC11__MCI*STATUS* | X14: =COUNTIFS(cha_mc[TestName],misc[[#This Row],[LLC_MCA_String]],cha_mc[VisualId],MC_Check!$H$2) -> 0 | AA14: 2 | AB14: 11 | AC14: ="CH"&memss[[#This Row],[location]] -> CH11 | AD14: =memss[[#This Row],[MEMSS_Hitter_Count]]>0 -> FALSE | AE14: =_xlfn.TEXTJOIN("",,"*SOCKET0**SOC**MEMSS**B2CMI",memss[[#This Row],[location]],splitchar,"MCI*STATUS*SHADOW*") -> *SOCKET0**SOC**MEMSS**B2CMI11__MCI*STATUS*SHADOW* | AF14: =COUNTIFS(cha_mc[TestName],memss[[#This Row],[MEMMS_MCA_String]],cha_mc[VisualId],MC_Check!$H$2) -> 0
F15: 0 | G15: 12 | H15: =misc[[#This Row],[Core_Hitter_Count]]>0 -> FALSE | I15: =misc[[#This Row],[LLC_Hitter_Count]]>0 -> FALSE | J15: =misc[[#This Row],[CHA_Hitter_Count]]>0 -> FALSE | K15: =_xlfn.TEXTJOIN("",,"*SOCKET0**COMPUTE",misc[[#This Row],[Compute]],"**UNCORE**CHA**CHA",misc[[#This Row],[location]],splitchar,"UTIL**MC*STATUS*") -> *SOCKET0**COMPUTE0**UNCORE**CHA**CHA12__UTIL**MC*STATUS* | L15: =COUNTIFS(cha_mc[TestName],misc[[#This Row],[CHA_MCA_String]],cha_mc[VisualId],MC_Check!$H$2) -> 0 | M15: =_xlfn.TEXTJOIN("",,"*SOCKET0**COMPUTE",misc[[#This Row],[Compute]],"**CPU**CORE",misc[[#This Row],[location]],splitchar,"THREAD"&"*",splitchar,"DCU*CR*MC1*STATUS**") -> *SOCKET0**COMPUTE0**CPU**CORE12__THREAD*__DCU*CR*MC1*STATUS** | N15: =COUNTIFS(core_mc[TestName],misc[[#This Row],[DCU_MCA_String]],core_mc[VisualId],MC_Check!$H$2) -> 0 | O15: =_xlfn.TEXTJOIN("",,"*SOCKET0**COMPUTE",misc[[#This Row],[Compute]],"**CPU**CORE",misc[[#This Row],[location]],splitchar,"DTLB*CR*MC2*STATUS**") -> *SOCKET0**COMPUTE0**CPU**CORE12__DTLB*CR*MC2*STATUS** | P15: =COUNTIFS(core_mc[TestName],misc[[#This Row],[DTLB_MCA_String]],core_mc[VisualId],MC_Check!$H$2) -> 0 | Q15: =_xlfn.TEXTJOIN("",,"*SOCKET0**COMPUTE",misc[[#This Row],[Compute]],"**CPU**CORE",misc[[#This Row],[location]],splitchar,"THREAD"&"*",splitchar,"IFU*CR*MC0*STATUS**") -> *SOCKET0**COMPUTE0**CPU**CORE12__THREAD*__IFU*CR*MC0*STATUS** | R15: =COUNTIFS(core_mc[TestName],misc[[#This Row],[IFU_MCA_String]],core_mc[VisualId],MC_Check!$H$2) -> 0 | S15: =_xlfn.TEXTJOIN("",,"*SOCKET0**COMPUTE",misc[[#This Row],[Compute]],"**CPU**CORE",misc[[#This Row],[location]],splitchar,"ML2*CR*MC3*STATUS*") -> *SOCKET0**COMPUTE0**CPU**CORE12__ML2*CR*MC3*STATUS* | T15: =COUNTIFS(core_mc[TestName],misc[[#This Row],[CORE_MCA_String]],core_mc[VisualId],MC_Check!$H$2) -> 0 | U15: =misc[[#This Row],[Core_ML2_Count]]+misc[[#This Row],[Core_IFU_Count]]+misc[[#This Row],[Core_DCU_Count]]+misc[[#This Row],[Core_DTLB_Count]] -> 0 | V15: =_xlfn.TEXTJOIN(", ",,IF(misc[[#This Row],[Core_DCU_Count]]>0,"DCU",""),IF(misc[[#This Row],[Core_IFU_Count]]>0,"IFU",""),IF(misc[[#This Row],[Core_ML2_Count]]>0,"ML2",""),IF(misc[[#This Row],[Core_DTLB_Count]]>0,"DTLB","")) | W15: =_xlfn.TEXTJOIN("",,"*SOCKET0**COMPUTE",misc[[#This Row],[Compute]],"**UNCORE**SCF**SCF*LLC**SCF*LLC",misc[[#This Row],[location]],splitchar,"MCI*STATUS*") -> *SOCKET0**COMPUTE0**UNCORE**SCF**SCF*LLC**SCF*LLC12__MCI*STATUS* | X15: =COUNTIFS(cha_mc[TestName],misc[[#This Row],[LLC_MCA_String]],cha_mc[VisualId],MC_Check!$H$2) -> 0
F16: 0 | G16: 13 | H16: =misc[[#This Row],[Core_Hitter_Count]]>0 -> FALSE | I16: =misc[[#This Row],[LLC_Hitter_Count]]>0 -> FALSE | J16: =misc[[#This Row],[CHA_Hitter_Count]]>0 -> FALSE | K16: =_xlfn.TEXTJOIN("",,"*SOCKET0**COMPUTE",misc[[#This Row],[Compute]],"**UNCORE**CHA**CHA",misc[[#This Row],[location]],splitchar,"UTIL**MC*STATUS*") -> *SOCKET0**COMPUTE0**UNCORE**CHA**CHA13__UTIL**MC*STATUS* | L16: =COUNTIFS(cha_mc[TestName],misc[[#This Row],[CHA_MCA_String]],cha_mc[VisualId],MC_Check!$H$2) -> 0 | M16: =_xlfn.TEXTJOIN("",,"*SOCKET0**COMPUTE",misc[[#This Row],[Compute]],"**CPU**CORE",misc[[#This Row],[location]],splitchar,"THREAD"&"*",splitchar,"DCU*CR*MC1*STATUS**") -> *SOCKET0**COMPUTE0**CPU**CORE13__THREAD*__DCU*CR*MC1*STATUS** | N16: =COUNTIFS(core_mc[TestName],misc[[#This Row],[DCU_MCA_String]],core_mc[VisualId],MC_Check!$H$2) -> 0 | O16: =_xlfn.TEXTJOIN("",,"*SOCKET0**COMPUTE",misc[[#This Row],[Compute]],"**CPU**CORE",misc[[#This Row],[location]],splitchar,"DTLB*CR*MC2*STATUS**") -> *SOCKET0**COMPUTE0**CPU**CORE13__DTLB*CR*MC2*STATUS** | P16: =COUNTIFS(core_mc[TestName],misc[[#This Row],[DTLB_MCA_String]],core_mc[VisualId],MC_Check!$H$2) -> 0 | Q16: =_xlfn.TEXTJOIN("",,"*SOCKET0**COMPUTE",misc[[#This Row],[Compute]],"**CPU**CORE",misc[[#This Row],[location]],splitchar,"THREAD"&"*",splitchar,"IFU*CR*MC0*STATUS**") -> *SOCKET0**COMPUTE0**CPU**CORE13__THREAD*__IFU*CR*MC0*STATUS** | R16: =COUNTIFS(core_mc[TestName],misc[[#This Row],[IFU_MCA_String]],core_mc[VisualId],MC_Check!$H$2) -> 0 | S16: =_xlfn.TEXTJOIN("",,"*SOCKET0**COMPUTE",misc[[#This Row],[Compute]],"**CPU**CORE",misc[[#This Row],[location]],splitchar,"ML2*CR*MC3*STATUS*") -> *SOCKET0**COMPUTE0**CPU**CORE13__ML2*CR*MC3*STATUS* | T16: =COUNTIFS(core_mc[TestName],misc[[#This Row],[CORE_MCA_String]],core_mc[VisualId],MC_Check!$H$2) -> 0 | U16: =misc[[#This Row],[Core_ML2_Count]]+misc[[#This Row],[Core_IFU_Count]]+misc[[#This Row],[Core_DCU_Count]]+misc[[#This Row],[Core_DTLB_Count]] -> 0 | V16: =_xlfn.TEXTJOIN(", ",,IF(misc[[#This Row],[Core_DCU_Count]]>0,"DCU",""),IF(misc[[#This Row],[Core_IFU_Count]]>0,"IFU",""),IF(misc[[#This Row],[Core_ML2_Count]]>0,"ML2",""),IF(misc[[#This Row],[Core_DTLB_Count]]>0,"DTLB","")) | W16: =_xlfn.TEXTJOIN("",,"*SOCKET0**COMPUTE",misc[[#This Row],[Compute]],"**UNCORE**SCF**SCF*LLC**SCF*LLC",misc[[#This Row],[location]],splitchar,"MCI*STATUS*") -> *SOCKET0**COMPUTE0**UNCORE**SCF**SCF*LLC**SCF*LLC13__MCI*STATUS* | X16: =COUNTIFS(cha_mc[TestName],misc[[#This Row],[LLC_MCA_String]],cha_mc[VisualId],MC_Check!$H$2) -> 0
F17: 0 | G17: 14 | H17: =misc[[#This Row],[Core_Hitter_Count]]>0 -> FALSE | I17: =misc[[#This Row],[LLC_Hitter_Count]]>0 -> FALSE | J17: =misc[[#This Row],[CHA_Hitter_Count]]>0 -> FALSE | K17: =_xlfn.TEXTJOIN("",,"*SOCKET0**COMPUTE",misc[[#This Row],[Compute]],"**UNCORE**CHA**CHA",misc[[#This Row],[location]],splitchar,"UTIL**MC*STATUS*") -> *SOCKET0**COMPUTE0**UNCORE**CHA**CHA14__UTIL**MC*STATUS* | L17: =COUNTIFS(cha_mc[TestName],misc[[#This Row],[CHA_MCA_String]],cha_mc[VisualId],MC_Check!$H$2) -> 0 | M17: =_xlfn.TEXTJOIN("",,"*SOCKET0**COMPUTE",misc[[#This Row],[Compute]],"**CPU**CORE",misc[[#This Row],[location]],splitchar,"THREAD"&"*",splitchar,"DCU*CR*MC1*STATUS**") -> *SOCKET0**COMPUTE0**CPU**CORE14__THREAD*__DCU*CR*MC1*STATUS** | N17: =COUNTIFS(core_mc[TestName],misc[[#This Row],[DCU_MCA_String]],core_mc[VisualId],MC_Check!$H$2) -> 0 | O17: =_xlfn.TEXTJOIN("",,"*SOCKET0**COMPUTE",misc[[#This Row],[Compute]],"**CPU**CORE",misc[[#This Row],[location]],splitchar,"DTLB*CR*MC2*STATUS**") -> *SOCKET0**COMPUTE0**CPU**CORE14__DTLB*CR*MC2*STATUS** | P17: =COUNTIFS(core_mc[TestName],misc[[#This Row],[DTLB_MCA_String]],core_mc[VisualId],MC_Check!$H$2) -> 0 | Q17: =_xlfn.TEXTJOIN("",,"*SOCKET0**COMPUTE",misc[[#This Row],[Compute]],"**CPU**CORE",misc[[#This Row],[location]],splitchar,"THREAD"&"*",splitchar,"IFU*CR*MC0*STATUS**") -> *SOCKET0**COMPUTE0**CPU**CORE14__THREAD*__IFU*CR*MC0*STATUS** | R17: =COUNTIFS(core_mc[TestName],misc[[#This Row],[IFU_MCA_String]],core_mc[VisualId],MC_Check!$H$2) -> 0 | S17: =_xlfn.TEXTJOIN("",,"*SOCKET0**COMPUTE",misc[[#This Row],[Compute]],"**CPU**CORE",misc[[#This Row],[location]],splitchar,"ML2*CR*MC3*STATUS*") -> *SOCKET0**COMPUTE0**CPU**CORE14__ML2*CR*MC3*STATUS* | T17: =COUNTIFS(core_mc[TestName],misc[[#This Row],[CORE_MCA_String]],core_mc[VisualId],MC_Check!$H$2) -> 0 | U17: =misc[[#This Row],[Core_ML2_Count]]+misc[[#This Row],[Core_IFU_Count]]+misc[[#This Row],[Core_DCU_Count]]+misc[[#This Row],[Core_DTLB_Count]] -> 0 | V17: =_xlfn.TEXTJOIN(", ",,IF(misc[[#This Row],[Core_DCU_Count]]>0,"DCU",""),IF(misc[[#This Row],[Core_IFU_Count]]>0,"IFU",""),IF(misc[[#This Row],[Core_ML2_Count]]>0,"ML2",""),IF(misc[[#This Row],[Core_DTLB_Count]]>0,"DTLB","")) | W17: =_xlfn.TEXTJOIN("",,"*SOCKET0**COMPUTE",misc[[#This Row],[Compute]],"**UNCORE**SCF**SCF*LLC**SCF*LLC",misc[[#This Row],[location]],splitchar,"MCI*STATUS*") -> *SOCKET0**COMPUTE0**UNCORE**SCF**SCF*LLC**SCF*LLC14__MCI*STATUS* | X17: =COUNTIFS(cha_mc[TestName],misc[[#This Row],[LLC_MCA_String]],cha_mc[VisualId],MC_Check!$H$2) -> 0
F18: 0 | G18: 15 | H18: =misc[[#This Row],[Core_Hitter_Count]]>0 -> FALSE | I18: =misc[[#This Row],[LLC_Hitter_Count]]>0 -> FALSE | J18: =misc[[#This Row],[CHA_Hitter_Count]]>0 -> FALSE | K18: =_xlfn.TEXTJOIN("",,"*SOCKET0**COMPUTE",misc[[#This Row],[Compute]],"**UNCORE**CHA**CHA",misc[[#This Row],[location]],splitchar,"UTIL**MC*STATUS*") -> *SOCKET0**COMPUTE0**UNCORE**CHA**CHA15__UTIL**MC*STATUS* | L18: =COUNTIFS(cha_mc[TestName],misc[[#This Row],[CHA_MCA_String]],cha_mc[VisualId],MC_Check!$H$2) -> 0 | M18: =_xlfn.TEXTJOIN("",,"*SOCKET0**COMPUTE",misc[[#This Row],[Compute]],"**CPU**CORE",misc[[#This Row],[location]],splitchar,"THREAD"&"*",splitchar,"DCU*CR*MC1*STATUS**") -> *SOCKET0**COMPUTE0**CPU**CORE15__THREAD*__DCU*CR*MC1*STATUS** | N18: =COUNTIFS(core_mc[TestName],misc[[#This Row],[DCU_MCA_String]],core_mc[VisualId],MC_Check!$H$2) -> 0 | O18: =_xlfn.TEXTJOIN("",,"*SOCKET0**COMPUTE",misc[[#This Row],[Compute]],"**CPU**CORE",misc[[#This Row],[location]],splitchar,"DTLB*CR*MC2*STATUS**") -> *SOCKET0**COMPUTE0**CPU**CORE15__DTLB*CR*MC2*STATUS** | P18: =COUNTIFS(core_mc[TestName],misc[[#This Row],[DTLB_MCA_String]],core_mc[VisualId],MC_Check!$H$2) -> 0 | Q18: =_xlfn.TEXTJOIN("",,"*SOCKET0**COMPUTE",misc[[#This Row],[Compute]],"**CPU**CORE",misc[[#This Row],[location]],splitchar,"THREAD"&"*",splitchar,"IFU*CR*MC0*STATUS**") -> *SOCKET0**COMPUTE0**CPU**CORE15__THREAD*__IFU*CR*MC0*STATUS** | R18: =COUNTIFS(core_mc[TestName],misc[[#This Row],[IFU_MCA_String]],core_mc[VisualId],MC_Check!$H$2) -> 0 | S18: =_xlfn.TEXTJOIN("",,"*SOCKET0**COMPUTE",misc[[#This Row],[Compute]],"**CPU**CORE",misc[[#This Row],[location]],splitchar,"ML2*CR*MC3*STATUS*") -> *SOCKET0**COMPUTE0**CPU**CORE15__ML2*CR*MC3*STATUS* | T18: =COUNTIFS(core_mc[TestName],misc[[#This Row],[CORE_MCA_String]],core_mc[VisualId],MC_Check!$H$2) -> 0 | U18: =misc[[#This Row],[Core_ML2_Count]]+misc[[#This Row],[Core_IFU_Count]]+misc[[#This Row],[Core_DCU_Count]]+misc[[#This Row],[Core_DTLB_Count]] -> 0 | V18: =_xlfn.TEXTJOIN(", ",,IF(misc[[#This Row],[Core_DCU_Count]]>0,"DCU",""),IF(misc[[#This Row],[Core_IFU_Count]]>0,"IFU",""),IF(misc[[#This Row],[Core_ML2_Count]]>0,"ML2",""),IF(misc[[#This Row],[Core_DTLB_Count]]>0,"DTLB","")) | W18: =_xlfn.TEXTJOIN("",,"*SOCKET0**COMPUTE",misc[[#This Row],[Compute]],"**UNCORE**SCF**SCF*LLC**SCF*LLC",misc[[#This Row],[location]],splitchar,"MCI*STATUS*") -> *SOCKET0**COMPUTE0**UNCORE**SCF**SCF*LLC**SCF*LLC15__MCI*STATUS* | X18: =COUNTIFS(cha_mc[TestName],misc[[#This Row],[LLC_MCA_String]],cha_mc[VisualId],MC_Check!$H$2) -> 0
F19: 0 | G19: 16 | H19: =misc[[#This Row],[Core_Hitter_Count]]>0 -> FALSE | I19: =misc[[#This Row],[LLC_Hitter_Count]]>0 -> FALSE | J19: =misc[[#This Row],[CHA_Hitter_Count]]>0 -> FALSE | K19: =_xlfn.TEXTJOIN("",,"*SOCKET0**COMPUTE",misc[[#This Row],[Compute]],"**UNCORE**CHA**CHA",misc[[#This Row],[location]],splitchar,"UTIL**MC*STATUS*") -> *SOCKET0**COMPUTE0**UNCORE**CHA**CHA16__UTIL**MC*STATUS* | L19: =COUNTIFS(cha_mc[TestName],misc[[#This Row],[CHA_MCA_String]],cha_mc[VisualId],MC_Check!$H$2) -> 0 | M19: =_xlfn.TEXTJOIN("",,"*SOCKET0**COMPUTE",misc[[#This Row],[Compute]],"**CPU**CORE",misc[[#This Row],[location]],splitchar,"THREAD"&"*",splitchar,"DCU*CR*MC1*STATUS**") -> *SOCKET0**COMPUTE0**CPU**CORE16__THREAD*__DCU*CR*MC1*STATUS** | N19: =COUNTIFS(core_mc[TestName],misc[[#This Row],[DCU_MCA_String]],core_mc[VisualId],MC_Check!$H$2) -> 0 | O19: =_xlfn.TEXTJOIN("",,"*SOCKET0**COMPUTE",misc[[#This Row],[Compute]],"**CPU**CORE",misc[[#This Row],[location]],splitchar,"DTLB*CR*MC2*STATUS**") -> *SOCKET0**COMPUTE0**CPU**CORE16__DTLB*CR*MC2*STATUS** | P19: =COUNTIFS(core_mc[TestName],misc[[#This Row],[DTLB_MCA_String]],core_mc[VisualId],MC_Check!$H$2) -> 0 | Q19: =_xlfn.TEXTJOIN("",,"*SOCKET0**COMPUTE",misc[[#This Row],[Compute]],"**CPU**CORE",misc[[#This Row],[location]],splitchar,"THREAD"&"*",splitchar,"IFU*CR*MC0*STATUS**") -> *SOCKET0**COMPUTE0**CPU**CORE16__THREAD*__IFU*CR*MC0*STATUS** | R19: =COUNTIFS(core_mc[TestName],misc[[#This Row],[IFU_MCA_String]],core_mc[VisualId],MC_Check!$H$2) -> 0 | S19: =_xlfn.TEXTJOIN("",,"*SOCKET0**COMPUTE",misc[[#This Row],[Compute]],"**CPU**CORE",misc[[#This Row],[location]],splitchar,"ML2*CR*MC3*STATUS*") -> *SOCKET0**COMPUTE0**CPU**CORE16__ML2*CR*MC3*STATUS* | T19: =COUNTIFS(core_mc[TestName],misc[[#This Row],[CORE_MCA_String]],core_mc[VisualId],MC_Check!$H$2) -> 0 | U19: =misc[[#This Row],[Core_ML2_Count]]+misc[[#This Row],[Core_IFU_Count]]+misc[[#This Row],[Core_DCU_Count]]+misc[[#This Row],[Core_DTLB_Count]] -> 0 | V19: =_xlfn.TEXTJOIN(", ",,IF(misc[[#This Row],[Core_DCU_Count]]>0,"DCU",""),IF(misc[[#This Row],[Core_IFU_Count]]>0,"IFU",""),IF(misc[[#This Row],[Core_ML2_Count]]>0,"ML2",""),IF(misc[[#This Row],[Core_DTLB_Count]]>0,"DTLB","")) | W19: =_xlfn.TEXTJOIN("",,"*SOCKET0**COMPUTE",misc[[#This Row],[Compute]],"**UNCORE**SCF**SCF*LLC**SCF*LLC",misc[[#This Row],[location]],splitchar,"MCI*STATUS*") -> *SOCKET0**COMPUTE0**UNCORE**SCF**SCF*LLC**SCF*LLC16__MCI*STATUS* | X19: =COUNTIFS(cha_mc[TestName],misc[[#This Row],[LLC_MCA_String]],cha_mc[VisualId],MC_Check!$H$2) -> 0
F20: 0 | G20: 17 | H20: =misc[[#This Row],[Core_Hitter_Count]]>0 -> FALSE | I20: =misc[[#This Row],[LLC_Hitter_Count]]>0 -> FALSE | J20: =misc[[#This Row],[CHA_Hitter_Count]]>0 -> FALSE | K20: =_xlfn.TEXTJOIN("",,"*SOCKET0**COMPUTE",misc[[#This Row],[Compute]],"**UNCORE**CHA**CHA",misc[[#This Row],[location]],splitchar,"UTIL**MC*STATUS*") -> *SOCKET0**COMPUTE0**UNCORE**CHA**CHA17__UTIL**MC*STATUS* | L20: =COUNTIFS(cha_mc[TestName],misc[[#This Row],[CHA_MCA_String]],cha_mc[VisualId],MC_Check!$H$2) -> 0 | M20: =_xlfn.TEXTJOIN("",,"*SOCKET0**COMPUTE",misc[[#This Row],[Compute]],"**CPU**CORE",misc[[#This Row],[location]],splitchar,"THREAD"&"*",splitchar,"DCU*CR*MC1*STATUS**") -> *SOCKET0**COMPUTE0**CPU**CORE17__THREAD*__DCU*CR*MC1*STATUS** | N20: =COUNTIFS(core_mc[TestName],misc[[#This Row],[DCU_MCA_String]],core_mc[VisualId],MC_Check!$H$2) -> 0 | O20: =_xlfn.TEXTJOIN("",,"*SOCKET0**COMPUTE",misc[[#This Row],[Compute]],"**CPU**CORE",misc[[#This Row],[location]],splitchar,"DTLB*CR*MC2*STATUS**") -> *SOCKET0**COMPUTE0**CPU**CORE17__DTLB*CR*MC2*STATUS** | P20: =COUNTIFS(core_mc[TestName],misc[[#This Row],[DTLB_MCA_String]],core_mc[VisualId],MC_Check!$H$2) -> 0 | Q20: =_xlfn.TEXTJOIN("",,"*SOCKET0**COMPUTE",misc[[#This Row],[Compute]],"**CPU**CORE",misc[[#This Row],[location]],splitchar,"THREAD"&"*",splitchar,"IFU*CR*MC0*STATUS**") -> *SOCKET0**COMPUTE0**CPU**CORE17__THREAD*__IFU*CR*MC0*STATUS** | R20: =COUNTIFS(core_mc[TestName],misc[[#This Row],[IFU_MCA_String]],core_mc[VisualId],MC_Check!$H$2) -> 0 | S20: =_xlfn.TEXTJOIN("",,"*SOCKET0**COMPUTE",misc[[#This Row],[Compute]],"**CPU**CORE",misc[[#This Row],[location]],splitchar,"ML2*CR*MC3*STATUS*") -> *SOCKET0**COMPUTE0**CPU**CORE17__ML2*CR*MC3*STATUS* | T20: =COUNTIFS(core_mc[TestName],misc[[#This Row],[CORE_MCA_String]],core_mc[VisualId],MC_Check!$H$2) -> 0 | U20: =misc[[#This Row],[Core_ML2_Count]]+misc[[#This Row],[Core_IFU_Count]]+misc[[#This Row],[Core_DCU_Count]]+misc[[#This Row],[Core_DTLB_Count]] -> 0 | V20: =_xlfn.TEXTJOIN(", ",,IF(misc[[#This Row],[Core_DCU_Count]]>0,"DCU",""),IF(misc[[#This Row],[Core_IFU_Count]]>0,"IFU",""),IF(misc[[#This Row],[Core_ML2_Count]]>0,"ML2",""),IF(misc[[#This Row],[Core_DTLB_Count]]>0,"DTLB","")) | W20: =_xlfn.TEXTJOIN("",,"*SOCKET0**COMPUTE",misc[[#This Row],[Compute]],"**UNCORE**SCF**SCF*LLC**SCF*LLC",misc[[#This Row],[location]],splitchar,"MCI*STATUS*") -> *SOCKET0**COMPUTE0**UNCORE**SCF**SCF*LLC**SCF*LLC17__MCI*STATUS* | X20: =COUNTIFS(cha_mc[TestName],misc[[#This Row],[LLC_MCA_String]],cha_mc[VisualId],MC_Check!$H$2) -> 0
F21: 0 | G21: 18 | H21: =misc[[#This Row],[Core_Hitter_Count]]>0 -> FALSE | I21: =misc[[#This Row],[LLC_Hitter_Count]]>0 -> FALSE | J21: =misc[[#This Row],[CHA_Hitter_Count]]>0 -> FALSE | K21: =_xlfn.TEXTJOIN("",,"*SOCKET0**COMPUTE",misc[[#This Row],[Compute]],"**UNCORE**CHA**CHA",misc[[#This Row],[location]],splitchar,"UTIL**MC*STATUS*") -> *SOCKET0**COMPUTE0**UNCORE**CHA**CHA18__UTIL**MC*STATUS* | L21: =COUNTIFS(cha_mc[TestName],misc[[#This Row],[CHA_MCA_String]],cha_mc[VisualId],MC_Check!$H$2) -> 0 | M21: =_xlfn.TEXTJOIN("",,"*SOCKET0**COMPUTE",misc[[#This Row],[Compute]],"**CPU**CORE",misc[[#This Row],[location]],splitchar,"THREAD"&"*",splitchar,"DCU*CR*MC1*STATUS**") -> *SOCKET0**COMPUTE0**CPU**CORE18__THREAD*__DCU*CR*MC1*STATUS** | N21: =COUNTIFS(core_mc[TestName],misc[[#This Row],[DCU_MCA_String]],core_mc[VisualId],MC_Check!$H$2) -> 0 | O21: =_xlfn.TEXTJOIN("",,"*SOCKET0**COMPUTE",misc[[#This Row],[Compute]],"**CPU**CORE",misc[[#This Row],[location]],splitchar,"DTLB*CR*MC2*STATUS**") -> *SOCKET0**COMPUTE0**CPU**CORE18__DTLB*CR*MC2*STATUS** | P21: =COUNTIFS(core_mc[TestName],misc[[#This Row],[DTLB_MCA_String]],core_mc[VisualId],MC_Check!$H$2) -> 0 | Q21: =_xlfn.TEXTJOIN("",,"*SOCKET0**COMPUTE",misc[[#This Row],[Compute]],"**CPU**CORE",misc[[#This Row],[location]],splitchar,"THREAD"&"*",splitchar,"IFU*CR*MC0*STATUS**") -> *SOCKET0**COMPUTE0**CPU**CORE18__THREAD*__IFU*CR*MC0*STATUS** | R21: =COUNTIFS(core_mc[TestName],misc[[#This Row],[IFU_MCA_String]],core_mc[VisualId],MC_Check!$H$2) -> 0 | S21: =_xlfn.TEXTJOIN("",,"*SOCKET0**COMPUTE",misc[[#This Row],[Compute]],"**CPU**CORE",misc[[#This Row],[location]],splitchar,"ML2*CR*MC3*STATUS*") -> *SOCKET0**COMPUTE0**CPU**CORE18__ML2*CR*MC3*STATUS* | T21: =COUNTIFS(core_mc[TestName],misc[[#This Row],[CORE_MCA_String]],core_mc[VisualId],MC_Check!$H$2) -> 0 | U21: =misc[[#This Row],[Core_ML2_Count]]+misc[[#This Row],[Core_IFU_Count]]+misc[[#This Row],[Core_DCU_Count]]+misc[[#This Row],[Core_DTLB_Count]] -> 0 | V21: =_xlfn.TEXTJOIN(", ",,IF(misc[[#This Row],[Core_DCU_Count]]>0,"DCU",""),IF(misc[[#This Row],[Core_IFU_Count]]>0,"IFU",""),IF(misc[[#This Row],[Core_ML2_Count]]>0,"ML2",""),IF(misc[[#This Row],[Core_DTLB_Count]]>0,"DTLB","")) | W21: =_xlfn.TEXTJOIN("",,"*SOCKET0**COMPUTE",misc[[#This Row],[Compute]],"**UNCORE**SCF**SCF*LLC**SCF*LLC",misc[[#This Row],[location]],splitchar,"MCI*STATUS*") -> *SOCKET0**COMPUTE0**UNCORE**SCF**SCF*LLC**SCF*LLC18__MCI*STATUS* | X21: =COUNTIFS(cha_mc[TestName],misc[[#This Row],[LLC_MCA_String]],cha_mc[VisualId],MC_Check!$H$2) -> 0
F22: 0 | G22: 19 | H22: =misc[[#This Row],[Core_Hitter_Count]]>0 -> FALSE | I22: =misc[[#This Row],[LLC_Hitter_Count]]>0 -> FALSE | J22: =misc[[#This Row],[CHA_Hitter_Count]]>0 -> FALSE | K22: =_xlfn.TEXTJOIN("",,"*SOCKET0**COMPUTE",misc[[#This Row],[Compute]],"**UNCORE**CHA**CHA",misc[[#This Row],[location]],splitchar,"UTIL**MC*STATUS*") -> *SOCKET0**COMPUTE0**UNCORE**CHA**CHA19__UTIL**MC*STATUS* | L22: =COUNTIFS(cha_mc[TestName],misc[[#This Row],[CHA_MCA_String]],cha_mc[VisualId],MC_Check!$H$2) -> 0 | M22: =_xlfn.TEXTJOIN("",,"*SOCKET0**COMPUTE",misc[[#This Row],[Compute]],"**CPU**CORE",misc[[#This Row],[location]],splitchar,"THREAD"&"*",splitchar,"DCU*CR*MC1*STATUS**") -> *SOCKET0**COMPUTE0**CPU**CORE19__THREAD*__DCU*CR*MC1*STATUS** | N22: =COUNTIFS(core_mc[TestName],misc[[#This Row],[DCU_MCA_String]],core_mc[VisualId],MC_Check!$H$2) -> 0 | O22: =_xlfn.TEXTJOIN("",,"*SOCKET0**COMPUTE",misc[[#This Row],[Compute]],"**CPU**CORE",misc[[#This Row],[location]],splitchar,"DTLB*CR*MC2*STATUS**") -> *SOCKET0**COMPUTE0**CPU**CORE19__DTLB*CR*MC2*STATUS** | P22: =COUNTIFS(core_mc[TestName],misc[[#This Row],[DTLB_MCA_String]],core_mc[VisualId],MC_Check!$H$2) -> 0 | Q22: =_xlfn.TEXTJOIN("",,"*SOCKET0**COMPUTE",misc[[#This Row],[Compute]],"**CPU**CORE",misc[[#This Row],[location]],splitchar,"THREAD"&"*",splitchar,"IFU*CR*MC0*STATUS**") -> *SOCKET0**COMPUTE0**CPU**CORE19__THREAD*__IFU*CR*MC0*STATUS** | R22: =COUNTIFS(core_mc[TestName],misc[[#This Row],[IFU_MCA_String]],core_mc[VisualId],MC_Check!$H$2) -> 0 | S22: =_xlfn.TEXTJOIN("",,"*SOCKET0**COMPUTE",misc[[#This Row],[Compute]],"**CPU**CORE",misc[[#This Row],[location]],splitchar,"ML2*CR*MC3*STATUS*") -> *SOCKET0**COMPUTE0**CPU**CORE19__ML2*CR*MC3*STATUS* | T22: =COUNTIFS(core_mc[TestName],misc[[#This Row],[CORE_MCA_String]],core_mc[VisualId],MC_Check!$H$2) -> 0 | U22: =misc[[#This Row],[Core_ML2_Count]]+misc[[#This Row],[Core_IFU_Count]]+misc[[#This Row],[Core_DCU_Count]]+misc[[#This Row],[Core_DTLB_Count]] -> 0 | V22: =_xlfn.TEXTJOIN(", ",,IF(misc[[#This Row],[Core_DCU_Count]]>0,"DCU",""),IF(misc[[#This Row],[Core_IFU_Count]]>0,"IFU",""),IF(misc[[#This Row],[Core_ML2_Count]]>0,"ML2",""),IF(misc[[#This Row],[Core_DTLB_Count]]>0,"DTLB","")) | W22: =_xlfn.TEXTJOIN("",,"*SOCKET0**COMPUTE",misc[[#This Row],[Compute]],"**UNCORE**SCF**SCF*LLC**SCF*LLC",misc[[#This Row],[location]],splitchar,"MCI*STATUS*") -> *SOCKET0**COMPUTE0**UNCORE**SCF**SCF*LLC**SCF*LLC19__MCI*STATUS* | X22: =COUNTIFS(cha_mc[TestName],misc[[#This Row],[LLC_MCA_String]],cha_mc[VisualId],MC_Check!$H$2) -> 0
F23: 0 | G23: 20 | H23: =misc[[#This Row],[Core_Hitter_Count]]>0 -> FALSE | I23: =misc[[#This Row],[LLC_Hitter_Count]]>0 -> FALSE | J23: =misc[[#This Row],[CHA_Hitter_Count]]>0 -> FALSE | K23: =_xlfn.TEXTJOIN("",,"*SOCKET0**COMPUTE",misc[[#This Row],[Compute]],"**UNCORE**CHA**CHA",misc[[#This Row],[location]],splitchar,"UTIL**MC*STATUS*") -> *SOCKET0**COMPUTE0**UNCORE**CHA**CHA20__UTIL**MC*STATUS* | L23: =COUNTIFS(cha_mc[TestName],misc[[#This Row],[CHA_MCA_String]],cha_mc[VisualId],MC_Check!$H$2) -> 0 | M23: =_xlfn.TEXTJOIN("",,"*SOCKET0**COMPUTE",misc[[#This Row],[Compute]],"**CPU**CORE",misc[[#This Row],[location]],splitchar,"THREAD"&"*",splitchar,"DCU*CR*MC1*STATUS**") -> *SOCKET0**COMPUTE0**CPU**CORE20__THREAD*__DCU*CR*MC1*STATUS** | N23: =COUNTIFS(core_mc[TestName],misc[[#This Row],[DCU_MCA_String]],core_mc[VisualId],MC_Check!$H$2) -> 0 | O23: =_xlfn.TEXTJOIN("",,"*SOCKET0**COMPUTE",misc[[#This Row],[Compute]],"**CPU**CORE",misc[[#This Row],[location]],splitchar,"DTLB*CR*MC2*STATUS**") -> *SOCKET0**COMPUTE0**CPU**CORE20__DTLB*CR*MC2*STATUS** | P23: =COUNTIFS(core_mc[TestName],misc[[#This Row],[DTLB_MCA_String]],core_mc[VisualId],MC_Check!$H$2) -> 0 | Q23: =_xlfn.TEXTJOIN("",,"*SOCKET0**COMPUTE",misc[[#This Row],[Compute]],"**CPU**CORE",misc[[#This Row],[location]],splitchar,"THREAD"&"*",splitchar,"IFU*CR*MC0*STATUS**") -> *SOCKET0**COMPUTE0**CPU**CORE20__THREAD*__IFU*CR*MC0*STATUS** | R23: =COUNTIFS(core_mc[TestName],misc[[#This Row],[IFU_MCA_String]],core_mc[VisualId],MC_Check!$H$2) -> 0 | S23: =_xlfn.TEXTJOIN("",,"*SOCKET0**COMPUTE",misc[[#This Row],[Compute]],"**CPU**CORE",misc[[#This Row],[location]],splitchar,"ML2*CR*MC3*STATUS*") -> *SOCKET0**COMPUTE0**CPU**CORE20__ML2*CR*MC3*STATUS* | T23: =COUNTIFS(core_mc[TestName],misc[[#This Row],[CORE_MCA_String]],core_mc[VisualId],MC_Check!$H$2) -> 0 | U23: =misc[[#This Row],[Core_ML2_Count]]+misc[[#This Row],[Core_IFU_Count]]+misc[[#This Row],[Core_DCU_Count]]+misc[[#This Row],[Core_DTLB_Count]] -> 0 | V23: =_xlfn.TEXTJOIN(", ",,IF(misc[[#This Row],[Core_DCU_Count]]>0,"DCU",""),IF(misc[[#This Row],[Core_IFU_Count]]>0,"IFU",""),IF(misc[[#This Row],[Core_ML2_Count]]>0,"ML2",""),IF(misc[[#This Row],[Core_DTLB_Count]]>0,"DTLB","")) | W23: =_xlfn.TEXTJOIN("",,"*SOCKET0**COMPUTE",misc[[#This Row],[Compute]],"**UNCORE**SCF**SCF*LLC**SCF*LLC",misc[[#This Row],[location]],splitchar,"MCI*STATUS*") -> *SOCKET0**COMPUTE0**UNCORE**SCF**SCF*LLC**SCF*LLC20__MCI*STATUS* | X23: =COUNTIFS(cha_mc[TestName],misc[[#This Row],[LLC_MCA_String]],cha_mc[VisualId],MC_Check!$H$2) -> 0
F24: 0 | G24: 21 | H24: =misc[[#This Row],[Core_Hitter_Count]]>0 -> FALSE | I24: =misc[[#This Row],[LLC_Hitter_Count]]>0 -> FALSE | J24: =misc[[#This Row],[CHA_Hitter_Count]]>0 -> FALSE | K24: =_xlfn.TEXTJOIN("",,"*SOCKET0**COMPUTE",misc[[#This Row],[Compute]],"**UNCORE**CHA**CHA",misc[[#This Row],[location]],splitchar,"UTIL**MC*STATUS*") -> *SOCKET0**COMPUTE0**UNCORE**CHA**CHA21__UTIL**MC*STATUS* | L24: =COUNTIFS(cha_mc[TestName],misc[[#This Row],[CHA_MCA_String]],cha_mc[VisualId],MC_Check!$H$2) -> 0 | M24: =_xlfn.TEXTJOIN("",,"*SOCKET0**COMPUTE",misc[[#This Row],[Compute]],"**CPU**CORE",misc[[#This Row],[location]],splitchar,"THREAD"&"*",splitchar,"DCU*CR*MC1*STATUS**") -> *SOCKET0**COMPUTE0**CPU**CORE21__THREAD*__DCU*CR*MC1*STATUS** | N24: =COUNTIFS(core_mc[TestName],misc[[#This Row],[DCU_MCA_String]],core_mc[VisualId],MC_Check!$H$2) -> 0 | O24: =_xlfn.TEXTJOIN("",,"*SOCKET0**COMPUTE",misc[[#This Row],[Compute]],"**CPU**CORE",misc[[#This Row],[location]],splitchar,"DTLB*CR*MC2*STATUS**") -> *SOCKET0**COMPUTE0**CPU**CORE21__DTLB*CR*MC2*STATUS** | P24: =COUNTIFS(core_mc[TestName],misc[[#This Row],[DTLB_MCA_String]],core_mc[VisualId],MC_Check!$H$2) -> 0 | Q24: =_xlfn.TEXTJOIN("",,"*SOCKET0**COMPUTE",misc[[#This Row],[Compute]],"**CPU**CORE",misc[[#This Row],[location]],splitchar,"THREAD"&"*",splitchar,"IFU*CR*MC0*STATUS**") -> *SOCKET0**COMPUTE0**CPU**CORE21__THREAD*__IFU*CR*MC0*STATUS** | R24: =COUNTIFS(core_mc[TestName],misc[[#This Row],[IFU_MCA_String]],core_mc[VisualId],MC_Check!$H$2) -> 0 | S24: =_xlfn.TEXTJOIN("",,"*SOCKET0**COMPUTE",misc[[#This Row],[Compute]],"**CPU**CORE",misc[[#This Row],[location]],splitchar,"ML2*CR*MC3*STATUS*") -> *SOCKET0**COMPUTE0**CPU**CORE21__ML2*CR*MC3*STATUS* | T24: =COUNTIFS(core_mc[TestName],misc[[#This Row],[CORE_MCA_String]],core_mc[VisualId],MC_Check!$H$2) -> 0 | U24: =misc[[#This Row],[Core_ML2_Count]]+misc[[#This Row],[Core_IFU_Count]]+misc[[#This Row],[Core_DCU_Count]]+misc[[#This Row],[Core_DTLB_Count]] -> 0 | V24: =_xlfn.TEXTJOIN(", ",,IF(misc[[#This Row],[Core_DCU_Count]]>0,"DCU",""),IF(misc[[#This Row],[Core_IFU_Count]]>0,"IFU",""),IF(misc[[#This Row],[Core_ML2_Count]]>0,"ML2",""),IF(misc[[#This Row],[Core_DTLB_Count]]>0,"DTLB","")) | W24: =_xlfn.TEXTJOIN("",,"*SOCKET0**COMPUTE",misc[[#This Row],[Compute]],"**UNCORE**SCF**SCF*LLC**SCF*LLC",misc[[#This Row],[location]],splitchar,"MCI*STATUS*") -> *SOCKET0**COMPUTE0**UNCORE**SCF**SCF*LLC**SCF*LLC21__MCI*STATUS* | X24: =COUNTIFS(cha_mc[TestName],misc[[#This Row],[LLC_MCA_String]],cha_mc[VisualId],MC_Check!$H$2) -> 0
F25: 0 | G25: 22 | H25: =misc[[#This Row],[Core_Hitter_Count]]>0 -> FALSE | I25: =misc[[#This Row],[LLC_Hitter_Count]]>0 -> FALSE | J25: =misc[[#This Row],[CHA_Hitter_Count]]>0 -> FALSE | K25: =_xlfn.TEXTJOIN("",,"*SOCKET0**COMPUTE",misc[[#This Row],[Compute]],"**UNCORE**CHA**CHA",misc[[#This Row],[location]],splitchar,"UTIL**MC*STATUS*") -> *SOCKET0**COMPUTE0**UNCORE**CHA**CHA22__UTIL**MC*STATUS* | L25: =COUNTIFS(cha_mc[TestName],misc[[#This Row],[CHA_MCA_String]],cha_mc[VisualId],MC_Check!$H$2) -> 0 | M25: =_xlfn.TEXTJOIN("",,"*SOCKET0**COMPUTE",misc[[#This Row],[Compute]],"**CPU**CORE",misc[[#This Row],[location]],splitchar,"THREAD"&"*",splitchar,"DCU*CR*MC1*STATUS**") -> *SOCKET0**COMPUTE0**CPU**CORE22__THREAD*__DCU*CR*MC1*STATUS** | N25: =COUNTIFS(core_mc[TestName],misc[[#This Row],[DCU_MCA_String]],core_mc[VisualId],MC_Check!$H$2) -> 0 | O25: =_xlfn.TEXTJOIN("",,"*SOCKET0**COMPUTE",misc[[#This Row],[Compute]],"**CPU**CORE",misc[[#This Row],[location]],splitchar,"DTLB*CR*MC2*STATUS**") -> *SOCKET0**COMPUTE0**CPU**CORE22__DTLB*CR*MC2*STATUS** | P25: =COUNTIFS(core_mc[TestName],misc[[#This Row],[DTLB_MCA_String]],core_mc[VisualId],MC_Check!$H$2) -> 0 | Q25: =_xlfn.TEXTJOIN("",,"*SOCKET0**COMPUTE",misc[[#This Row],[Compute]],"**CPU**CORE",misc[[#This Row],[location]],splitchar,"THREAD"&"*",splitchar,"IFU*CR*MC0*STATUS**") -> *SOCKET0**COMPUTE0**CPU**CORE22__THREAD*__IFU*CR*MC0*STATUS** | R25: =COUNTIFS(core_mc[TestName],misc[[#This Row],[IFU_MCA_String]],core_mc[VisualId],MC_Check!$H$2) -> 0 | S25: =_xlfn.TEXTJOIN("",,"*SOCKET0**COMPUTE",misc[[#This Row],[Compute]],"**CPU**CORE",misc[[#This Row],[location]],splitchar,"ML2*CR*MC3*STATUS*") -> *SOCKET0**COMPUTE0**CPU**CORE22__ML2*CR*MC3*STATUS* | T25: =COUNTIFS(core_mc[TestName],misc[[#This Row],[CORE_MCA_String]],core_mc[VisualId],MC_Check!$H$2) -> 0 | U25: =misc[[#This Row],[Core_ML2_Count]]+misc[[#This Row],[Core_IFU_Count]]+misc[[#This Row],[Core_DCU_Count]]+misc[[#This Row],[Core_DTLB_Count]] -> 0 | V25: =_xlfn.TEXTJOIN(", ",,IF(misc[[#This Row],[Core_DCU_Count]]>0,"DCU",""),IF(misc[[#This Row],[Core_IFU_Count]]>0,"IFU",""),IF(misc[[#This Row],[Core_ML2_Count]]>0,"ML2",""),IF(misc[[#This Row],[Core_DTLB_Count]]>0,"DTLB","")) | W25: =_xlfn.TEXTJOIN("",,"*SOCKET0**COMPUTE",misc[[#This Row],[Compute]],"**UNCORE**SCF**SCF*LLC**SCF*LLC",misc[[#This Row],[location]],splitchar,"MCI*STATUS*") -> *SOCKET0**COMPUTE0**UNCORE**SCF**SCF*LLC**SCF*LLC22__MCI*STATUS* | X25: =COUNTIFS(cha_mc[TestName],misc[[#This Row],[LLC_MCA_String]],cha_mc[VisualId],MC_Check!$H$2) -> 0
F26: 0 | G26: 23 | H26: =misc[[#This Row],[Core_Hitter_Count]]>0 -> FALSE | I26: =misc[[#This Row],[LLC_Hitter_Count]]>0 -> FALSE | J26: =misc[[#This Row],[CHA_Hitter_Count]]>0 -> FALSE | K26: =_xlfn.TEXTJOIN("",,"*SOCKET0**COMPUTE",misc[[#This Row],[Compute]],"**UNCORE**CHA**CHA",misc[[#This Row],[location]],splitchar,"UTIL**MC*STATUS*") -> *SOCKET0**COMPUTE0**UNCORE**CHA**CHA23__UTIL**MC*STATUS* | L26: =COUNTIFS(cha_mc[TestName],misc[[#This Row],[CHA_MCA_String]],cha_mc[VisualId],MC_Check!$H$2) -> 0 | M26: =_xlfn.TEXTJOIN("",,"*SOCKET0**COMPUTE",misc[[#This Row],[Compute]],"**CPU**CORE",misc[[#This Row],[location]],splitchar,"THREAD"&"*",splitchar,"DCU*CR*MC1*STATUS**") -> *SOCKET0**COMPUTE0**CPU**CORE23__THREAD*__DCU*CR*MC1*STATUS** | N26: =COUNTIFS(core_mc[TestName],misc[[#This Row],[DCU_MCA_String]],core_mc[VisualId],MC_Check!$H$2) -> 0 | O26: =_xlfn.TEXTJOIN("",,"*SOCKET0**COMPUTE",misc[[#This Row],[Compute]],"**CPU**CORE",misc[[#This Row],[location]],splitchar,"DTLB*CR*MC2*STATUS**") -> *SOCKET0**COMPUTE0**CPU**CORE23__DTLB*CR*MC2*STATUS** | P26: =COUNTIFS(core_mc[TestName],misc[[#This Row],[DTLB_MCA_String]],core_mc[VisualId],MC_Check!$H$2) -> 0 | Q26: =_xlfn.TEXTJOIN("",,"*SOCKET0**COMPUTE",misc[[#This Row],[Compute]],"**CPU**CORE",misc[[#This Row],[location]],splitchar,"THREAD"&"*",splitchar,"IFU*CR*MC0*STATUS**") -> *SOCKET0**COMPUTE0**CPU**CORE23__THREAD*__IFU*CR*MC0*STATUS** | R26: =COUNTIFS(core_mc[TestName],misc[[#This Row],[IFU_MCA_String]],core_mc[VisualId],MC_Check!$H$2) -> 0 | S26: =_xlfn.TEXTJOIN("",,"*SOCKET0**COMPUTE",misc[[#This Row],[Compute]],"**CPU**CORE",misc[[#This Row],[location]],splitchar,"ML2*CR*MC3*STATUS*") -> *SOCKET0**COMPUTE0**CPU**CORE23__ML2*CR*MC3*STATUS* | T26: =COUNTIFS(core_mc[TestName],misc[[#This Row],[CORE_MCA_String]],core_mc[VisualId],MC_Check!$H$2) -> 0 | U26: =misc[[#This Row],[Core_ML2_Count]]+misc[[#This Row],[Core_IFU_Count]]+misc[[#This Row],[Core_DCU_Count]]+misc[[#This Row],[Core_DTLB_Count]] -> 0 | V26: =_xlfn.TEXTJOIN(", ",,IF(misc[[#This Row],[Core_DCU_Count]]>0,"DCU",""),IF(misc[[#This Row],[Core_IFU_Count]]>0,"IFU",""),IF(misc[[#This Row],[Core_ML2_Count]]>0,"ML2",""),IF(misc[[#This Row],[Core_DTLB_Count]]>0,"DTLB","")) | W26: =_xlfn.TEXTJOIN("",,"*SOCKET0**COMPUTE",misc[[#This Row],[Compute]],"**UNCORE**SCF**SCF*LLC**SCF*LLC",misc[[#This Row],[location]],splitchar,"MCI*STATUS*") -> *SOCKET0**COMPUTE0**UNCORE**SCF**SCF*LLC**SCF*LLC23__MCI*STATUS* | X26: =COUNTIFS(cha_mc[TestName],misc[[#This Row],[LLC_MCA_String]],cha_mc[VisualId],MC_Check!$H$2) -> 0
... F62: 0 | G62: 59 | H62: =misc[[#This Row],[Core_Hitter_Count]]>0 -> FALSE | I62: =misc[[#This Row],[LLC_Hitter_Count]]>0 -> FALSE | J62: =misc[[#This Row],[CHA_Hitter_Count]]>0 -> FALSE | K62: =_xlfn.TEXTJOIN("",,"*SOCKET0**COMPUTE",misc[[#This Row],[Compute]],"**UNCORE**CHA**CHA",misc[[#This Row],[location]],splitchar,"UTIL**MC*STATUS*") -> *SOCKET0**COMPUTE0**UNCORE**CHA**CHA59__UTIL**MC*STATUS* | L62: =COUNTIFS(cha_mc[TestName],misc[[#This Row],[CHA_MCA_String]],cha_mc[VisualId],MC_Check!$H$2) -> 0 | M62: =_xlfn.TEXTJOIN("",,"*SOCKET0**COMPUTE",misc[[#This Row],[Compute]],"**CPU**CORE",misc[[#This Row],[location]],splitchar,"THREAD"&"*",splitchar,"DCU*CR*MC1*STATUS**") -> *SOCKET0**COMPUTE0**CPU**CORE59__THREAD*__DCU*CR*MC1*STATUS** | N62: =COUNTIFS(core_mc[TestName],misc[[#This Row],[DCU_MCA_String]],core_mc[VisualId],MC_Check!$H$2) -> 0 | O62: =_xlfn.TEXTJOIN("",,"*SOCKET0**COMPUTE",misc[[#This Row],[Compute]],"**CPU**CORE",misc[[#This Row],[location]],splitchar,"DTLB*CR*MC2*STATUS**") -> *SOCKET0**COMPUTE0**CPU**CORE59__DTLB*CR*MC2*STATUS** | P62: =COUNTIFS(core_mc[TestName],misc[[#This Row],[DTLB_MCA_String]],core_mc[VisualId],MC_Check!$H$2) -> 0 | Q62: =_xlfn.TEXTJOIN("",,"*SOCKET0**COMPUTE",misc[[#This Row],[Compute]],"**CPU**CORE",misc[[#This Row],[location]],splitchar,"THREAD"&"*",splitchar,"IFU*CR*MC0*STATUS**") -> *SOCKET0**COMPUTE0**CPU**CORE59__THREAD*__IFU*CR*MC0*STATUS** | R62: =COUNTIFS(core_mc[TestName],misc[[#This Row],[IFU_MCA_String]],core_mc[VisualId],MC_Check!$H$2) -> 0 | S62: =_xlfn.TEXTJOIN("",,"*SOCKET0**COMPUTE",misc[[#This Row],[Compute]],"**CPU**CORE",misc[[#This Row],[location]],splitchar,"ML2*CR*MC3*STATUS*") -> *SOCKET0**COMPUTE0**CPU**CORE59__ML2*CR*MC3*STATUS* | T62: =COUNTIFS(core_mc[TestName],misc[[#This Row],[CORE_MCA_String]],core_mc[VisualId],MC_Check!$H$2) -> 0 | U62: =misc[[#This Row],[Core_ML2_Count]]+misc[[#This Row],[Core_IFU_Count]]+misc[[#This Row],[Core_DCU_Count]]+misc[[#This Row],[Core_DTLB_Count]] -> 0 | V62: =_xlfn.TEXTJOIN(", ",,IF(misc[[#This Row],[Core_DCU_Count]]>0,"DCU",""),IF(misc[[#This Row],[Core_IFU_Count]]>0,"IFU",""),IF(misc[[#This Row],[Core_ML2_Count]]>0,"ML2",""),IF(misc[[#This Row],[Core_DTLB_Count]]>0,"DTLB","")) | W62: =_xlfn.TEXTJOIN("",,"*SOCKET0**COMPUTE",misc[[#This Row],[Compute]],"**UNCORE**SCF**SCF*LLC**SCF*LLC",misc[[#This Row],[location]],splitchar,"MCI*STATUS*") -> *SOCKET0**COMPUTE0**UNCORE**SCF**SCF*LLC**SCF*LLC59__MCI*STATUS* | X62: =COUNTIFS(cha_mc[TestName],misc[[#This Row],[LLC_MCA_String]],cha_mc[VisualId],MC_Check!$H$2) -> 0
F63: 1 | G63: =G62+1 -> 60 | H63: =misc[[#This Row],[Core_Hitter_Count]]>0 -> FALSE | I63: =misc[[#This Row],[LLC_Hitter_Count]]>0 -> FALSE | J63: =misc[[#This Row],[CHA_Hitter_Count]]>0 -> FALSE | K63: =_xlfn.TEXTJOIN("",,"*SOCKET0**COMPUTE",misc[[#This Row],[Compute]],"**UNCORE**CHA**CHA",misc[[#This Row],[location]],splitchar,"UTIL**MC*STATUS*") -> *SOCKET0**COMPUTE1**UNCORE**CHA**CHA60__UTIL**MC*STATUS* | L63: =COUNTIFS(cha_mc[TestName],misc[[#This Row],[CHA_MCA_String]],cha_mc[VisualId],MC_Check!$H$2) -> 0 | M63: =_xlfn.TEXTJOIN("",,"*SOCKET0**COMPUTE",misc[[#This Row],[Compute]],"**CPU**CORE",misc[[#This Row],[location]],splitchar,"THREAD"&"*",splitchar,"DCU*CR*MC1*STATUS**") -> *SOCKET0**COMPUTE1**CPU**CORE60__THREAD*__DCU*CR*MC1*STATUS** | N63: =COUNTIFS(core_mc[TestName],misc[[#This Row],[DCU_MCA_String]],core_mc[VisualId],MC_Check!$H$2) -> 0 | O63: =_xlfn.TEXTJOIN("",,"*SOCKET0**COMPUTE",misc[[#This Row],[Compute]],"**CPU**CORE",misc[[#This Row],[location]],splitchar,"DTLB*CR*MC2*STATUS**") -> *SOCKET0**COMPUTE1**CPU**CORE60__DTLB*CR*MC2*STATUS** | P63: =COUNTIFS(core_mc[TestName],misc[[#This Row],[DTLB_MCA_String]],core_mc[VisualId],MC_Check!$H$2) -> 0 | Q63: =_xlfn.TEXTJOIN("",,"*SOCKET0**COMPUTE",misc[[#This Row],[Compute]],"**CPU**CORE",misc[[#This Row],[location]],splitchar,"THREAD"&"*",splitchar,"IFU*CR*MC0*STATUS**") -> *SOCKET0**COMPUTE1**CPU**CORE60__THREAD*__IFU*CR*MC0*STATUS** | R63: =COUNTIFS(core_mc[TestName],misc[[#This Row],[IFU_MCA_String]],core_mc[VisualId],MC_Check!$H$2) -> 0 | S63: =_xlfn.TEXTJOIN("",,"*SOCKET0**COMPUTE",misc[[#This Row],[Compute]],"**CPU**CORE",misc[[#This Row],[location]],splitchar,"ML2*CR*MC3*STATUS*") -> *SOCKET0**COMPUTE1**CPU**CORE60__ML2*CR*MC3*STATUS* | T63: =COUNTIFS(core_mc[TestName],misc[[#This Row],[CORE_MCA_String]],core_mc[VisualId],MC_Check!$H$2) -> 0 | U63: =misc[[#This Row],[Core_ML2_Count]]+misc[[#This Row],[Core_IFU_Count]]+misc[[#This Row],[Core_DCU_Count]]+misc[[#This Row],[Core_DTLB_Count]] -> 0 | V63: =_xlfn.TEXTJOIN(", ",,IF(misc[[#This Row],[Core_DCU_Count]]>0,"DCU",""),IF(misc[[#This Row],[Core_IFU_Count]]>0,"IFU",""),IF(misc[[#This Row],[Core_ML2_Count]]>0,"ML2",""),IF(misc[[#This Row],[Core_DTLB_Count]]>0,"DTLB","")) | W63: =_xlfn.TEXTJOIN("",,"*SOCKET0**COMPUTE",misc[[#This Row],[Compute]],"**UNCORE**SCF**SCF*LLC**SCF*LLC",misc[[#This Row],[location]],splitchar,"MCI*STATUS*") -> *SOCKET0**COMPUTE1**UNCORE**SCF**SCF*LLC**SCF*LLC60__MCI*STATUS* | X63: =COUNTIFS(cha_mc[TestName],misc[[#This Row],[LLC_MCA_String]],cha_mc[VisualId],MC_Check!$H$2) -> 0
F64: 1 | G64: =G63+1 -> 61 | H64: =misc[[#This Row],[Core_Hitter_Count]]>0 -> FALSE | I64: =misc[[#This Row],[LLC_Hitter_Count]]>0 -> FALSE | J64: =misc[[#This Row],[CHA_Hitter_Count]]>0 -> FALSE | K64: =_xlfn.TEXTJOIN("",,"*SOCKET0**COMPUTE",misc[[#This Row],[Compute]],"**UNCORE**CHA**CHA",misc[[#This Row],[location]],splitchar,"UTIL**MC*STATUS*") -> *SOCKET0**COMPUTE1**UNCORE**CHA**CHA61__UTIL**MC*STATUS* | L64: =COUNTIFS(cha_mc[TestName],misc[[#This Row],[CHA_MCA_String]],cha_mc[VisualId],MC_Check!$H$2) -> 0 | M64: =_xlfn.TEXTJOIN("",,"*SOCKET0**COMPUTE",misc[[#This Row],[Compute]],"**CPU**CORE",misc[[#This Row],[location]],splitchar,"THREAD"&"*",splitchar,"DCU*CR*MC1*STATUS**") -> *SOCKET0**COMPUTE1**CPU**CORE61__THREAD*__DCU*CR*MC1*STATUS** | N64: =COUNTIFS(core_mc[TestName],misc[[#This Row],[DCU_MCA_String]],core_mc[VisualId],MC_Check!$H$2) -> 0 | O64: =_xlfn.TEXTJOIN("",,"*SOCKET0**COMPUTE",misc[[#This Row],[Compute]],"**CPU**CORE",misc[[#This Row],[location]],splitchar,"DTLB*CR*MC2*STATUS**") -> *SOCKET0**COMPUTE1**CPU**CORE61__DTLB*CR*MC2*STATUS** | P64: =COUNTIFS(core_mc[TestName],misc[[#This Row],[DTLB_MCA_String]],core_mc[VisualId],MC_Check!$H$2) -> 0 | Q64: =_xlfn.TEXTJOIN("",,"*SOCKET0**COMPUTE",misc[[#This Row],[Compute]],"**CPU**CORE",misc[[#This Row],[location]],splitchar,"THREAD"&"*",splitchar,"IFU*CR*MC0*STATUS**") -> *SOCKET0**COMPUTE1**CPU**CORE61__THREAD*__IFU*CR*MC0*STATUS** | R64: =COUNTIFS(core_mc[TestName],misc[[#This Row],[IFU_MCA_String]],core_mc[VisualId],MC_Check!$H$2) -> 0 | S64: =_xlfn.TEXTJOIN("",,"*SOCKET0**COMPUTE",misc[[#This Row],[Compute]],"**CPU**CORE",misc[[#This Row],[location]],splitchar,"ML2*CR*MC3*STATUS*") -> *SOCKET0**COMPUTE1**CPU**CORE61__ML2*CR*MC3*STATUS* | T64: =COUNTIFS(core_mc[TestName],misc[[#This Row],[CORE_MCA_String]],core_mc[VisualId],MC_Check!$H$2) -> 0 | U64: =misc[[#This Row],[Core_ML2_Count]]+misc[[#This Row],[Core_IFU_Count]]+misc[[#This Row],[Core_DCU_Count]]+misc[[#This Row],[Core_DTLB_Count]] -> 0 | V64: =_xlfn.TEXTJOIN(", ",,IF(misc[[#This Row],[Core_DCU_Count]]>0,"DCU",""),IF(misc[[#This Row],[Core_IFU_Count]]>0,"IFU",""),IF(misc[[#This Row],[Core_ML2_Count]]>0,"ML2",""),IF(misc[[#This Row],[Core_DTLB_Count]]>0,"DTLB","")) | W64: =_xlfn.TEXTJOIN("",,"*SOCKET0**COMPUTE",misc[[#This Row],[Compute]],"**UNCORE**SCF**SCF*LLC**SCF*LLC",misc[[#This Row],[location]],splitchar,"MCI*STATUS*") -> *SOCKET0**COMPUTE1**UNCORE**SCF**SCF*LLC**SCF*LLC61__MCI*STATUS* | X64: =COUNTIFS(cha_mc[TestName],misc[[#This Row],[LLC_MCA_String]],cha_mc[VisualId],MC_Check!$H$2) -> 0
F65: 1 | G65: =G64+1 -> 62 | H65: =misc[[#This Row],[Core_Hitter_Count]]>0 -> FALSE | I65: =misc[[#This Row],[LLC_Hitter_Count]]>0 -> FALSE | J65: =misc[[#This Row],[CHA_Hitter_Count]]>0 -> FALSE | K65: =_xlfn.TEXTJOIN("",,"*SOCKET0**COMPUTE",misc[[#This Row],[Compute]],"**UNCORE**CHA**CHA",misc[[#This Row],[location]],splitchar,"UTIL**MC*STATUS*") -> *SOCKET0**COMPUTE1**UNCORE**CHA**CHA62__UTIL**MC*STATUS* | L65: =COUNTIFS(cha_mc[TestName],misc[[#This Row],[CHA_MCA_String]],cha_mc[VisualId],MC_Check!$H$2) -> 0 | M65: =_xlfn.TEXTJOIN("",,"*SOCKET0**COMPUTE",misc[[#This Row],[Compute]],"**CPU**CORE",misc[[#This Row],[location]],splitchar,"THREAD"&"*",splitchar,"DCU*CR*MC1*STATUS**") -> *SOCKET0**COMPUTE1**CPU**CORE62__THREAD*__DCU*CR*MC1*STATUS** | N65: =COUNTIFS(core_mc[TestName],misc[[#This Row],[DCU_MCA_String]],core_mc[VisualId],MC_Check!$H$2) -> 0 | O65: =_xlfn.TEXTJOIN("",,"*SOCKET0**COMPUTE",misc[[#This Row],[Compute]],"**CPU**CORE",misc[[#This Row],[location]],splitchar,"DTLB*CR*MC2*STATUS**") -> *SOCKET0**COMPUTE1**CPU**CORE62__DTLB*CR*MC2*STATUS** | P65: =COUNTIFS(core_mc[TestName],misc[[#This Row],[DTLB_MCA_String]],core_mc[VisualId],MC_Check!$H$2) -> 0 | Q65: =_xlfn.TEXTJOIN("",,"*SOCKET0**COMPUTE",misc[[#This Row],[Compute]],"**CPU**CORE",misc[[#This Row],[location]],splitchar,"THREAD"&"*",splitchar,"IFU*CR*MC0*STATUS**") -> *SOCKET0**COMPUTE1**CPU**CORE62__THREAD*__IFU*CR*MC0*STATUS** | R65: =COUNTIFS(core_mc[TestName],misc[[#This Row],[IFU_MCA_String]],core_mc[VisualId],MC_Check!$H$2) -> 0 | S65: =_xlfn.TEXTJOIN("",,"*SOCKET0**COMPUTE",misc[[#This Row],[Compute]],"**CPU**CORE",misc[[#This Row],[location]],splitchar,"ML2*CR*MC3*STATUS*") -> *SOCKET0**COMPUTE1**CPU**CORE62__ML2*CR*MC3*STATUS* | T65: =COUNTIFS(core_mc[TestName],misc[[#This Row],[CORE_MCA_String]],core_mc[VisualId],MC_Check!$H$2) -> 0 | U65: =misc[[#This Row],[Core_ML2_Count]]+misc[[#This Row],[Core_IFU_Count]]+misc[[#This Row],[Core_DCU_Count]]+misc[[#This Row],[Core_DTLB_Count]] -> 0 | V65: =_xlfn.TEXTJOIN(", ",,IF(misc[[#This Row],[Core_DCU_Count]]>0,"DCU",""),IF(misc[[#This Row],[Core_IFU_Count]]>0,"IFU",""),IF(misc[[#This Row],[Core_ML2_Count]]>0,"ML2",""),IF(misc[[#This Row],[Core_DTLB_Count]]>0,"DTLB","")) | W65: =_xlfn.TEXTJOIN("",,"*SOCKET0**COMPUTE",misc[[#This Row],[Compute]],"**UNCORE**SCF**SCF*LLC**SCF*LLC",misc[[#This Row],[location]],splitchar,"MCI*STATUS*") -> *SOCKET0**COMPUTE1**UNCORE**SCF**SCF*LLC**SCF*LLC62__MCI*STATUS* | X65: =COUNTIFS(cha_mc[TestName],misc[[#This Row],[LLC_MCA_String]],cha_mc[VisualId],MC_Check!$H$2) -> 0
F66: 1 | G66: =G65+1 -> 63 | H66: =misc[[#This Row],[Core_Hitter_Count]]>0 -> FALSE | I66: =misc[[#This Row],[LLC_Hitter_Count]]>0 -> FALSE | J66: =misc[[#This Row],[CHA_Hitter_Count]]>0 -> FALSE | K66: =_xlfn.TEXTJOIN("",,"*SOCKET0**COMPUTE",misc[[#This Row],[Compute]],"**UNCORE**CHA**CHA",misc[[#This Row],[location]],splitchar,"UTIL**MC*STATUS*") -> *SOCKET0**COMPUTE1**UNCORE**CHA**CHA63__UTIL**MC*STATUS* | L66: =COUNTIFS(cha_mc[TestName],misc[[#This Row],[CHA_MCA_String]],cha_mc[VisualId],MC_Check!$H$2) -> 0 | M66: =_xlfn.TEXTJOIN("",,"*SOCKET0**COMPUTE",misc[[#This Row],[Compute]],"**CPU**CORE",misc[[#This Row],[location]],splitchar,"THREAD"&"*",splitchar,"DCU*CR*MC1*STATUS**") -> *SOCKET0**COMPUTE1**CPU**CORE63__THREAD*__DCU*CR*MC1*STATUS** | N66: =COUNTIFS(core_mc[TestName],misc[[#This Row],[DCU_MCA_String]],core_mc[VisualId],MC_Check!$H$2) -> 0 | O66: =_xlfn.TEXTJOIN("",,"*SOCKET0**COMPUTE",misc[[#This Row],[Compute]],"**CPU**CORE",misc[[#This Row],[location]],splitchar,"DTLB*CR*MC2*STATUS**") -> *SOCKET0**COMPUTE1**CPU**CORE63__DTLB*CR*MC2*STATUS** | P66: =COUNTIFS(core_mc[TestName],misc[[#This Row],[DTLB_MCA_String]],core_mc[VisualId],MC_Check!$H$2) -> 0 | Q66: =_xlfn.TEXTJOIN("",,"*SOCKET0**COMPUTE",misc[[#This Row],[Compute]],"**CPU**CORE",misc[[#This Row],[location]],splitchar,"THREAD"&"*",splitchar,"IFU*CR*MC0*STATUS**") -> *SOCKET0**COMPUTE1**CPU**CORE63__THREAD*__IFU*CR*MC0*STATUS** | R66: =COUNTIFS(core_mc[TestName],misc[[#This Row],[IFU_MCA_String]],core_mc[VisualId],MC_Check!$H$2) -> 0 | S66: =_xlfn.TEXTJOIN("",,"*SOCKET0**COMPUTE",misc[[#This Row],[Compute]],"**CPU**CORE",misc[[#This Row],[location]],splitchar,"ML2*CR*MC3*STATUS*") -> *SOCKET0**COMPUTE1**CPU**CORE63__ML2*CR*MC3*STATUS* | T66: =COUNTIFS(core_mc[TestName],misc[[#This Row],[CORE_MCA_String]],core_mc[VisualId],MC_Check!$H$2) -> 0 | U66: =misc[[#This Row],[Core_ML2_Count]]+misc[[#This Row],[Core_IFU_Count]]+misc[[#This Row],[Core_DCU_Count]]+misc[[#This Row],[Core_DTLB_Count]] -> 0 | V66: =_xlfn.TEXTJOIN(", ",,IF(misc[[#This Row],[Core_DCU_Count]]>0,"DCU",""),IF(misc[[#This Row],[Core_IFU_Count]]>0,"IFU",""),IF(misc[[#This Row],[Core_ML2_Count]]>0,"ML2",""),IF(misc[[#This Row],[Core_DTLB_Count]]>0,"DTLB","")) | W66: =_xlfn.TEXTJOIN("",,"*SOCKET0**COMPUTE",misc[[#This Row],[Compute]],"**UNCORE**SCF**SCF*LLC**SCF*LLC",misc[[#This Row],[location]],splitchar,"MCI*STATUS*") -> *SOCKET0**COMPUTE1**UNCORE**SCF**SCF*LLC**SCF*LLC63__MCI*STATUS* | X66: =COUNTIFS(cha_mc[TestName],misc[[#This Row],[LLC_MCA_String]],cha_mc[VisualId],MC_Check!$H$2) -> 0
F67: 1 | G67: =G66+1 -> 64 | H67: =misc[[#This Row],[Core_Hitter_Count]]>0 -> FALSE | I67: =misc[[#This Row],[LLC_Hitter_Count]]>0 -> FALSE | J67: =misc[[#This Row],[CHA_Hitter_Count]]>0 -> FALSE | K67: =_xlfn.TEXTJOIN("",,"*SOCKET0**COMPUTE",misc[[#This Row],[Compute]],"**UNCORE**CHA**CHA",misc[[#This Row],[location]],splitchar,"UTIL**MC*STATUS*") -> *SOCKET0**COMPUTE1**UNCORE**CHA**CHA64__UTIL**MC*STATUS* | L67: =COUNTIFS(cha_mc[TestName],misc[[#This Row],[CHA_MCA_String]],cha_mc[VisualId],MC_Check!$H$2) -> 0 | M67: =_xlfn.TEXTJOIN("",,"*SOCKET0**COMPUTE",misc[[#This Row],[Compute]],"**CPU**CORE",misc[[#This Row],[location]],splitchar,"THREAD"&"*",splitchar,"DCU*CR*MC1*STATUS**") -> *SOCKET0**COMPUTE1**CPU**CORE64__THREAD*__DCU*CR*MC1*STATUS** | N67: =COUNTIFS(core_mc[TestName],misc[[#This Row],[DCU_MCA_String]],core_mc[VisualId],MC_Check!$H$2) -> 0 | O67: =_xlfn.TEXTJOIN("",,"*SOCKET0**COMPUTE",misc[[#This Row],[Compute]],"**CPU**CORE",misc[[#This Row],[location]],splitchar,"DTLB*CR*MC2*STATUS**") -> *SOCKET0**COMPUTE1**CPU**CORE64__DTLB*CR*MC2*STATUS** | P67: =COUNTIFS(core_mc[TestName],misc[[#This Row],[DTLB_MCA_String]],core_mc[VisualId],MC_Check!$H$2) -> 0 | Q67: =_xlfn.TEXTJOIN("",,"*SOCKET0**COMPUTE",misc[[#This Row],[Compute]],"**CPU**CORE",misc[[#This Row],[location]],splitchar,"THREAD"&"*",splitchar,"IFU*CR*MC0*STATUS**") -> *SOCKET0**COMPUTE1**CPU**CORE64__THREAD*__IFU*CR*MC0*STATUS** | R67: =COUNTIFS(core_mc[TestName],misc[[#This Row],[IFU_MCA_String]],core_mc[VisualId],MC_Check!$H$2) -> 0 | S67: =_xlfn.TEXTJOIN("",,"*SOCKET0**COMPUTE",misc[[#This Row],[Compute]],"**CPU**CORE",misc[[#This Row],[location]],splitchar,"ML2*CR*MC3*STATUS*") -> *SOCKET0**COMPUTE1**CPU**CORE64__ML2*CR*MC3*STATUS* | T67: =COUNTIFS(core_mc[TestName],misc[[#This Row],[CORE_MCA_String]],core_mc[VisualId],MC_Check!$H$2) -> 0 | U67: =misc[[#This Row],[Core_ML2_Count]]+misc[[#This Row],[Core_IFU_Count]]+misc[[#This Row],[Core_DCU_Count]]+misc[[#This Row],[Core_DTLB_Count]] -> 0 | V67: =_xlfn.TEXTJOIN(", ",,IF(misc[[#This Row],[Core_DCU_Count]]>0,"DCU",""),IF(misc[[#This Row],[Core_IFU_Count]]>0,"IFU",""),IF(misc[[#This Row],[Core_ML2_Count]]>0,"ML2",""),IF(misc[[#This Row],[Core_DTLB_Count]]>0,"DTLB","")) | W67: =_xlfn.TEXTJOIN("",,"*SOCKET0**COMPUTE",misc[[#This Row],[Compute]],"**UNCORE**SCF**SCF*LLC**SCF*LLC",misc[[#This Row],[location]],splitchar,"MCI*STATUS*") -> *SOCKET0**COMPUTE1**UNCORE**SCF**SCF*LLC**SCF*LLC64__MCI*STATUS* | X67: =COUNTIFS(cha_mc[TestName],misc[[#This Row],[LLC_MCA_String]],cha_mc[VisualId],MC_Check!$H$2) -> 0
F68: 1 | G68: =G67+1 -> 65 | H68: =misc[[#This Row],[Core_Hitter_Count]]>0 -> FALSE | I68: =misc[[#This Row],[LLC_Hitter_Count]]>0 -> FALSE | J68: =misc[[#This Row],[CHA_Hitter_Count]]>0 -> FALSE | K68: =_xlfn.TEXTJOIN("",,"*SOCKET0**COMPUTE",misc[[#This Row],[Compute]],"**UNCORE**CHA**CHA",misc[[#This Row],[location]],splitchar,"UTIL**MC*STATUS*") -> *SOCKET0**COMPUTE1**UNCORE**CHA**CHA65__UTIL**MC*STATUS* | L68: =COUNTIFS(cha_mc[TestName],misc[[#This Row],[CHA_MCA_String]],cha_mc[VisualId],MC_Check!$H$2) -> 0 | M68: =_xlfn.TEXTJOIN("",,"*SOCKET0**COMPUTE",misc[[#This Row],[Compute]],"**CPU**CORE",misc[[#This Row],[location]],splitchar,"THREAD"&"*",splitchar,"DCU*CR*MC1*STATUS**") -> *SOCKET0**COMPUTE1**CPU**CORE65__THREAD*__DCU*CR*MC1*STATUS** | N68: =COUNTIFS(core_mc[TestName],misc[[#This Row],[DCU_MCA_String]],core_mc[VisualId],MC_Check!$H$2) -> 0 | O68: =_xlfn.TEXTJOIN("",,"*SOCKET0**COMPUTE",misc[[#This Row],[Compute]],"**CPU**CORE",misc[[#This Row],[location]],splitchar,"DTLB*CR*MC2*STATUS**") -> *SOCKET0**COMPUTE1**CPU**CORE65__DTLB*CR*MC2*STATUS** | P68: =COUNTIFS(core_mc[TestName],misc[[#This Row],[DTLB_MCA_String]],core_mc[VisualId],MC_Check!$H$2) -> 0 | Q68: =_xlfn.TEXTJOIN("",,"*SOCKET0**COMPUTE",misc[[#This Row],[Compute]],"**CPU**CORE",misc[[#This Row],[location]],splitchar,"THREAD"&"*",splitchar,"IFU*CR*MC0*STATUS**") -> *SOCKET0**COMPUTE1**CPU**CORE65__THREAD*__IFU*CR*MC0*STATUS** | R68: =COUNTIFS(core_mc[TestName],misc[[#This Row],[IFU_MCA_String]],core_mc[VisualId],MC_Check!$H$2) -> 0 | S68: =_xlfn.TEXTJOIN("",,"*SOCKET0**COMPUTE",misc[[#This Row],[Compute]],"**CPU**CORE",misc[[#This Row],[location]],splitchar,"ML2*CR*MC3*STATUS*") -> *SOCKET0**COMPUTE1**CPU**CORE65__ML2*CR*MC3*STATUS* | T68: =COUNTIFS(core_mc[TestName],misc[[#This Row],[CORE_MCA_String]],core_mc[VisualId],MC_Check!$H$2) -> 0 | U68: =misc[[#This Row],[Core_ML2_Count]]+misc[[#This Row],[Core_IFU_Count]]+misc[[#This Row],[Core_DCU_Count]]+misc[[#This Row],[Core_DTLB_Count]] -> 0 | V68: =_xlfn.TEXTJOIN(", ",,IF(misc[[#This Row],[Core_DCU_Count]]>0,"DCU",""),IF(misc[[#This Row],[Core_IFU_Count]]>0,"IFU",""),IF(misc[[#This Row],[Core_ML2_Count]]>0,"ML2",""),IF(misc[[#This Row],[Core_DTLB_Count]]>0,"DTLB","")) | W68: =_xlfn.TEXTJOIN("",,"*SOCKET0**COMPUTE",misc[[#This Row],[Compute]],"**UNCORE**SCF**SCF*LLC**SCF*LLC",misc[[#This Row],[location]],splitchar,"MCI*STATUS*") -> *SOCKET0**COMPUTE1**UNCORE**SCF**SCF*LLC**SCF*LLC65__MCI*STATUS* | X68: =COUNTIFS(cha_mc[TestName],misc[[#This Row],[LLC_MCA_String]],cha_mc[VisualId],MC_Check!$H$2) -> 0
F69: 1 | G69: =G68+1 -> 66 | H69: =misc[[#This Row],[Core_Hitter_Count]]>0 -> FALSE | I69: =misc[[#This Row],[LLC_Hitter_Count]]>0 -> FALSE | J69: =misc[[#This Row],[CHA_Hitter_Count]]>0 -> FALSE | K69: =_xlfn.TEXTJOIN("",,"*SOCKET0**COMPUTE",misc[[#This Row],[Compute]],"**UNCORE**CHA**CHA",misc[[#This Row],[location]],splitchar,"UTIL**MC*STATUS*") -> *SOCKET0**COMPUTE1**UNCORE**CHA**CHA66__UTIL**MC*STATUS* | L69: =COUNTIFS(cha_mc[TestName],misc[[#This Row],[CHA_MCA_String]],cha_mc[VisualId],MC_Check!$H$2) -> 0 | M69: =_xlfn.TEXTJOIN("",,"*SOCKET0**COMPUTE",misc[[#This Row],[Compute]],"**CPU**CORE",misc[[#This Row],[location]],splitchar,"THREAD"&"*",splitchar,"DCU*CR*MC1*STATUS**") -> *SOCKET0**COMPUTE1**CPU**CORE66__THREAD*__DCU*CR*MC1*STATUS** | N69: =COUNTIFS(core_mc[TestName],misc[[#This Row],[DCU_MCA_String]],core_mc[VisualId],MC_Check!$H$2) -> 0 | O69: =_xlfn.TEXTJOIN("",,"*SOCKET0**COMPUTE",misc[[#This Row],[Compute]],"**CPU**CORE",misc[[#This Row],[location]],splitchar,"DTLB*CR*MC2*STATUS**") -> *SOCKET0**COMPUTE1**CPU**CORE66__DTLB*CR*MC2*STATUS** | P69: =COUNTIFS(core_mc[TestName],misc[[#This Row],[DTLB_MCA_String]],core_mc[VisualId],MC_Check!$H$2) -> 0 | Q69: =_xlfn.TEXTJOIN("",,"*SOCKET0**COMPUTE",misc[[#This Row],[Compute]],"**CPU**CORE",misc[[#This Row],[location]],splitchar,"THREAD"&"*",splitchar,"IFU*CR*MC0*STATUS**") -> *SOCKET0**COMPUTE1**CPU**CORE66__THREAD*__IFU*CR*MC0*STATUS** | R69: =COUNTIFS(core_mc[TestName],misc[[#This Row],[IFU_MCA_String]],core_mc[VisualId],MC_Check!$H$2) -> 0 | S69: =_xlfn.TEXTJOIN("",,"*SOCKET0**COMPUTE",misc[[#This Row],[Compute]],"**CPU**CORE",misc[[#This Row],[location]],splitchar,"ML2*CR*MC3*STATUS*") -> *SOCKET0**COMPUTE1**CPU**CORE66__ML2*CR*MC3*STATUS* | T69: =COUNTIFS(core_mc[TestName],misc[[#This Row],[CORE_MCA_String]],core_mc[VisualId],MC_Check!$H$2) -> 0 | U69: =misc[[#This Row],[Core_ML2_Count]]+misc[[#This Row],[Core_IFU_Count]]+misc[[#This Row],[Core_DCU_Count]]+misc[[#This Row],[Core_DTLB_Count]] -> 0 | V69: =_xlfn.TEXTJOIN(", ",,IF(misc[[#This Row],[Core_DCU_Count]]>0,"DCU",""),IF(misc[[#This Row],[Core_IFU_Count]]>0,"IFU",""),IF(misc[[#This Row],[Core_ML2_Count]]>0,"ML2",""),IF(misc[[#This Row],[Core_DTLB_Count]]>0,"DTLB","")) | W69: =_xlfn.TEXTJOIN("",,"*SOCKET0**COMPUTE",misc[[#This Row],[Compute]],"**UNCORE**SCF**SCF*LLC**SCF*LLC",misc[[#This Row],[location]],splitchar,"MCI*STATUS*") -> *SOCKET0**COMPUTE1**UNCORE**SCF**SCF*LLC**SCF*LLC66__MCI*STATUS* | X69: =COUNTIFS(cha_mc[TestName],misc[[#This Row],[LLC_MCA_String]],cha_mc[VisualId],MC_Check!$H$2) -> 0
F70: 1 | G70: =G69+1 -> 67 | H70: =misc[[#This Row],[Core_Hitter_Count]]>0 -> FALSE | I70: =misc[[#This Row],[LLC_Hitter_Count]]>0 -> FALSE | J70: =misc[[#This Row],[CHA_Hitter_Count]]>0 -> FALSE | K70: =_xlfn.TEXTJOIN("",,"*SOCKET0**COMPUTE",misc[[#This Row],[Compute]],"**UNCORE**CHA**CHA",misc[[#This Row],[location]],splitchar,"UTIL**MC*STATUS*") -> *SOCKET0**COMPUTE1**UNCORE**CHA**CHA67__UTIL**MC*STATUS* | L70: =COUNTIFS(cha_mc[TestName],misc[[#This Row],[CHA_MCA_String]],cha_mc[VisualId],MC_Check!$H$2) -> 0 | M70: =_xlfn.TEXTJOIN("",,"*SOCKET0**COMPUTE",misc[[#This Row],[Compute]],"**CPU**CORE",misc[[#This Row],[location]],splitchar,"THREAD"&"*",splitchar,"DCU*CR*MC1*STATUS**") -> *SOCKET0**COMPUTE1**CPU**CORE67__THREAD*__DCU*CR*MC1*STATUS** | N70: =COUNTIFS(core_mc[TestName],misc[[#This Row],[DCU_MCA_String]],core_mc[VisualId],MC_Check!$H$2) -> 0 | O70: =_xlfn.TEXTJOIN("",,"*SOCKET0**COMPUTE",misc[[#This Row],[Compute]],"**CPU**CORE",misc[[#This Row],[location]],splitchar,"DTLB*CR*MC2*STATUS**") -> *SOCKET0**COMPUTE1**CPU**CORE67__DTLB*CR*MC2*STATUS** | P70: =COUNTIFS(core_mc[TestName],misc[[#This Row],[DTLB_MCA_String]],core_mc[VisualId],MC_Check!$H$2) -> 0 | Q70: =_xlfn.TEXTJOIN("",,"*SOCKET0**COMPUTE",misc[[#This Row],[Compute]],"**CPU**CORE",misc[[#This Row],[location]],splitchar,"THREAD"&"*",splitchar,"IFU*CR*MC0*STATUS**") -> *SOCKET0**COMPUTE1**CPU**CORE67__THREAD*__IFU*CR*MC0*STATUS** | R70: =COUNTIFS(core_mc[TestName],misc[[#This Row],[IFU_MCA_String]],core_mc[VisualId],MC_Check!$H$2) -> 0 | S70: =_xlfn.TEXTJOIN("",,"*SOCKET0**COMPUTE",misc[[#This Row],[Compute]],"**CPU**CORE",misc[[#This Row],[location]],splitchar,"ML2*CR*MC3*STATUS*") -> *SOCKET0**COMPUTE1**CPU**CORE67__ML2*CR*MC3*STATUS* | T70: =COUNTIFS(core_mc[TestName],misc[[#This Row],[CORE_MCA_String]],core_mc[VisualId],MC_Check!$H$2) -> 0 | U70: =misc[[#This Row],[Core_ML2_Count]]+misc[[#This Row],[Core_IFU_Count]]+misc[[#This Row],[Core_DCU_Count]]+misc[[#This Row],[Core_DTLB_Count]] -> 0 | V70: =_xlfn.TEXTJOIN(", ",,IF(misc[[#This Row],[Core_DCU_Count]]>0,"DCU",""),IF(misc[[#This Row],[Core_IFU_Count]]>0,"IFU",""),IF(misc[[#This Row],[Core_ML2_Count]]>0,"ML2",""),IF(misc[[#This Row],[Core_DTLB_Count]]>0,"DTLB","")) | W70: =_xlfn.TEXTJOIN("",,"*SOCKET0**COMPUTE",misc[[#This Row],[Compute]],"**UNCORE**SCF**SCF*LLC**SCF*LLC",misc[[#This Row],[location]],splitchar,"MCI*STATUS*") -> *SOCKET0**COMPUTE1**UNCORE**SCF**SCF*LLC**SCF*LLC67__MCI*STATUS* | X70: =COUNTIFS(cha_mc[TestName],misc[[#This Row],[LLC_MCA_String]],cha_mc[VisualId],MC_Check!$H$2) -> 0
F71: 1 | G71: =G70+1 -> 68 | H71: =misc[[#This Row],[Core_Hitter_Count]]>0 -> FALSE | I71: =misc[[#This Row],[LLC_Hitter_Count]]>0 -> FALSE | J71: =misc[[#This Row],[CHA_Hitter_Count]]>0 -> FALSE | K71: =_xlfn.TEXTJOIN("",,"*SOCKET0**COMPUTE",misc[[#This Row],[Compute]],"**UNCORE**CHA**CHA",misc[[#This Row],[location]],splitchar,"UTIL**MC*STATUS*") -> *SOCKET0**COMPUTE1**UNCORE**CHA**CHA68__UTIL**MC*STATUS* | L71: =COUNTIFS(cha_mc[TestName],misc[[#This Row],[CHA_MCA_String]],cha_mc[VisualId],MC_Check!$H$2) -> 0 | M71: =_xlfn.TEXTJOIN("",,"*SOCKET0**COMPUTE",misc[[#This Row],[Compute]],"**CPU**CORE",misc[[#This Row],[location]],splitchar,"THREAD"&"*",splitchar,"DCU*CR*MC1*STATUS**") -> *SOCKET0**COMPUTE1**CPU**CORE68__THREAD*__DCU*CR*MC1*STATUS** | N71: =COUNTIFS(core_mc[TestName],misc[[#This Row],[DCU_MCA_String]],core_mc[VisualId],MC_Check!$H$2) -> 0 | O71: =_xlfn.TEXTJOIN("",,"*SOCKET0**COMPUTE",misc[[#This Row],[Compute]],"**CPU**CORE",misc[[#This Row],[location]],splitchar,"DTLB*CR*MC2*STATUS**") -> *SOCKET0**COMPUTE1**CPU**CORE68__DTLB*CR*MC2*STATUS** | P71: =COUNTIFS(core_mc[TestName],misc[[#This Row],[DTLB_MCA_String]],core_mc[VisualId],MC_Check!$H$2) -> 0 | Q71: =_xlfn.TEXTJOIN("",,"*SOCKET0**COMPUTE",misc[[#This Row],[Compute]],"**CPU**CORE",misc[[#This Row],[location]],splitchar,"THREAD"&"*",splitchar,"IFU*CR*MC0*STATUS**") -> *SOCKET0**COMPUTE1**CPU**CORE68__THREAD*__IFU*CR*MC0*STATUS** | R71: =COUNTIFS(core_mc[TestName],misc[[#This Row],[IFU_MCA_String]],core_mc[VisualId],MC_Check!$H$2) -> 0 | S71: =_xlfn.TEXTJOIN("",,"*SOCKET0**COMPUTE",misc[[#This Row],[Compute]],"**CPU**CORE",misc[[#This Row],[location]],splitchar,"ML2*CR*MC3*STATUS*") -> *SOCKET0**COMPUTE1**CPU**CORE68__ML2*CR*MC3*STATUS* | T71: =COUNTIFS(core_mc[TestName],misc[[#This Row],[CORE_MCA_String]],core_mc[VisualId],MC_Check!$H$2) -> 0 | U71: =misc[[#This Row],[Core_ML2_Count]]+misc[[#This Row],[Core_IFU_Count]]+misc[[#This Row],[Core_DCU_Count]]+misc[[#This Row],[Core_DTLB_Count]] -> 0 | V71: =_xlfn.TEXTJOIN(", ",,IF(misc[[#This Row],[Core_DCU_Count]]>0,"DCU",""),IF(misc[[#This Row],[Core_IFU_Count]]>0,"IFU",""),IF(misc[[#This Row],[Core_ML2_Count]]>0,"ML2",""),IF(misc[[#This Row],[Core_DTLB_Count]]>0,"DTLB","")) | W71: =_xlfn.TEXTJOIN("",,"*SOCKET0**COMPUTE",misc[[#This Row],[Compute]],"**UNCORE**SCF**SCF*LLC**SCF*LLC",misc[[#This Row],[location]],splitchar,"MCI*STATUS*") -> *SOCKET0**COMPUTE1**UNCORE**SCF**SCF*LLC**SCF*LLC68__MCI*STATUS* | X71: =COUNTIFS(cha_mc[TestName],misc[[#This Row],[LLC_MCA_String]],cha_mc[VisualId],MC_Check!$H$2) -> 0
F72: 1 | G72: =G71+1 -> 69 | H72: =misc[[#This Row],[Core_Hitter_Count]]>0 -> FALSE | I72: =misc[[#This Row],[LLC_Hitter_Count]]>0 -> FALSE | J72: =misc[[#This Row],[CHA_Hitter_Count]]>0 -> FALSE | K72: =_xlfn.TEXTJOIN("",,"*SOCKET0**COMPUTE",misc[[#This Row],[Compute]],"**UNCORE**CHA**CHA",misc[[#This Row],[location]],splitchar,"UTIL**MC*STATUS*") -> *SOCKET0**COMPUTE1**UNCORE**CHA**CHA69__UTIL**MC*STATUS* | L72: =COUNTIFS(cha_mc[TestName],misc[[#This Row],[CHA_MCA_String]],cha_mc[VisualId],MC_Check!$H$2) -> 0 | M72: =_xlfn.TEXTJOIN("",,"*SOCKET0**COMPUTE",misc[[#This Row],[Compute]],"**CPU**CORE",misc[[#This Row],[location]],splitchar,"THREAD"&"*",splitchar,"DCU*CR*MC1*STATUS**") -> *SOCKET0**COMPUTE1**CPU**CORE69__THREAD*__DCU*CR*MC1*STATUS** | N72: =COUNTIFS(core_mc[TestName],misc[[#This Row],[DCU_MCA_String]],core_mc[VisualId],MC_Check!$H$2) -> 0 | O72: =_xlfn.TEXTJOIN("",,"*SOCKET0**COMPUTE",misc[[#This Row],[Compute]],"**CPU**CORE",misc[[#This Row],[location]],splitchar,"DTLB*CR*MC2*STATUS**") -> *SOCKET0**COMPUTE1**CPU**CORE69__DTLB*CR*MC2*STATUS** | P72: =COUNTIFS(core_mc[TestName],misc[[#This Row],[DTLB_MCA_String]],core_mc[VisualId],MC_Check!$H$2) -> 0 | Q72: =_xlfn.TEXTJOIN("",,"*SOCKET0**COMPUTE",misc[[#This Row],[Compute]],"**CPU**CORE",misc[[#This Row],[location]],splitchar,"THREAD"&"*",splitchar,"IFU*CR*MC0*STATUS**") -> *SOCKET0**COMPUTE1**CPU**CORE69__THREAD*__IFU*CR*MC0*STATUS** | R72: =COUNTIFS(core_mc[TestName],misc[[#This Row],[IFU_MCA_String]],core_mc[VisualId],MC_Check!$H$2) -> 0 | S72: =_xlfn.TEXTJOIN("",,"*SOCKET0**COMPUTE",misc[[#This Row],[Compute]],"**CPU**CORE",misc[[#This Row],[location]],splitchar,"ML2*CR*MC3*STATUS*") -> *SOCKET0**COMPUTE1**CPU**CORE69__ML2*CR*MC3*STATUS* | T72: =COUNTIFS(core_mc[TestName],misc[[#This Row],[CORE_MCA_String]],core_mc[VisualId],MC_Check!$H$2) -> 0 | U72: =misc[[#This Row],[Core_ML2_Count]]+misc[[#This Row],[Core_IFU_Count]]+misc[[#This Row],[Core_DCU_Count]]+misc[[#This Row],[Core_DTLB_Count]] -> 0 | V72: =_xlfn.TEXTJOIN(", ",,IF(misc[[#This Row],[Core_DCU_Count]]>0,"DCU",""),IF(misc[[#This Row],[Core_IFU_Count]]>0,"IFU",""),IF(misc[[#This Row],[Core_ML2_Count]]>0,"ML2",""),IF(misc[[#This Row],[Core_DTLB_Count]]>0,"DTLB","")) | W72: =_xlfn.TEXTJOIN("",,"*SOCKET0**COMPUTE",misc[[#This Row],[Compute]],"**UNCORE**SCF**SCF*LLC**SCF*LLC",misc[[#This Row],[location]],splitchar,"MCI*STATUS*") -> *SOCKET0**COMPUTE1**UNCORE**SCF**SCF*LLC**SCF*LLC69__MCI*STATUS* | X72: =COUNTIFS(cha_mc[TestName],misc[[#This Row],[LLC_MCA_String]],cha_mc[VisualId],MC_Check!$H$2) -> 0
F73: 1 | G73: =G72+1 -> 70 | H73: =misc[[#This Row],[Core_Hitter_Count]]>0 -> FALSE | I73: =misc[[#This Row],[LLC_Hitter_Count]]>0 -> FALSE | J73: =misc[[#This Row],[CHA_Hitter_Count]]>0 -> FALSE | K73: =_xlfn.TEXTJOIN("",,"*SOCKET0**COMPUTE",misc[[#This Row],[Compute]],"**UNCORE**CHA**CHA",misc[[#This Row],[location]],splitchar,"UTIL**MC*STATUS*") -> *SOCKET0**COMPUTE1**UNCORE**CHA**CHA70__UTIL**MC*STATUS* | L73: =COUNTIFS(cha_mc[TestName],misc[[#This Row],[CHA_MCA_String]],cha_mc[VisualId],MC_Check!$H$2) -> 0 | M73: =_xlfn.TEXTJOIN("",,"*SOCKET0**COMPUTE",misc[[#This Row],[Compute]],"**CPU**CORE",misc[[#This Row],[location]],splitchar,"THREAD"&"*",splitchar,"DCU*CR*MC1*STATUS**") -> *SOCKET0**COMPUTE1**CPU**CORE70__THREAD*__DCU*CR*MC1*STATUS** | N73: =COUNTIFS(core_mc[TestName],misc[[#This Row],[DCU_MCA_String]],core_mc[VisualId],MC_Check!$H$2) -> 0 | O73: =_xlfn.TEXTJOIN("",,"*SOCKET0**COMPUTE",misc[[#This Row],[Compute]],"**CPU**CORE",misc[[#This Row],[location]],splitchar,"DTLB*CR*MC2*STATUS**") -> *SOCKET0**COMPUTE1**CPU**CORE70__DTLB*CR*MC2*STATUS** | P73: =COUNTIFS(core_mc[TestName],misc[[#This Row],[DTLB_MCA_String]],core_mc[VisualId],MC_Check!$H$2) -> 0 | Q73: =_xlfn.TEXTJOIN("",,"*SOCKET0**COMPUTE",misc[[#This Row],[Compute]],"**CPU**CORE",misc[[#This Row],[location]],splitchar,"THREAD"&"*",splitchar,"IFU*CR*MC0*STATUS**") -> *SOCKET0**COMPUTE1**CPU**CORE70__THREAD*__IFU*CR*MC0*STATUS** | R73: =COUNTIFS(core_mc[TestName],misc[[#This Row],[IFU_MCA_String]],core_mc[VisualId],MC_Check!$H$2) -> 0 | S73: =_xlfn.TEXTJOIN("",,"*SOCKET0**COMPUTE",misc[[#This Row],[Compute]],"**CPU**CORE",misc[[#This Row],[location]],splitchar,"ML2*CR*MC3*STATUS*") -> *SOCKET0**COMPUTE1**CPU**CORE70__ML2*CR*MC3*STATUS* | T73: =COUNTIFS(core_mc[TestName],misc[[#This Row],[CORE_MCA_String]],core_mc[VisualId],MC_Check!$H$2) -> 0 | U73: =misc[[#This Row],[Core_ML2_Count]]+misc[[#This Row],[Core_IFU_Count]]+misc[[#This Row],[Core_DCU_Count]]+misc[[#This Row],[Core_DTLB_Count]] -> 0 | V73: =_xlfn.TEXTJOIN(", ",,IF(misc[[#This Row],[Core_DCU_Count]]>0,"DCU",""),IF(misc[[#This Row],[Core_IFU_Count]]>0,"IFU",""),IF(misc[[#This Row],[Core_ML2_Count]]>0,"ML2",""),IF(misc[[#This Row],[Core_DTLB_Count]]>0,"DTLB","")) | W73: =_xlfn.TEXTJOIN("",,"*SOCKET0**COMPUTE",misc[[#This Row],[Compute]],"**UNCORE**SCF**SCF*LLC**SCF*LLC",misc[[#This Row],[location]],splitchar,"MCI*STATUS*") -> *SOCKET0**COMPUTE1**UNCORE**SCF**SCF*LLC**SCF*LLC70__MCI*STATUS* | X73: =COUNTIFS(cha_mc[TestName],misc[[#This Row],[LLC_MCA_String]],cha_mc[VisualId],MC_Check!$H$2) -> 0
F74: 1 | G74: =G73+1 -> 71 | H74: =misc[[#This Row],[Core_Hitter_Count]]>0 -> FALSE | I74: =misc[[#This Row],[LLC_Hitter_Count]]>0 -> FALSE | J74: =misc[[#This Row],[CHA_Hitter_Count]]>0 -> FALSE | K74: =_xlfn.TEXTJOIN("",,"*SOCKET0**COMPUTE",misc[[#This Row],[Compute]],"**UNCORE**CHA**CHA",misc[[#This Row],[location]],splitchar,"UTIL**MC*STATUS*") -> *SOCKET0**COMPUTE1**UNCORE**CHA**CHA71__UTIL**MC*STATUS* | L74: =COUNTIFS(cha_mc[TestName],misc[[#This Row],[CHA_MCA_String]],cha_mc[VisualId],MC_Check!$H$2) -> 0 | M74: =_xlfn.TEXTJOIN("",,"*SOCKET0**COMPUTE",misc[[#This Row],[Compute]],"**CPU**CORE",misc[[#This Row],[location]],splitchar,"THREAD"&"*",splitchar,"DCU*CR*MC1*STATUS**") -> *SOCKET0**COMPUTE1**CPU**CORE71__THREAD*__DCU*CR*MC1*STATUS** | N74: =COUNTIFS(core_mc[TestName],misc[[#This Row],[DCU_MCA_String]],core_mc[VisualId],MC_Check!$H$2) -> 0 | O74: =_xlfn.TEXTJOIN("",,"*SOCKET0**COMPUTE",misc[[#This Row],[Compute]],"**CPU**CORE",misc[[#This Row],[location]],splitchar,"DTLB*CR*MC2*STATUS**") -> *SOCKET0**COMPUTE1**CPU**CORE71__DTLB*CR*MC2*STATUS** | P74: =COUNTIFS(core_mc[TestName],misc[[#This Row],[DTLB_MCA_String]],core_mc[VisualId],MC_Check!$H$2) -> 0 | Q74: =_xlfn.TEXTJOIN("",,"*SOCKET0**COMPUTE",misc[[#This Row],[Compute]],"**CPU**CORE",misc[[#This Row],[location]],splitchar,"THREAD"&"*",splitchar,"IFU*CR*MC0*STATUS**") -> *SOCKET0**COMPUTE1**CPU**CORE71__THREAD*__IFU*CR*MC0*STATUS** | R74: =COUNTIFS(core_mc[TestName],misc[[#This Row],[IFU_MCA_String]],core_mc[VisualId],MC_Check!$H$2) -> 0 | S74: =_xlfn.TEXTJOIN("",,"*SOCKET0**COMPUTE",misc[[#This Row],[Compute]],"**CPU**CORE",misc[[#This Row],[location]],splitchar,"ML2*CR*MC3*STATUS*") -> *SOCKET0**COMPUTE1**CPU**CORE71__ML2*CR*MC3*STATUS* | T74: =COUNTIFS(core_mc[TestName],misc[[#This Row],[CORE_MCA_String]],core_mc[VisualId],MC_Check!$H$2) -> 0 | U74: =misc[[#This Row],[Core_ML2_Count]]+misc[[#This Row],[Core_IFU_Count]]+misc[[#This Row],[Core_DCU_Count]]+misc[[#This Row],[Core_DTLB_Count]] -> 0 | V74: =_xlfn.TEXTJOIN(", ",,IF(misc[[#This Row],[Core_DCU_Count]]>0,"DCU",""),IF(misc[[#This Row],[Core_IFU_Count]]>0,"IFU",""),IF(misc[[#This Row],[Core_ML2_Count]]>0,"ML2",""),IF(misc[[#This Row],[Core_DTLB_Count]]>0,"DTLB","")) | W74: =_xlfn.TEXTJOIN("",,"*SOCKET0**COMPUTE",misc[[#This Row],[Compute]],"**UNCORE**SCF**SCF*LLC**SCF*LLC",misc[[#This Row],[location]],splitchar,"MCI*STATUS*") -> *SOCKET0**COMPUTE1**UNCORE**SCF**SCF*LLC**SCF*LLC71__MCI*STATUS* | X74: =COUNTIFS(cha_mc[TestName],misc[[#This Row],[LLC_MCA_String]],cha_mc[VisualId],MC_Check!$H$2) -> 0
... F182: 2 | G182: =G181+1 -> 179 | H182: =misc[[#This Row],[Core_Hitter_Count]]>0 -> FALSE | I182: =misc[[#This Row],[LLC_Hitter_Count]]>0 -> FALSE | J182: =misc[[#This Row],[CHA_Hitter_Count]]>0 -> FALSE | K182: =_xlfn.TEXTJOIN("",,"*SOCKET0**COMPUTE",misc[[#This Row],[Compute]],"**UNCORE**CHA**CHA",misc[[#This Row],[location]],splitchar,"UTIL**MC*STATUS*") -> *SOCKET0**COMPUTE2**UNCORE**CHA**CHA179__UTIL**MC*STATUS* | L182: =COUNTIFS(cha_mc[TestName],misc[[#This Row],[CHA_MCA_String]],cha_mc[VisualId],MC_Check!$H$2) -> 0 | M182: =_xlfn.TEXTJOIN("",,"*SOCKET0**COMPUTE",misc[[#This Row],[Compute]],"**CPU**CORE",misc[[#This Row],[location]],splitchar,"THREAD"&"*",splitchar,"DCU*CR*MC1*STATUS**") -> *SOCKET0**COMPUTE2**CPU**CORE179__THREAD*__DCU*CR*MC1*STATUS** | N182: =COUNTIFS(core_mc[TestName],misc[[#This Row],[DCU_MCA_String]],core_mc[VisualId],MC_Check!$H$2) -> 0 | O182: =_xlfn.TEXTJOIN("",,"*SOCKET0**COMPUTE",misc[[#This Row],[Compute]],"**CPU**CORE",misc[[#This Row],[location]],splitchar,"DTLB*CR*MC2*STATUS**") -> *SOCKET0**COMPUTE2**CPU**CORE179__DTLB*CR*MC2*STATUS** | P182: =COUNTIFS(core_mc[TestName],misc[[#This Row],[DTLB_MCA_String]],core_mc[VisualId],MC_Check!$H$2) -> 0 | Q182: =_xlfn.TEXTJOIN("",,"*SOCKET0**COMPUTE",misc[[#This Row],[Compute]],"**CPU**CORE",misc[[#This Row],[location]],splitchar,"THREAD"&"*",splitchar,"IFU*CR*MC0*STATUS**") -> *SOCKET0**COMPUTE2**CPU**CORE179__THREAD*__IFU*CR*MC0*STATUS** | R182: =COUNTIFS(core_mc[TestName],misc[[#This Row],[IFU_MCA_String]],core_mc[VisualId],MC_Check!$H$2) -> 0 | S182: =_xlfn.TEXTJOIN("",,"*SOCKET0**COMPUTE",misc[[#This Row],[Compute]],"**CPU**CORE",misc[[#This Row],[location]],splitchar,"ML2*CR*MC3*STATUS*") -> *SOCKET0**COMPUTE2**CPU**CORE179__ML2*CR*MC3*STATUS* | T182: =COUNTIFS(core_mc[TestName],misc[[#This Row],[CORE_MCA_String]],core_mc[VisualId],MC_Check!$H$2) -> 0 | U182: =misc[[#This Row],[Core_ML2_Count]]+misc[[#This Row],[Core_IFU_Count]]+misc[[#This Row],[Core_DCU_Count]]+misc[[#This Row],[Core_DTLB_Count]] -> 0 | V182: =_xlfn.TEXTJOIN(", ",,IF(misc[[#This Row],[Core_DCU_Count]]>0,"DCU",""),IF(misc[[#This Row],[Core_IFU_Count]]>0,"IFU",""),IF(misc[[#This Row],[Core_ML2_Count]]>0,"ML2",""),IF(misc[[#This Row],[Core_DTLB_Count]]>0,"DTLB","")) | W182: =_xlfn.TEXTJOIN("",,"*SOCKET0**COMPUTE",misc[[#This Row],[Compute]],"**UNCORE**SCF**SCF*LLC**SCF*LLC",misc[[#This Row],[location]],splitchar,"MCI*STATUS*") -> *SOCKET0**COMPUTE2**UNCORE**SCF**SCF*LLC**SCF*LLC179__MCI*STATUS* | X182: =COUNTIFS(cha_mc[TestName],misc[[#This Row],[LLC_MCA_String]],cha_mc[VisualId],MC_Check!$H$2) -> 0
