Workbook

Sheet PPV
A1: Name | B1: Data.UNIT | C1: Data.Visual_ID | D1: Data.Start_WW | E1: Data.Facility | F1: Data.PPV_TP | G1: Data.CLASS_TP | H1: Data.Step | I1: Data.DevRevStep | J1: Data.S_Spec | K1: Data.DPM_Bucket | L1: Data.SubBucket | M1: Data.Subbucket - Notes | N1: Data.DPM | O1: Data.Root Cause | P1: Data.Group | Q1: Data.Weekly_DPM | R1: Data.1st CORE | S1: Item | T1: Kind | U1: Hidden
A2: Table6 | B2: 1 | C2: 75NW258700164 | D2: 202532 | E2: CR | F2: GNRSDEAHBA2531 | G2: GNRUCAPB3H04H01S531 | H2: REV4 | I2: 8AAHRVCB | J2: RVH4 | K2: CORE.ML2.3STRIKE | L2: LINUX | M2: PYTHONCOMMAND | N2: 13.730228 | P2: COOL | Q2: 329.8153 | R2: CORE60 | S2: Table6 | T2: Table | U2: FALSE
A3: Table6 | B3: 2 | C3: 75FQ351600172 | D3: 202532 | E3: CR | F3: GNRSDEAHBA2531 | G3: GNRUCAPB3H04H01S531 | H3: REV4 | I3: 8AAHQVCB | J3: RVH4 | K3: UNCORE.PCU.AGG | L3: LINUX | M3: SDESANDSTONE | N3: 13.730228 | P3: PUNIT | Q3: 329.8153 | R3: CORE77 | S3: Table6 | T3: Table | U3: FALSE
A4: Table6 | B4: 3 | C4: 752C6K2600230 | D4: 202532 | E4: CR | F4: GNRSDEAHBA2531 | G4: GNRUCAPB3H04H01S531 | H4: REV4 | I4: 8AAHRVCB | J4: RVF5 | K4: CORE.ML2.3STRIKE | L4: LINUX | M4: JASPER/BOOT | N4: 13.730228 | P4: SINGLE CORE (SC) | Q4: 329.8153 | R4: CORE168 | S4: Table6 | T4: Table | U4: FALSE
A5: Table6 | B5: 4 | C5: 75AV271100370 | D5: 202532 | E5: CR | F5: GNRSDEAHBA2531 | G5: GNRUCAPB3H04H01S531 | H5: REV4 | I5: 8AAHRVCB | J5: RVF5 | K5: CORE.ML2.3STRIKE | L5: DRAGON | M5: FIREWORX | N5: 13.730228 | P5: SINGLE CORE (SC) | Q5: 329.8153 | R5: CORE42 | S5: Table6 | T5: Table | U5: FALSE
A6: Table6 | B6: 5 | C6: 75PC435200207 | D6: 202532 | E6: CR | F6: GNRSDEAHBA2531 | G6: GNRUCAPB3H04H01S531 | H6: REV4 | I6: 8AAHRVCB | J6: RVH4 | K6: UNCORE.PCU.AGG | L6: DRAGON | M6: LEEKSPIN | N6: 13.730228 | P6: UNKNOWN | Q6: 329.8153 | S6: Table6 | T6: Table | U6: FALSE
A7: Table6 | B7: 6 | C7: 759Q17J500189 | D7: 202532 | E7: CR | F7: GNRSDEAHBA2531 | G7: GNRUCAPB3H04H01S531 | H7: REV4 | I7: 8AAHRVCB | J7: RVF5 | K7: CORE.ML2.3STRIKE | L7: DRAGON | M7: FRENZY | N7: 13.730228 | P7: SINGLE CORE (SC) | Q7: 329.8153 | R7: CORE9 | S7: Table6 | T7: Table | U7: FALSE
A8: Table6 | B8: 7 | C8: 75PC435200440 | D8: 202532 | E8: CR | F8: GNRSDEAHBA2531 | G8: GNRUCAPB3H04H01S531 | H8: REV4 | I8: 8AAHRVCB | J8: RVH4 | K8: UNCORE.PCU.AGG | L8: LINUX | M8: SDESANDSTONE | N8: 13.730228 | P8: PUNIT | Q8: 329.8153 | R8: CORE24 | S8: Table6 | T8: Table | U8: FALSE
A9: Table6 | B9: 8 | C9: 75Y86K5200361 | D9: 202533 | E9: CR | F9: GNRSDEAHBA2531 | G9: GNRUCAPB3H04H01S531 | H9: REV4 | I9: 8AAHRVCB | J9: RVH4 | K9: UNCORE.PCU.AGG | L9: LINUX | M9: PYTHONCOMMAND | N9: 13.730228 | P9: COOL | Q9: 169.60651 | R9: CORE95 | S9: Table6 | T9: Table | U9: FALSE
A10: Table6 | B10: 9 | C10: 75PC521100281 | D10: 202533 | E10: CR | F10: GNRSDEAHBA2531 | G10: GNRUCAPB3H04H01S531 | H10: REV4 | I10: 8AAHQVCB | J10: RVH4 | K10: CORE.ML2.3STRIKE | L10: MARIONETTE | M10: 0X54000000 | N10: 13.730228 | P10: UNKNOWN | Q10: 169.60651 | R10: CORE121 | S10: Table6 | T10: Table | U10: FALSE
A11: Table6 | B11: 10 | C11: 75DN054300086 | D11: 202533 | E11: CR | F11: GNRSDEAHBA2531 | G11: GNRUCAPB3H04H01S531 | H11: REV4 | I11: 8AAHQVCB | J11: RVH4 | K11: CORE.ML2.3STRIKE | L11: LINUX | M11: SDESANDSTONE | N11: 13.730228 | P11: SINGLE CORE (SC) | Q11: 169.60651 | R11: CORE129 | S11: Table6 | T11: Table | U11: FALSE
A12: Table6 | B12: 11 | C12: 759Q17J500021 | D12: 202533 | E12: CR | F12: GNRSDEAHBA2531 | G12: GNRUCAPB3H04H01S531 | H12: REV4 | I12: 8AAHRVCB | J12: RQ6Q | K12: CORE.ML2.3STRIKE | L12: LINUX | M12: IFS | N12: 13.730228 | P12: SINGLE CORE (SC) | Q12: 169.60651 | R12: CORE80 | S12: Table6 | T12: Table | U12: FALSE
A13: Table6 | B13: 12 | C13: 75XF413800100 | D13: 202533 | E13: CR | F13: GNRSDEAHBA2531 | G13: GNRUCAPB3H04H01S531 | H13: REV4 | I13: 8AAHRVCB | J13: RQ6Q | K13: CORE.ML2.3STRIKE | L13: MARIONETTE | M13: 0XA9041FFF | N13: 13.730228 | P13: SINGLE CORE (SC) | Q13: 169.60651 | R13: CORE0 | S13: Table6 | T13: Table | U13: FALSE
A14: Table6 | B14: 13 | C14: 753D2R1700369 | D14: 202533 | E14: CR | F14: GNRSDEAHBA2531 | G14: GNRUCAPB3H04H01S531 | H14: REV4 | I14: 8AAHPVCB | J14: RQ6Q | K14: CORE.ML2.3STRIKE | L14: DRAGON | M14: LEEKSPIN | N14: 13.730228 | P14: SINGLE CORE (SC) | Q14: 169.60651 | R14: CORE129 | S14: Table6 | T14: Table | U14: FALSE
A15: Table6 | B15: 14 | C15: 75K59B6100019 | D15: 202534 | E15: CR | F15: GNRSDEAHBA2533A | G15: GNRUCAPB3H04H01S531 | H15: REV4 | I15: 8AAHQVCB | J15: RVH4 | K15: CORE.ML2.3STRIKE | L15: MARIONETTE | M15: 0XAF001FFF | N15: 13.730228 | P15: SINGLE CORE (SC) | Q15: 151.42338 | R15: CORE143 | S15: Table6 | T15: Table | U15: FALSE
A16: Table6 | B16: 15 | C16: 75HQ026900353 | D16: 202535 | E16: CR | F16: GNRSDEAHBA2533A | G16: GNRUCAPB3H04H01S531 | H16: REV4 | I16: 8AAHRVCB | J16: RPKX | K16: CORE.ML2.3STRIKE | L16: MARIONETTE | N16: 13.730228 | P16: SINGLE CORE (SC) | Q16: 141.06362 | S16: Table6 | T16: Table | U16: FALSE
A17: Table6 | B17: 16 | C17: 759T8U8600262 | D17: 202535 | E17: CR | F17: GNRSDEAHBA2533A | G17: GNRUCAPB3H04H01S531 | H17: REV4 | I17: 8AAHQVCB | J17: RVF5 | K17: CORE.ML2.3STRIKE | L17: MARIONETTE | N17: 13.730228 | P17: SINGLE CORE (SC) | Q17: 141.06362 | R17: CORE119 | S17: Table6 | T17: Table | U17: FALSE
A18: Table6 | B18: 17 | C18: 750M6Q2200272 | D18: 202535 | E18: A15 | F18: GNRSDEAHBA2533A | G18: GNRUCAPB3H04H01S531 | H18: REV4 | I18: 8AAHQVCB | J18: RVF5 | K18: CORE.ML2.3STRIKE | L18: LINUX | M18: SDESANDSTONE | N18: 13.730228 | P18: COOL | Q18: 0 | S18: Table6 | T18: Table | U18: FALSE
A19: Table6 | B19: 18 | C19: 759T8U8600129 | D19: 202535 | E19: A15 | F19: GNRSDEAHBA2533A | G19: GNRUCAPB3H04H01S531 | H19: REV4 | I19: 8AAHQVCB | J19: RVF5 | K19: CORE.ML2.3STRIKE | L19: LINUX | M19: SDESANDSTONE | N19: 13.730228 | P19: COOL | Q19: 0 | R19: CORE55 | S19: Table6 | T19: Table | U19: FALSE
A20: Table6 | B20: 19 | C20: 759D38N100120 | D20: 202535 | E20: CR | F20: GNRSDEAHBA2533A | G20: GNRUCAPB3H04H01S531 | H20: REV4 | I20: 8AAHQVCB | J20: RVF5 | K20: CORE.ML2.3STRIKE | L20: LINUX | M20: SDESANDSTONE | N20: 13.730228 | P20: COOL | Q20: 141.06362 | S20: Table6 | T20: Table | U20: FALSE
A21: Table6 | B21: 20 | C21: 75EA153200192 | D21: 202535 | E21: A15 | F21: GNRSDEAHBA2533A | G21: GNRUCAPB3H04H01S531 | H21: REV4 | I21: 8AAHQVCB | J21: RVF5 | K21: CORE.ML2.3STRIKE | L21: LINUX | M21: SDESANDSTONE / JASPER / IFS | N21: 13.730228 | P21: PUNIT | Q21: 141.06362 | S21: Table6 | T21: Table | U21: FALSE
A22: Table6 | B22: 21 | C22: 75892BG300186 | D22: 202535 | E22: CR | F22: GNRSDEAHBA2533A | G22: GNRUCAPB3H04H01S531 | H22: REV4 | I22: 8AAHQVCB | J22: RVF5 | K22: CORE.ML2.3STRIKE | L22: LINUX | M22: TSL | N22: 13.730228 | P22: COOL | Q22: 141.06362 | R22: CORE103 | S22: Table6 | T22: Table | U22: FALSE
A23: Table6 | B23: 22 | C23: 759T8U8600274 | D23: 202535 | E23: CR | F23: GNRSDEAHBA2531 | G23: GNRUCAPB3H04H01S531 | H23: REV4 | I23: 8AAHQVCB | J23: RVF5 | K23: CORE.ML2.3STRIKE | L23: LINUX | M23: SDESANDSTONE | N23: 13.730228 | P23: COOL | Q23: 141.06362 | R23: CORE60 | S23: Table6 | T23: Table | U23: FALSE
A24: Table6 | B24: 23 | C24: 75KL115000196 | D24: 202535 | E24: CR | F24: GNRSDEAHBA2533A | G24: GNRUCAPB3H04H01S531 | H24: REV4 | I24: 8AAHQVCB | J24: RVF5 | K24: CORE.ML2.3STRIKE | L24: LINUX | M24: SOLAR | N24: 13.730228 | P24: SINGLE CORE (SC) | Q24: 141.06362 | R24: CORE67 | S24: Table6 | T24: Table | U24: FALSE
A25: Table6 | B25: 24 | C25: 75060KC200101 | D25: 202536 | E25: A15 | F25: GNRSDEAHBA2533A | G25: GNRUCAPB3H04H01S531 | H25: REV4 | I25: 8AAHRVCB | J25: RPKY | K25: CORE.ML2.3STRIKE | L25: LINUX | M25: SDESANDSTONE | N25: 13.730228 | P25: COOL | Q25: 117.13717 | S25: Table6 | T25: Table | U25: FALSE
A26: Table6 | B26: 25 | C26: 75PN442200154 | D26: 202536 | E26: A15 | F26: GNRSDEAHBA2533A | G26: GNRUCAPB3H04H01S531 | H26: REV4 | I26: 8AAHRVCB | J26: RPKY | K26: CORE.ML2.3STRIKE | L26: LINUX | M26: RAINBOW | N26: 13.730228 | P26: SINGLE CORE (SC) | Q26: 117.13717 | S26: Table6 | T26: Table | U26: FALSE
A27: Table6 | B27: 26 | C27: 75HV625900261 | D27: 202536 | E27: A15 | F27: GNRSDEAHBA2533A | G27: GNRUCAPB3H04H01S531 | H27: REV4 | I27: 8AAHRVCB | J27: RVF5 | K27: CORE.ML2.3STRIKE | L27: LINUX | M27: TSL | N27: 13.730228 | P27: SINGLE CORE (SC) | Q27: 117.13717 | S27: Table6 | T27: Table | U27: FALSE
A28: Table6 | B28: 27 | C28: 755905Q200303 | D28: 202536 | E28: A15 | F28: GNRSDEAHBA2533A | G28: GNRUCAPB3H04J01S535 | H28: REV4 | I28: 8AAHPVCB | J28: RVF5 | K28: CORE.ML2.3STRIKE | L28: DRAGON | M28: SCYLLA | N28: 13.730228 | P28: PUNIT | Q28: 117.13717 | S28: Table6 | T28: Table | U28: FALSE
A29: Table6 | B29: 28 | C29: 755905Q200002 | D29: 202536 | E29: A15 | F29: GNRSDEAHBA2533A | G29: GNRUCAPB3H04J01S535 | H29: REV4 | I29: 8AAHPVCB | J29: RPKX | K29: CORE.ML2.3STRIKE | L29: MARIONETTE | N29: 13.730228 | P29: SINGLE CORE (SC) | Q29: 117.13717 | R29: CORE0 | S29: Table6 | T29: Table | U29: FALSE
A30: Table6 | B30: 29 | C30: 75M7S84700143 | D30: 202536 | E30: A15 | F30: GNRSDEAHBA2533A | G30: GNRUCAPB3H04J01S535 | H30: REV4 | I30: 8AAHPVCB | J30: RQ6Q | K30: CORE.ML2.3STRIKE | L30: MARIONETTE | M30: 0XA9011FFF | N30: 13.730228 | P30: SINGLE CORE (SC) | Q30: 117.13717 | R30: CORE0 | S30: Table6 | T30: Table | U30: FALSE
A31: Table6 | B31: 30 | C31: 754D9U8400114 | D31: 202536 | E31: A15 | F31: GNRSDEAHBA2533A | G31: GNRUCAPB3H04H01S531 | H31: REV4 | I31: 8AAHQVCB | J31: RVF5 | K31: CORE.ML2.3STRIKE | L31: MARIONETTE | N31: 13.730228 | P31: SINGLE CORE (SC) | Q31: 117.13717 | R31: CORE9 | S31: Table6 | T31: Table | U31: FALSE
A32: Table6 | B32: 31 | C32: 750M6Q2200031 | D32: 202536 | E32: A15 | F32: GNRSDEAHBA2533A | G32: GNRUCAPB3H04H01S531 | H32: REV4 | I32: 8AAHQVCB | J32: RVF5 | K32: CORE.ML2.3STRIKE | L32: LINUX | M32: SDESANDSTONE | N32: 13.730228 | P32: COOL | Q32: 117.13717 | R32: CORE2 | S32: Table6 | T32: Table | U32: FALSE
A33: Table6 | B33: 32 | C33: 75M7S84700054 | D33: 202536 | E33: A15 | F33: GNRSDEAHBA2533A | G33: GNRUCAPB3H04J01S535 | H33: REV4 | I33: 8AAHPVCB | J33: RQ6Q | K33: CORE.ML2.3STRIKE | L33: LINUX | M33: SDESANDSTONE | N33: 13.730228 | P33: PUNIT | Q33: 117.13717 | R33: CORE63 | S33: Table6 | T33: Table | U33: FALSE
A34: Table6 | B34: 33 | C34: 758H6X4500166 | D34: 202536 | E34: A15 | F34: GNRSDEAHBA2533A | G34: GNRUCAPB3H04H01S531 | H34: REV4 | I34: 8AAHRVCB | J34: RPL9 | K34: CORE.ML2.3STRIKE | L34: DRAGON | M34: FRM | N34: 13.730228 | P34: COOL | Q34: 117.13717 | R34: CORE9 | S34: Table6 | T34: Table | U34: FALSE
A35: Table6 | B35: 34 | C35: 75AW816800059 | D35: 202536 | E35: A15 | F35: GNRSDEAHBA2533A | G35: GNRUCAPB3H04H01S531 | H35: REV4 | I35: 8AAHPVCB | J35: RVF5 | K35: CORE.ML2.3STRIKE | L35: DRAGON | M35: FRENZY | N35: 13.730228 | P35: SINGLE CORE (SC) | Q35: 117.13717 | R35: CORE119 | S35: Table6 | T35: Table | U35: FALSE
A36: Table6 | B36: 35 | C36: 753D2R1700164 | D36: 202537 | E36: A15 | F36: GNRSDEAHBA2533A | G36: GNRUCAPB3H04H01S531 | H36: REV4 | I36: 8AAHPVCB | J36: RVF5 | K36: UNCORE.PCU.AGG | L36: DRAGON | M36: FRENZY | N36: 13.730228 | P36: PUNIT | Q36: 155.59359 | R36: CORE29 | S36: Table6 | T36: Table | U36: FALSE
A37: Table6 | B37: 36 | C37: 75CK138400398 | D37: 202537 | E37: A15 | F37: GNRSDEAHBA2533A | G37: GNRUCAPB3H04H01S531 | H37: REV4 | I37: 8AAHRVCB | J37: RVF5 | K37: CORE.ML2.3STRIKE | L37: LINUX | M37: SDESANDSTONE | N37: 13.730228 | P37: COOL | Q37: 155.59359 | R37: CORE24 | S37: Table6 | T37: Table | U37: FALSE
A38: Table6 | B38: 37 | C38: 75LQ380100341 | D38: 202537 | E38: A15 | F38: GNRSDEAHBA2533A | G38: GNRUCAPB3H04H01S531 | H38: REV4 | I38: 8AAHQVCB | J38: RVF5 | K38: CORE.ML2.3STRIKE | L38: LINUX | M38: TSL | N38: 13.730228 | P38: SINGLE CORE (SC) | Q38: 155.59359 | R38: CORE177 | S38: Table6 | T38: Table | U38: FALSE
A39: Table6 | B39: 38 | C39: 752Q3N4700368 | D39: 202537 | E39: A15 | F39: GNRSDEAHBA2533A | G39: GNRUCAPB3H04H01S531 | H39: REV4 | I39: 8AAHRVCB | J39: RVF5 | K39: CORE.ML2.3STRIKE | L39: DRAGON | M39: FRM | N39: 13.730228 | P39: SINGLE CORE (SC) | Q39: 155.59359 | R39: CORE59 | S39: Table6 | T39: Table | U39: FALSE
A40: Table6 | B40: 39 | C40: 75CK138400551 | D40: 202537 | E40: A15 | F40: GNRSDEAHBA2533A | G40: GNRUCAPB3H04H01S531 | H40: REV4 | I40: 8AAHRVCB | J40: RVF5 | K40: CORE.ML2.3STRIKE | L40: LINUX | M40: JASPER | N40: 13.730228 | P40: SINGLE CORE (SC) | Q40: 155.59359 | S40: Table6 | T40: Table | U40: FALSE
A41: Table6 | B41: 40 | C41: 75JV548600601 | D41: 202537 | E41: A15 | F41: GNRSDEAHBA2533A | G41: GNRUCAPB3H04J01S535 | H41: REV4 | I41: 8AAHQVCB | J41: RPKY | K41: CORE.ML2.3STRIKE | L41: DRAGON | M41: FLIPPER | N41: 13.730228 | P41: SINGLE CORE (SC) | Q41: 155.59359 | S41: Table6 | T41: Table | U41: FALSE
A42: Table6 | B42: 41 | C42: 75JV548600167 | D42: 202537 | E42: A15 | F42: GNRSDEAHBA2533A | G42: GNRUCAPB3H04J01S535 | H42: REV4 | I42: 8AAHQVCB | J42: RPL2 | K42: UNCORE.PCU.AGG | L42: DRAGON | M42: FRM_CMULTSZ | N42: 13.730228 | P42: PUNIT | Q42: 155.59359 | S42: Table6 | T42: Table | U42: FALSE
A43: Table6 | B43: 42 | C43: 75F24U8900477 | D43: 202537 | E43: A15 | F43: GNRSDEAHBA2533A | G43: GNRUCAPB3H04J01S535 | H43: REV4 | I43: 8AAHQVCB | J43: RVF5 | K43: UNCORE.PCU.AGG | L43: DRAGON | M43: CAYLEY_WB1 | N43: 13.730228 | P43: PUNIT | Q43: 155.59359 | S43: Table6 | T43: Table | U43: FALSE
A44: Table6 | B44: 43 | C44: 754L3P4000243 | D44: 202538 | E44: A15 | F44: GNRSDEAHBA2533A | G44: GNRUCAPB3H04J01S535 | H44: REV4 | I44: 8AAHQVCB | J44: RPL9 | K44: CORE.ML2.3STRIKE | L44: LINUX | M44: LINUXBOOT | N44: 13.730228 | P44: SINGLE CORE (SC) | Q44: 269.90553 | S44: Table6 | T44: Table | U44: FALSE
A45: Table6 | B45: 44 | C45: 75BJ774300001 | D45: 202538 | E45: A15 | F45: GNRSDEAHBA2533A | G45: GNRUCAPB3H04J01S535 | H45: REV4 | I45: 8AAHRVCB | J45: RPLK | K45: UNCORE.PCU.AGG | L45: DRAGON | M45: YAKKO_WSZ | N45: 13.730228 | P45: PUNIT | Q45: 269.90553 | S45: Table6 | T45: Table | U45: FALSE
A46: Table6 | B46: 45 | C46: 75H49U5200418 | D46: 202538 | E46: A15 | F46: GNRSDEAHBA2533A | G46: GNRUCAPB3H04J01S535 | H46: REV4 | I46: 8AAHQVCB | J46: A2YM | K46: UNCORE.PCU.AGG | L46: LINUX | M46: SDESANDSTONE | N46: 13.730228 | P46: PUNIT | Q46: 269.90553 | S46: Table6 | T46: Table | U46: FALSE
A47: Table6 | B47: 46 | C47: 759Q17J500176 | D47: 202539 | E47: A15 | F47: GNRSDEAHBA2533A | G47: GNRUCAPB3H04H01S531 | H47: REV4 | I47: 8AAHRVCB | J47: RVUS | K47: CORE.ML2.3STRIKE | L47: DRAGON | M47: FIREWORX_Z | N47: 13.730228 | P47: SINGLE CORE (SC) | Q47: 258.79917 | S47: Table6 | T47: Table | U47: FALSE
A48: Table6 | B48: 47 | C48: 75MG771100458 | D48: 202539 | E48: A15 | F48: GNRSDEAHBA2533A | G48: GNRUCAPB3H04J01S535 | H48: REV4 | I48: 8AAHQVCB | J48: RPKY | K48: CORE.ML2.3STRIKE | L48: DRAGON | M48: FISSURE_M | N48: 13.730228 | P48: SINGLE CORE (SC) | Q48: 258.79917 | S48: Table6 | T48: Table | U48: FALSE
A49: Table6 | B49: 48 | C49: 75MG771100436 | D49: 202539 | E49: A15 | F49: GNRSDEAHBA2533A | G49: GNRUCAPB3H04J01S535 | H49: REV4 | I49: 8AAHQVCB | J49: RPKY | K49: CORE.ML2.3STRIKE | L49: LINUX | M49: SDESANDSTONE | N49: 13.730228 | P49: UNKNOWN | Q49: 258.79917 | S49: Table6 | T49: Table | U49: FALSE
A50: Table6 | B50: 49 | C50: 75PC435200106 | D50: 202539 | E50: A15 | F50: GNRSDEAHBA2533A | G50: GNRUCAPB3H04H01S531 | H50: REV4 | I50: 8AAHRVCB | J50: RVUS | K50: UNCORE.PCU.AGG | L50: DRAGON | M50: SANITY_P23 | N50: 13.730228 | P50: PUNIT | Q50: 258.79917 | S50: Table6 | T50: Table | U50: FALSE
A51: Table6 | B51: 50 | C51: 754L3P4000348 | D51: 202539 | E51: A15 | F51: GNRSDEAHBA2533A | G51: GNRUCAPB3H04J01S535 | H51: REV4 | I51: 8AAHRVCB | J51: RVH4 | K51: CORE.ML2.3STRIKE | L51: LINUX | M51: GUPS | N51: 13.730228 | P51: SINGLE CORE (SC) | Q51: 258.79917 | S51: Table6 | T51: Table | U51: FALSE
A52: Table6 | B52: 51 | C52: 752AB34700301 | D52: 202540 | E52: A15 | F52: GNRSDEAHBA2533A | G52: GNRUCAPB3H04J01S535 | H52: REV4 | I52: 8AAHRVCB | J52: RPKX | K52: CORE.ML2.3STRIKE | L52: LINUX | N52: 13.730228 | P52: COOL | Q52: 197.55038 | S52: Table6 | T52: Table | U52: FALSE
A53: Table6 | B53: 52 | C53: 75V75P8000403 | D53: 202540 | E53: A15 | F53: GNRSDEAHBA2533A | G53: GNRUCAPB3H04J01S535 | H53: REV4 | I53: 8AAHFVCB | J53: RPLH | K53: CORE.ML2.3STRIKE | L53: MARIONETTE | N53: 13.730228 | P53: SINGLE CORE (SC) | Q53: 197.55038 | S53: Table6 | T53: Table | U53: FALSE
A54: Table6 | B54: 53 | C54: 75740PT400304 | D54: 202540 | E54: A15 | F54: GNRSDEAHBA2533A | G54: GNRUCAPB3H04J01S535 | H54: REV4 | I54: 8AAHPVCB | J54: RPLL | K54: CORE.ML2.3STRIKE | L54: LINUX | N54: 13.730228 | P54: SINGLE CORE (SC) | Q54: 197.55038 | S54: Table6 | T54: Table | U54: FALSE
A55: Table6 | B55: 54 | C55: 75FX158700312 | D55: 202541 | E55: A15 | F55: GNRSDEAHBA2533A | G55: GNRUCAPB3H04J01S535 | H55: REV4 | I55: 8AAHRVCB | J55: RPKX | K55: CORE.ML2.3STRIKE | L55: LINUX | N55: 13.730228 | P55: SINGLE CORE (SC) | Q55: 184.80872 | S55: Table6 | T55: Table | U55: FALSE
A56: Table6 | B56: 55 | C56: 75EG192900215 | D56: 202541 | E56: A15 | F56: GNRSDEAHBA2533A | G56: GNRUCAPB3H04J01S535 | H56: REV4 | I56: 8AAHQVCB | J56: RPLF | K56: CORE.ML2.3STRIKE | L56: LINUX | N56: 13.730228 | P56: COOL | Q56: 184.80872 | S56: Table6 | T56: Table | U56: FALSE
A57: Table6 | B57: 56 | C57: 75XL875800039 | D57: 202542 | E57: A15 | F57: GNRSDEAHBA2533A | G57: GNRUCAPB3H04J01S535 | H57: REV4 | I57: 8AAHPVCB | J57: RPLF | K57: CORE.ML2.3STRIKE | L57: NODATA | N57: 13.730228 | P57: UNKNOWN | Q57: 149.09796 | S57: Table6 | T57: Table | U57: FALSE
A58: Table6 | B58: 57 | C58: 75B18P9400140 | D58: 202542 | E58: A15 | F58: GNRSDEAHBD2539A | G58: GNRUCAPB3H04J01S535 | H58: REV4 | I58: 8AAHQVCB | J58: RPKX | K58: CORE.ML2.3STRIKE | L58: LINUX | N58: 13.730228 | P58: SINGLE CORE (SC) | Q58: 149.09796 | S58: Table6 | T58: Table | U58: FALSE
A59: Table6 | B59: 58 | C59: 75DJ757600134 | D59: 202542 | E59: A15 | F59: GNRSDEAHBD2539A | G59: GNRUCAPB3H04J01S535 | H59: REV4 | I59: 8AAHQVCB | J59: RVF5 | K59: CORE.ML2.3STRIKE | L59: DRAGON | N59: 13.730228 | P59: SINGLE CORE (SC) | Q59: 149.09796 | S59: Table6 | T59: Table | U59: FALSE
A60: Table6 | B60: 59 | C60: 75SR755300281 | D60: 202543 | E60: A15 | F60: GNRSDEAHBD2539A | G60: GNRUCAPB3H04J01S535 | H60: REV4 | I60: 8AAHQVCB | J60: RVF5 | K60: CORE.ML2.3STRIKE | L60: LINUX | N60: 13.730228 | P60: COOL | Q60: 175.68517 | S60: Table6 | T60: Table | U60: FALSE
A61: Table6 | B61: 60 | C61: 757P9U4500139 | D61: 202542 | E61: A15 | F61: GNRSDEAHBD2539A | G61: GNRUCAPB3H04J01S535 | H61: REV4 | I61: 8AAHQVCB | J61: RPKY | K61: CORE.ML2.3STRIKE | L61: DRAGON | N61: 13.730228 | P61: SINGLE CORE (SC) | Q61: 149.09796 | S61: Table6 | T61: Table | U61: FALSE
A62: Table6 | B62: 61 | C62: 757P9U4500183 | D62: 202542 | E62: A15 | F62: GNRSDEAHBD2539A | G62: GNRUCAPB3H04J01S535 | H62: REV4 | I62: 8AAHQVCB | J62: RPKY | K62: CORE.ML2.3STRIKE | L62: LINUX | N62: 13.730228 | P62: COOL | Q62: 149.09796 | S62: Table6 | T62: Table | U62: FALSE
A63: Table6 | B63: 62 | C63: 75EW387800337 | D63: 202542 | E63: A15 | F63: GNRSDEAHBD2539A | G63: GNRUCAPB3H04J01S535 | H63: REV4 | I63: 8AAHQVCB | J63: RVF5 | K63: CORE.ML2.3STRIKE | L63: LINUX | N63: 13.730228 | P63: COOL | Q63: 0 | S63: Table6 | T63: Table | U63: FALSE
... A96: Table6 | B96: 19 | C96: 75842TD200284 | D96: 202547 | E96: A15 | F96: GNRSDEAHBD2543C | G96: GNRUCAPB3H04N00S546 | H96: REV5 | I96: 8AAHQVCB | J96: RVF5 | K96: CORE.ML2.3STRIKE | L96: LINUX | N96: 44.863167 | P96: SINGLE CORE (SC) | Q96: 222.91574 | S96: Table6 | T96: Table | U96: FALSE
A97: Table6 | B97: 20 | C97: 75M81V6300227 | D97: 202548 | E97: A15 | F97: GNRSDEAHBD2543C | G97: GNRUCAPB3H04N00S546 | H97: REV5 | I97: 8AAHQVCB | J97: RVH4 | N97: 44.863167 | Q97: 165.9751 | S97: Table6 | T97: Table | U97: FALSE
A98: Table6 | B98: 21 | C98: 75M81V6300483 | D98: 202548 | E98: A15 | F98: GNRSDEAHBD2543C | G98: GNRUCAPB3H04N00S546 | H98: REV5 | I98: 8AAHQVCB | J98: RVH4 | N98: 44.863167 | Q98: 165.9751 | S98: Table6 | T98: Table | U98: FALSE
A99: Table6 | B99: 22 | C99: 75Y58K5600216 | D99: 202548 | E99: A15 | F99: GNRSDEAHBD2543C | G99: GNRUCAPB3H04K00S542 | H99: REV5 | I99: 8AAHFVCB | J99: RVF5 | N99: 44.863167 | Q99: 165.9751 | S99: Table6 | T99: Table | U99: FALSE
A100: Table6 | B100: 23 | C100: 75495Y9100184 | D100: 202548 | E100: A15 | F100: GNRSDEAHBD2543C | G100: GNRUCAPB3H04N00S546 | H100: REV5 | I100: 8AAHPVCB | J100: RVF5 | N100: 44.863167 | Q100: 165.9751 | S100: Table6 | T100: Table | U100: FALSE
A101: Table6 | B101: 24 | C101: 750S1Y9100334 | D101: 202548 | E101: A15 | F101: GNRSDEAHBD2543C | G101: GNRUCAPB3H04N00S546 | H101: REV5 | I101: 8AAHQVCB | J101: RPL9 | N101: 44.863167 | Q101: 165.9751 | S101: Table6 | T101: Table | U101: FALSE
A102: Table6 | B102: 25 | C102: 75NL784300048 | D102: 202548 | E102: A15 | F102: GNRSDEAHBD2543C | G102: GNRUCAPB3H04N00S546 | H102: REV5 | I102: 8AAHQVCB | J102: RPL9 | N102: 44.863167 | Q102: 165.9751 | S102: Table6 | T102: Table | U102: FALSE
A103: Table6 | B103: 26 | C103: 75UF245300403 | D103: 202548 | E103: A15 | F103: GNRSDEAHBD2543C | G103: GNRUCAPB3H04N00S546 | H103: REV5 | I103: 8AAHQVCB | J103: RVF5 | N103: 44.863167 | Q103: 165.9751 | S103: Table6 | T103: Table | U103: FALSE
A104: Table6 | B104: 27 | C104: 75UF245300464 | D104: 202548 | E104: A15 | F104: GNRSDEAHBD2543C | G104: GNRUCAPB3H04N00S546 | H104: REV5 | I104: 8AAHQVCB | J104: RVF5 | N104: 44.863167 | Q104: 165.9751 | S104: Table6 | T104: Table | U104: FALSE
A105: Table6 | B105: 28 | C105: 758S1U3800288 | D105: 202548 | E105: A15 | F105: GNRSDEAJBD2547C | G105: GNRUCAPB3H04N00S546 | H105: REV5 | I105: 8AAHQVCB | J105: RPL9 | N105: 44.863167 | Q105: 165.9751 | S105: Table6 | T105: Table | U105: FALSE
A106: Table6 | B106: 29 | C106: 750S1Y9100388 | D106: 202548 | E106: A15 | F106: GNRSDEAJBD2547C | G106: GNRUCAPB3H04N00S546 | H106: REV5 | I106: 8AAHQVCB | J106: RPL9 | N106: 44.863167 | Q106: 165.9751 | S106: Table6 | T106: Table | U106: FALSE
A107: Table6 | B107: 30 | C107: 7550BF4300172 | D107: 202548 | E107: A15 | F107: GNRSDEAJBD2547C | G107: GNRUCAPB3H04N00S546 | H107: REV5 | I107: 8AAHQVCB | J107: RPL9 | N107: 44.863167 | Q107: 165.9751 | S107: Table6 | T107: Table | U107: FALSE
A108: Table6 | B108: 31 | C108: 75EU388100198 | D108: 202548 | E108: A15 | F108: GNRSDEAHBD2543C | G108: GNRUCAPB3H04N00S546 | H108: REV5 | I108: 8AAHQVCB | J108: RVF5 | N108: 44.863167 | Q108: 165.9751 | S108: Table6 | T108: Table | U108: FALSE
A109: Table6 | B109: 32 | C109: 75YQ668700637 | D109: 202549 | E109: A15 | F109: GNRSDEAJBD2547C | G109: GNRUCAPB3H04N00S546 | H109: REV5 | I109: 8AAHQVCB | J109: RVF5 | N109: 44.863167 | Q109: 633.71356 | S109: Table6 | T109: Table | U109: FALSE

Sheet Analysis
A1: VisualIDs | B1: Step | C1: WW | D1: # Runs | E1: Core Hint | F1: Core Fail Area | G1: CHA Hint | H1: CHA Fail Area | I1: LLC Hint | J1: LLC Fail Area | K1: SrcIDs | L1: Other | M1: Top OrigReq | N1: Top OpCode | O1: Top ISMQ | P1: Top SAD | Q1: Top SAD LocPort | R1: Core Mcas | S1: Root Cause | T1: Core Next Steps | U1: CHA Next Steps | V1: LLC Next Steps | W1: Other Next Steps | X1: Debug Hints | Y1: Failing Area
A2: 74JU522300112 | B2: =_xlfn.XLOOKUP(summ[[#This Row],[VisualIDs]],ppv[Data.Visual_ID],ppv[Data.Step], "") | C2: =_xlfn.XLOOKUP(summ[[#This Row],[VisualIDs]],ppv[Data.Visual_ID],ppv[Data.Start_WW]) -> #N/A | D2: =_xlfn.XLOOKUP(summ[[#This Row],[VisualIDs]],REV_Units!A:A,REV_Units!F:F) -> 2 | E2: =_xlfn.XLOOKUP(summ[[#This Row],[VisualIDs]],REV_Units!A:A,REV_Units!G:G) -> CORE143 | F2: =_xlfn.XLOOKUP(summ[[#This Row],[VisualIDs]],REV_Units!A:A,REV_Units!H:H) | G2: =_xlfn.XLOOKUP(summ[[#This Row],[VisualIDs]],REV_Units!A:A,REV_Units!I:I) -> NotFound | H2: =_xlfn.XLOOKUP(summ[[#This Row],[VisualIDs]],REV_Units!A:A,REV_Units!J:J) | I2: =_xlfn.XLOOKUP(summ[[#This Row],[VisualIDs]],REV_Units!A:A,REV_Units!K:K) -> NotFound | J2: =_xlfn.XLOOKUP(summ[[#This Row],[VisualIDs]],REV_Units!A:A,REV_Units!L:L) | K2: =_xlfn.XLOOKUP(summ[[#This Row],[VisualIDs]],REV_Units!A:A,REV_Units!M:M) -> NotFound | L2: =_xlfn.XLOOKUP(summ[[#This Row],[VisualIDs]],REV_Units!A:A,REV_Units!N:N) -> PUNIT:EPRPUNIT0 | M2: =_xlfn.XLOOKUP(summ[[#This Row],[VisualIDs]],REV_Units!A:A,REV_Units!O:O) -> PortIn | N2: =_xlfn.XLOOKUP(summ[[#This Row],[VisualIDs]],REV_Units!A:A,REV_Units!P:P) -> RspI | O2: =_xlfn.XLOOKUP(summ[[#This Row],[VisualIDs]],REV_Units!A:A,REV_Units!Q:Q) -> Wdata_Wcmp | P2: =_xlfn.XLOOKUP(summ[[#This Row],[VisualIDs]],REV_Units!A:A,REV_Units!R:R) -> IO | Q2: =_xlfn.XLOOKUP(summ[[#This Row],[VisualIDs]],REV_Units!A:A,REV_Units!S:S) -> PCIE0 | R2: =_xlfn.XLOOKUP(summ[[#This Row],[VisualIDs]],REV_Units!A:A,REV_Units!U:U) -> WDTimeout (3 strike) | S2: {=_xlfn.IFNA(_xlfn.IFS(summ[[#This Row],[LLC Hint]]<>"NotFound",summ[[#This Row],[LLC Hint]],summ[[#This Row],[Other]]<>"",summ[[#This Row],[Other]],AND(summ[[#This Row],[Top OrigReq]]="PortIn",summ[[#This Row],[Core Hint]]<>"NotFound"),summ[[#This Row],[Core Hint]],summ[[#This Row],[CHA Hint]]<>"NotFound",summ[[#This Row],[CHA Hint]],summ[[#This Row],[SrcIDs]]<>"NotFound","SrcID: "&summ[[#This Row],[SrcIDs]],summ[[#This Row],[Core Hint]]<>"NotFound",summ[[#This Row],[Core Hint]]),"")} -> PUNIT:EPRPUNIT0 | T2: =IF(summ[[#This Row],[Core Hint]]<>"NotFound",_xlfn.TEXTJOIN(" ",,"Disable CORE:",summ[[#This Row],[Core Hint]],"- MCAs:",summ[[#This Row],[Core Mcas]]),"") -> Disable CORE: CORE143 - MCAs: WDTimeout (3 strike) | U2: =IF(summ[[#This Row],[CHA Hint]]<>"NotFound",_xlfn.TEXTJOIN(" ",,"Disable CHA:",summ[[#This Row],[CHA Hint]],"- Signature:",summ[[#This Row],[Top OrigReq]],"-",summ[[#This Row],[Top ISMQ]],":",summ[[#This Row],[Top SAD LocPort]]),IF(summ[[#This Row],[SrcIDs]]<>"NotFound",_xlfn.TEXTJOIN(" ",,"Disable SrcID: ",summ[[#This Row],[SrcIDs]],"- Signature:",summ[[#This Row],[Top OrigReq]],"-",summ[[#This Row],[Top ISMQ]],":",summ[[#This Row],[Top SAD LocPort]]),"")) | V2: =IF(summ[[#This Row],[LLC Hint]]<>"NotFound",_xlfn.TEXTJOIN(" ",,"Disable LLC:",summ[[#This Row],[LLC Hint]]),"") | W2: =IF(summ[[#This Row],[Other]]<>"",_xlfn.TEXTJOIN(" ",,"Defeature:",summ[[#This Row],[Other]]," -- Check CORE or CHA MCAs for more data."),"") -> Defeature: PUNIT:EPRPUNIT0 -- Check CORE or CHA MCAs for more data. | X2: {=_xlfn.IFS(COUNTIF(summ[[#This Row],[Root Cause]],"CORE*")>0,summ[[#This Row],[Core Next Steps]],COUNTIF(summ[[#This Row],[Root Cause]],"LLC*")>0,summ[[#This Row],[LLC Next Steps]],(COUNTIF(summ[[#This Row],[Root Cause]],"CHA*")+COUNTIF(summ[[#This Row],[Root Cause]],"SrcID*"))>0,summ[[#This Row],[CHA Next Steps]],summ[[#This Row],[Root Cause]]<>"",summ[[#This Row],[Other Next Steps]],summ[[#This Row],[Root Cause]]="","")} -> Defeature: PUNIT:EPRPUNIT0 -- Check CORE or CHA MCAs for more data. | Y2: =_xlfn.TEXTJOIN(" - ",,IF(summ[[#This Row],[Core Fail Area]]<>"","CORE: "&summ[[#This Row],[Core Fail Area]],""),IF(summ[[#This Row],[CHA Fail Area]]<>"","CHA: "&summ[[#This Row],[CHA Fail Area]],""),IF(summ[[#This Row],[LLC Fail Area]]<>"","LLC: "&summ[[#This Row],[LLC Fail Area]],""))
A3: 759Y5U8800863 | B3: =_xlfn.XLOOKUP(summ[[#This Row],[VisualIDs]],ppv[Data.Visual_ID],ppv[Data.Step], "") | C3: =_xlfn.XLOOKUP(summ[[#This Row],[VisualIDs]],ppv[Data.Visual_ID],ppv[Data.Start_WW]) -> #N/A | D3: =_xlfn.XLOOKUP(summ[[#This Row],[VisualIDs]],REV_Units!A:A,REV_Units!F:F) -> 1 | E3: =_xlfn.XLOOKUP(summ[[#This Row],[VisualIDs]],REV_Units!A:A,REV_Units!G:G) -> CORE13 | F3: =_xlfn.XLOOKUP(summ[[#This Row],[VisualIDs]],REV_Units!A:A,REV_Units!H:H) | G3: =_xlfn.XLOOKUP(summ[[#This Row],[VisualIDs]],REV_Units!A:A,REV_Units!I:I) -> CHA134 | H3: =_xlfn.XLOOKUP(summ[[#This Row],[VisualIDs]],REV_Units!A:A,REV_Units!J:J) -> Compute2 : Row6 : Col2 | I3: =_xlfn.XLOOKUP(summ[[#This Row],[VisualIDs]],REV_Units!A:A,REV_Units!K:K) -> NotFound | J3: =_xlfn.XLOOKUP(summ[[#This Row],[VisualIDs]],REV_Units!A:A,REV_Units!L:L) | K3: =_xlfn.XLOOKUP(summ[[#This Row],[VisualIDs]],REV_Units!A:A,REV_Units!M:M) -> 10 | L3: =_xlfn.XLOOKUP(summ[[#This Row],[VisualIDs]],REV_Units!A:A,REV_Units!N:N) | M3: =_xlfn.XLOOKUP(summ[[#This Row],[VisualIDs]],REV_Units!A:A,REV_Units!O:O) -> WbMtoI | N3: =_xlfn.XLOOKUP(summ[[#This Row],[VisualIDs]],REV_Units!A:A,REV_Units!P:P) -> PullData | O3: =_xlfn.XLOOKUP(summ[[#This Row],[VisualIDs]],REV_Units!A:A,REV_Units!Q:Q) -> Ismq_Idle | P3: =_xlfn.XLOOKUP(summ[[#This Row],[VisualIDs]],REV_Units!A:A,REV_Units!R:R) -> HOM | Q3: =_xlfn.XLOOKUP(summ[[#This Row],[VisualIDs]],REV_Units!A:A,REV_Units!S:S) -> MEM4 | R3: =_xlfn.XLOOKUP(summ[[#This Row],[VisualIDs]],REV_Units!A:A,REV_Units!U:U) -> WDTimeout (3 strike) | S3: {=_xlfn.IFNA(_xlfn.IFS(summ[[#This Row],[LLC Hint]]<>"NotFound",summ[[#This Row],[LLC Hint]],summ[[#This Row],[Other]]<>"",summ[[#This Row],[Other]],AND(summ[[#This Row],[Top OrigReq]]="PortIn",summ[[#This Row],[Core Hint]]<>"NotFound"),summ[[#This Row],[Core Hint]],summ[[#This Row],[CHA Hint]]<>"NotFound",summ[[#This Row],[CHA Hint]],summ[[#This Row],[SrcIDs]]<>"NotFound","SrcID: "&summ[[#This Row],[SrcIDs]],summ[[#This Row],[Core Hint]]<>"NotFound",summ[[#This Row],[Core Hint]]),"")} -> CHA134 | T3: =IF(summ[[#This Row],[Core Hint]]<>"NotFound",_xlfn.TEXTJOIN(" ",,"Disable CORE:",summ[[#This Row],[Core Hint]],"- MCAs:",summ[[#This Row],[Core Mcas]]),"") -> Disable CORE: CORE13 - MCAs: WDTimeout (3 strike) | U3: =IF(summ[[#This Row],[CHA Hint]]<>"NotFound",_xlfn.TEXTJOIN(" ",,"Disable CHA:",summ[[#This Row],[CHA Hint]],"- Signature:",summ[[#This Row],[Top OrigReq]],"-",summ[[#This Row],[Top ISMQ]],":",summ[[#This Row],[Top SAD LocPort]]),IF(summ[[#This Row],[SrcIDs]]<>"NotFound",_xlfn.TEXTJOIN(" ",,"Disable SrcID: ",summ[[#This Row],[SrcIDs]],"- Signature:",summ[[#This Row],[Top OrigReq]],"-",summ[[#This Row],[Top ISMQ]],":",summ[[#This Row],[Top SAD LocPort]]),"")) -> Disable CHA: CHA134 - Signature: WbMtoI - Ismq_Idle : MEM4 | V3: =IF(summ[[#This Row],[LLC Hint]]<>"NotFound",_xlfn.TEXTJOIN(" ",,"Disable LLC:",summ[[#This Row],[LLC Hint]]),"") | W3: =IF(summ[[#This Row],[Other]]<>"",_xlfn.TEXTJOIN(" ",,"Defeature:",summ[[#This Row],[Other]]," -- Check CORE or CHA MCAs for more data."),"") | X3: {=_xlfn.IFS(COUNTIF(summ[[#This Row],[Root Cause]],"CORE*")>0,summ[[#This Row],[Core Next Steps]],COUNTIF(summ[[#This Row],[Root Cause]],"LLC*")>0,summ[[#This Row],[LLC Next Steps]],(COUNTIF(summ[[#This Row],[Root Cause]],"CHA*")+COUNTIF(summ[[#This Row],[Root Cause]],"SrcID*"))>0,summ[[#This Row],[CHA Next Steps]],summ[[#This Row],[Root Cause]]<>"",summ[[#This Row],[Other Next Steps]],summ[[#This Row],[Root Cause]]="","")} -> Disable CHA: CHA134 - Signature: WbMtoI - Ismq_Idle : MEM4 | Y3: =_xlfn.TEXTJOIN(" - ",,IF(summ[[#This Row],[Core Fail Area]]<>"","CORE: "&summ[[#This Row],[Core Fail Area]],""),IF(summ[[#This Row],[CHA Fail Area]]<>"","CHA: "&summ[[#This Row],[CHA Fail Area]],""),IF(summ[[#This Row],[LLC Fail Area]]<>"","LLC: "&summ[[#This Row],[LLC Fail Area]],"")) -> CHA: Compute2 : Row6 : Col2
A4: 74N24C5300241 | B4: =_xlfn.XLOOKUP(summ[[#This Row],[VisualIDs]],ppv[Data.Visual_ID],ppv[Data.Step], "") | C4: =_xlfn.XLOOKUP(summ[[#This Row],[VisualIDs]],ppv[Data.Visual_ID],ppv[Data.Start_WW]) -> #N/A | D4: =_xlfn.XLOOKUP(summ[[#This Row],[VisualIDs]],REV_Units!A:A,REV_Units!F:F) -> 3 | E4: =_xlfn.XLOOKUP(summ[[#This Row],[VisualIDs]],REV_Units!A:A,REV_Units!G:G) -> CORE17 | F4: =_xlfn.XLOOKUP(summ[[#This Row],[VisualIDs]],REV_Units!A:A,REV_Units!H:H) | G4: =_xlfn.XLOOKUP(summ[[#This Row],[VisualIDs]],REV_Units!A:A,REV_Units!I:I) -> CHA9 | H4: =_xlfn.XLOOKUP(summ[[#This Row],[VisualIDs]],REV_Units!A:A,REV_Units!J:J) | I4: =_xlfn.XLOOKUP(summ[[#This Row],[VisualIDs]],REV_Units!A:A,REV_Units!K:K) -> NotFound | J4: =_xlfn.XLOOKUP(summ[[#This Row],[VisualIDs]],REV_Units!A:A,REV_Units!L:L) | K4: =_xlfn.XLOOKUP(summ[[#This Row],[VisualIDs]],REV_Units!A:A,REV_Units!M:M) -> NotFound | L4: =_xlfn.XLOOKUP(summ[[#This Row],[VisualIDs]],REV_Units!A:A,REV_Units!N:N) -> UPI:pcie6 | M4: =_xlfn.XLOOKUP(summ[[#This Row],[VisualIDs]],REV_Units!A:A,REV_Units!O:O) -> DRd | N4: =_xlfn.XLOOKUP(summ[[#This Row],[VisualIDs]],REV_Units!A:A,REV_Units!P:P) -> RspI | O4: =_xlfn.XLOOKUP(summ[[#This Row],[VisualIDs]],REV_Units!A:A,REV_Units!Q:Q) -> Wdata_Wcmp_Split | P4: =_xlfn.XLOOKUP(summ[[#This Row],[VisualIDs]],REV_Units!A:A,REV_Units!R:R) -> HOM | Q4: =_xlfn.XLOOKUP(summ[[#This Row],[VisualIDs]],REV_Units!A:A,REV_Units!S:S) -> MEM0 | R4: =_xlfn.XLOOKUP(summ[[#This Row],[VisualIDs]],REV_Units!A:A,REV_Units!U:U) -> WDTimeout (3 strike), SQDB or IDI (addr / data) parity | S4: {=_xlfn.IFNA(_xlfn.IFS(summ[[#This Row],[LLC Hint]]<>"NotFound",summ[[#This Row],[LLC Hint]],summ[[#This Row],[Other]]<>"",summ[[#This Row],[Other]],AND(summ[[#This Row],[Top OrigReq]]="PortIn",summ[[#This Row],[Core Hint]]<>"NotFound"),summ[[#This Row],[Core Hint]],summ[[#This Row],[CHA Hint]]<>"NotFound",summ[[#This Row],[CHA Hint]],summ[[#This Row],[SrcIDs]]<>"NotFound","SrcID: "&summ[[#This Row],[SrcIDs]],summ[[#This Row],[Core Hint]]<>"NotFound",summ[[#This Row],[Core Hint]]),"")} -> UPI:pcie6 | T4: =IF(summ[[#This Row],[Core Hint]]<>"NotFound",_xlfn.TEXTJOIN(" ",,"Disable CORE:",summ[[#This Row],[Core Hint]],"- MCAs:",summ[[#This Row],[Core Mcas]]),"") -> Disable CORE: CORE17 - MCAs: WDTimeout (3 strike), SQDB or IDI (addr / data) parity | U4: =IF(summ[[#This Row],[CHA Hint]]<>"NotFound",_xlfn.TEXTJOIN(" ",,"Disable CHA:",summ[[#This Row],[CHA Hint]],"- Signature:",summ[[#This Row],[Top OrigReq]],"-",summ[[#This Row],[Top ISMQ]],":",summ[[#This Row],[Top SAD LocPort]]),IF(summ[[#This Row],[SrcIDs]]<>"NotFound",_xlfn.TEXTJOIN(" ",,"Disable SrcID: ",summ[[#This Row],[SrcIDs]],"- Signature:",summ[[#This Row],[Top OrigReq]],"-",summ[[#This Row],[Top ISMQ]],":",summ[[#This Row],[Top SAD LocPort]]),"")) -> Disable CHA: CHA9 - Signature: DRd - Wdata_Wcmp_Split : MEM0 | V4: =IF(summ[[#This Row],[LLC Hint]]<>"NotFound",_xlfn.TEXTJOIN(" ",,"Disable LLC:",summ[[#This Row],[LLC Hint]]),"") | W4: =IF(summ[[#This Row],[Other]]<>"",_xlfn.TEXTJOIN(" ",,"Defeature:",summ[[#This Row],[Other]]," -- Check CORE or CHA MCAs for more data."),"") -> Defeature: UPI:pcie6 -- Check CORE or CHA MCAs for more data. | X4: {=_xlfn.IFS(COUNTIF(summ[[#This Row],[Root Cause]],"CORE*")>0,summ[[#This Row],[Core Next Steps]],COUNTIF(summ[[#This Row],[Root Cause]],"LLC*")>0,summ[[#This Row],[LLC Next Steps]],(COUNTIF(summ[[#This Row],[Root Cause]],"CHA*")+COUNTIF(summ[[#This Row],[Root Cause]],"SrcID*"))>0,summ[[#This Row],[CHA Next Steps]],summ[[#This Row],[Root Cause]]<>"",summ[[#This Row],[Other Next Steps]],summ[[#This Row],[Root Cause]]="","")} -> Defeature: UPI:pcie6 -- Check CORE or CHA MCAs for more data. | Y4: =_xlfn.TEXTJOIN(" - ",,IF(summ[[#This Row],[Core Fail Area]]<>"","CORE: "&summ[[#This Row],[Core Fail Area]],""),IF(summ[[#This Row],[CHA Fail Area]]<>"","CHA: "&summ[[#This Row],[CHA Fail Area]],""),IF(summ[[#This Row],[LLC Fail Area]]<>"","LLC: "&summ[[#This Row],[LLC Fail Area]],""))
A5: 75W67Q6100508 | B5: =_xlfn.XLOOKUP(summ[[#This Row],[VisualIDs]],ppv[Data.Visual_ID],ppv[Data.Step], "") | C5: =_xlfn.XLOOKUP(summ[[#This Row],[VisualIDs]],ppv[Data.Visual_ID],ppv[Data.Start_WW]) -> #N/A | D5: =_xlfn.XLOOKUP(summ[[#This Row],[VisualIDs]],REV_Units!A:A,REV_Units!F:F) -> 1 | E5: =_xlfn.XLOOKUP(summ[[#This Row],[VisualIDs]],REV_Units!A:A,REV_Units!G:G) -> CORE168 | F5: =_xlfn.XLOOKUP(summ[[#This Row],[VisualIDs]],REV_Units!A:A,REV_Units!H:H) | G5: =_xlfn.XLOOKUP(summ[[#This Row],[VisualIDs]],REV_Units!A:A,REV_Units!I:I) -> CHA83 | H5: =_xlfn.XLOOKUP(summ[[#This Row],[VisualIDs]],REV_Units!A:A,REV_Units!J:J) | I5: =_xlfn.XLOOKUP(summ[[#This Row],[VisualIDs]],REV_Units!A:A,REV_Units!K:K) -> NotFound | J5: =_xlfn.XLOOKUP(summ[[#This Row],[VisualIDs]],REV_Units!A:A,REV_Units!L:L) | K5: =_xlfn.XLOOKUP(summ[[#This Row],[VisualIDs]],REV_Units!A:A,REV_Units!M:M) -> 110 | L5: =_xlfn.XLOOKUP(summ[[#This Row],[VisualIDs]],REV_Units!A:A,REV_Units!N:N) | M5: =_xlfn.XLOOKUP(summ[[#This Row],[VisualIDs]],REV_Units!A:A,REV_Units!O:O) -> CLDemote | N5: =_xlfn.XLOOKUP(summ[[#This Row],[VisualIDs]],REV_Units!A:A,REV_Units!P:P) -> CLDemote | O5: =_xlfn.XLOOKUP(summ[[#This Row],[VisualIDs]],REV_Units!A:A,REV_Units!Q:Q) -> Ismq_Idle | P5: =_xlfn.XLOOKUP(summ[[#This Row],[VisualIDs]],REV_Units!A:A,REV_Units!R:R) -> HOM | Q5: =_xlfn.XLOOKUP(summ[[#This Row],[VisualIDs]],REV_Units!A:A,REV_Units!S:S) -> MEM44 | R5: =_xlfn.XLOOKUP(summ[[#This Row],[VisualIDs]],REV_Units!A:A,REV_Units!U:U) -> WDTimeout (3 strike), 51488, 32520 | S5: {=_xlfn.IFNA(_xlfn.IFS(summ[[#This Row],[LLC Hint]]<>"NotFound",summ[[#This Row],[LLC Hint]],summ[[#This Row],[Other]]<>"",summ[[#This Row],[Other]],AND(summ[[#This Row],[Top OrigReq]]="PortIn",summ[[#This Row],[Core Hint]]<>"NotFound"),summ[[#This Row],[Core Hint]],summ[[#This Row],[CHA Hint]]<>"NotFound",summ[[#This Row],[CHA Hint]],summ[[#This Row],[SrcIDs]]<>"NotFound","SrcID: "&summ[[#This Row],[SrcIDs]],summ[[#This Row],[Core Hint]]<>"NotFound",summ[[#This Row],[Core Hint]]),"")} -> CHA83 | T5: =IF(summ[[#This Row],[Core Hint]]<>"NotFound",_xlfn.TEXTJOIN(" ",,"Disable CORE:",summ[[#This Row],[Core Hint]],"- MCAs:",summ[[#This Row],[Core Mcas]]),"") -> Disable CORE: CORE168 - MCAs: WDTimeout (3 strike), 51488, 32520 | U5: =IF(summ[[#This Row],[CHA Hint]]<>"NotFound",_xlfn.TEXTJOIN(" ",,"Disable CHA:",summ[[#This Row],[CHA Hint]],"- Signature:",summ[[#This Row],[Top OrigReq]],"-",summ[[#This Row],[Top ISMQ]],":",summ[[#This Row],[Top SAD LocPort]]),IF(summ[[#This Row],[SrcIDs]]<>"NotFound",_xlfn.TEXTJOIN(" ",,"Disable SrcID: ",summ[[#This Row],[SrcIDs]],"- Signature:",summ[[#This Row],[Top OrigReq]],"-",summ[[#This Row],[Top ISMQ]],":",summ[[#This Row],[Top SAD LocPort]]),"")) -> Disable CHA: CHA83 - Signature: CLDemote - Ismq_Idle : MEM44 | V5: =IF(summ[[#This Row],[LLC Hint]]<>"NotFound",_xlfn.TEXTJOIN(" ",,"Disable LLC:",summ[[#This Row],[LLC Hint]]),"") | W5: =IF(summ[[#This Row],[Other]]<>"",_xlfn.TEXTJOIN(" ",,"Defeature:",summ[[#This Row],[Other]]," -- Check CORE or CHA MCAs for more data."),"") | X5: {=_xlfn.IFS(COUNTIF(summ[[#This Row],[Root Cause]],"CORE*")>0,summ[[#This Row],[Core Next Steps]],COUNTIF(summ[[#This Row],[Root Cause]],"LLC*")>0,summ[[#This Row],[LLC Next Steps]],(COUNTIF(summ[[#This Row],[Root Cause]],"CHA*")+COUNTIF(summ[[#This Row],[Root Cause]],"SrcID*"))>0,summ[[#This Row],[CHA Next Steps]],summ[[#This Row],[Root Cause]]<>"",summ[[#This Row],[Other Next Steps]],summ[[#This Row],[Root Cause]]="","")} -> Disable CHA: CHA83 - Signature: CLDemote - Ismq_Idle : MEM44 | Y5: =_xlfn.TEXTJOIN(" - ",,IF(summ[[#This Row],[Core Fail Area]]<>"","CORE: "&summ[[#This Row],[Core Fail Area]],""),IF(summ[[#This Row],[CHA Fail Area]]<>"","CHA: "&summ[[#This Row],[CHA Fail Area]],""),IF(summ[[#This Row],[LLC Fail Area]]<>"","LLC: "&summ[[#This Row],[LLC Fail Area]],""))
A6: 75DE357100108 | B6: =_xlfn.XLOOKUP(summ[[#This Row],[VisualIDs]],ppv[Data.Visual_ID],ppv[Data.Step], "") | C6: =_xlfn.XLOOKUP(summ[[#This Row],[VisualIDs]],ppv[Data.Visual_ID],ppv[Data.Start_WW]) -> #N/A | D6: =_xlfn.XLOOKUP(summ[[#This Row],[VisualIDs]],REV_Units!A:A,REV_Units!F:F) -> 3 | E6: =_xlfn.XLOOKUP(summ[[#This Row],[VisualIDs]],REV_Units!A:A,REV_Units!G:G) -> NotFound | F6: =_xlfn.XLOOKUP(summ[[#This Row],[VisualIDs]],REV_Units!A:A,REV_Units!H:H) | G6: =_xlfn.XLOOKUP(summ[[#This Row],[VisualIDs]],REV_Units!A:A,REV_Units!I:I) -> NotFound | H6: =_xlfn.XLOOKUP(summ[[#This Row],[VisualIDs]],REV_Units!A:A,REV_Units!J:J) | I6: =_xlfn.XLOOKUP(summ[[#This Row],[VisualIDs]],REV_Units!A:A,REV_Units!K:K) -> NotFound | J6: =_xlfn.XLOOKUP(summ[[#This Row],[VisualIDs]],REV_Units!A:A,REV_Units!L:L) | K6: =_xlfn.XLOOKUP(summ[[#This Row],[VisualIDs]],REV_Units!A:A,REV_Units!M:M) -> 24 | L6: =_xlfn.XLOOKUP(summ[[#This Row],[VisualIDs]],REV_Units!A:A,REV_Units!N:N) -> UPI:pcie7, UPI:pcie4 | M6: =_xlfn.XLOOKUP(summ[[#This Row],[VisualIDs]],REV_Units!A:A,REV_Units!O:O) -> DRd | N6: =_xlfn.XLOOKUP(summ[[#This Row],[VisualIDs]],REV_Units!A:A,REV_Units!P:P) -> RspI | O6: =_xlfn.XLOOKUP(summ[[#This Row],[VisualIDs]],REV_Units!A:A,REV_Units!Q:Q) -> Wdata_Wcmp_Split | P6: =_xlfn.XLOOKUP(summ[[#This Row],[VisualIDs]],REV_Units!A:A,REV_Units!R:R) -> HOM | Q6: =_xlfn.XLOOKUP(summ[[#This Row],[VisualIDs]],REV_Units!A:A,REV_Units!S:S) -> MEM0 | R6: =_xlfn.XLOOKUP(summ[[#This Row],[VisualIDs]],REV_Units!A:A,REV_Units!U:U) -> WDTimeout (3 strike) | S6: {=_xlfn.IFNA(_xlfn.IFS(summ[[#This Row],[LLC Hint]]<>"NotFound",summ[[#This Row],[LLC Hint]],summ[[#This Row],[Other]]<>"",summ[[#This Row],[Other]],AND(summ[[#This Row],[Top OrigReq]]="PortIn",summ[[#This Row],[Core Hint]]<>"NotFound"),summ[[#This Row],[Core Hint]],summ[[#This Row],[CHA Hint]]<>"NotFound",summ[[#This Row],[CHA Hint]],summ[[#This Row],[SrcIDs]]<>"NotFound","SrcID: "&summ[[#This Row],[SrcIDs]],summ[[#This Row],[Core Hint]]<>"NotFound",summ[[#This Row],[Core Hint]]),"")} -> UPI:pcie7, UPI:pcie4 | T6: =IF(summ[[#This Row],[Core Hint]]<>"NotFound",_xlfn.TEXTJOIN(" ",,"Disable CORE:",summ[[#This Row],[Core Hint]],"- MCAs:",summ[[#This Row],[Core Mcas]]),"") | U6: =IF(summ[[#This Row],[CHA Hint]]<>"NotFound",_xlfn.TEXTJOIN(" ",,"Disable CHA:",summ[[#This Row],[CHA Hint]],"- Signature:",summ[[#This Row],[Top OrigReq]],"-",summ[[#This Row],[Top ISMQ]],":",summ[[#This Row],[Top SAD LocPort]]),IF(summ[[#This Row],[SrcIDs]]<>"NotFound",_xlfn.TEXTJOIN(" ",,"Disable SrcID: ",summ[[#This Row],[SrcIDs]],"- Signature:",summ[[#This Row],[Top OrigReq]],"-",summ[[#This Row],[Top ISMQ]],":",summ[[#This Row],[Top SAD LocPort]]),"")) -> Disable SrcID: 24 - Signature: DRd - Wdata_Wcmp_Split : MEM0 | V6: =IF(summ[[#This Row],[LLC Hint]]<>"NotFound",_xlfn.TEXTJOIN(" ",,"Disable LLC:",summ[[#This Row],[LLC Hint]]),"") | W6: =IF(summ[[#This Row],[Other]]<>"",_xlfn.TEXTJOIN(" ",,"Defeature:",summ[[#This Row],[Other]]," -- Check CORE or CHA MCAs for more data."),"") -> Defeature: UPI:pcie7, UPI:pcie4 -- Check CORE or CHA MCAs for more data. | X6: {=_xlfn.IFS(COUNTIF(summ[[#This Row],[Root Cause]],"CORE*")>0,summ[[#This Row],[Core Next Steps]],COUNTIF(summ[[#This Row],[Root Cause]],"LLC*")>0,summ[[#This Row],[LLC Next Steps]],(COUNTIF(summ[[#This Row],[Root Cause]],"CHA*")+COUNTIF(summ[[#This Row],[Root Cause]],"SrcID*"))>0,summ[[#This Row],[CHA Next Steps]],summ[[#This Row],[Root Cause]]<>"",summ[[#This Row],[Other Next Steps]],summ[[#This Row],[Root Cause]]="","")} -> Defeature: UPI:pcie7, UPI:pcie4 -- Check CORE or CHA MCAs for more data. | Y6: =_xlfn.TEXTJOIN(" - ",,IF(summ[[#This Row],[Core Fail Area]]<>"","CORE: "&summ[[#This Row],[Core Fail Area]],""),IF(summ[[#This Row],[CHA Fail Area]]<>"","CHA: "&summ[[#This Row],[CHA Fail Area]],""),IF(summ[[#This Row],[LLC Fail Area]]<>"","LLC: "&summ[[#This Row],[LLC Fail Area]],""))
A7: 759B5H7700068 | B7: =_xlfn.XLOOKUP(summ[[#This Row],[VisualIDs]],ppv[Data.Visual_ID],ppv[Data.Step], "") | C7: =_xlfn.XLOOKUP(summ[[#This Row],[VisualIDs]],ppv[Data.Visual_ID],ppv[Data.Start_WW]) -> #N/A | D7: =_xlfn.XLOOKUP(summ[[#This Row],[VisualIDs]],REV_Units!A:A,REV_Units!F:F) -> 3 | E7: =_xlfn.XLOOKUP(summ[[#This Row],[VisualIDs]],REV_Units!A:A,REV_Units!G:G) -> CORE149 | F7: =_xlfn.XLOOKUP(summ[[#This Row],[VisualIDs]],REV_Units!A:A,REV_Units!H:H) | G7: =_xlfn.XLOOKUP(summ[[#This Row],[VisualIDs]],REV_Units!A:A,REV_Units!I:I) -> CHA149 | H7: =_xlfn.XLOOKUP(summ[[#This Row],[VisualIDs]],REV_Units!A:A,REV_Units!J:J) | I7: =_xlfn.XLOOKUP(summ[[#This Row],[VisualIDs]],REV_Units!A:A,REV_Units!K:K) -> NotFound | J7: =_xlfn.XLOOKUP(summ[[#This Row],[VisualIDs]],REV_Units!A:A,REV_Units!L:L) | K7: =_xlfn.XLOOKUP(summ[[#This Row],[VisualIDs]],REV_Units!A:A,REV_Units!M:M) -> 99 | L7: =_xlfn.XLOOKUP(summ[[#This Row],[VisualIDs]],REV_Units!A:A,REV_Units!N:N) -> UPI:pcie6, UPI:pcie5 | M7: =_xlfn.XLOOKUP(summ[[#This Row],[VisualIDs]],REV_Units!A:A,REV_Units!O:O) -> SplitLock | N7: =_xlfn.XLOOKUP(summ[[#This Row],[VisualIDs]],REV_Units!A:A,REV_Units!P:P) -> RspI | O7: =_xlfn.XLOOKUP(summ[[#This Row],[VisualIDs]],REV_Units!A:A,REV_Units!Q:Q) -> Wcmp | P7: =_xlfn.XLOOKUP(summ[[#This Row],[VisualIDs]],REV_Units!A:A,REV_Units!R:R) -> SPECIAL | Q7: =_xlfn.XLOOKUP(summ[[#This Row],[VisualIDs]],REV_Units!A:A,REV_Units!S:S) -> UBOX | R7: =_xlfn.XLOOKUP(summ[[#This Row],[VisualIDs]],REV_Units!A:A,REV_Units!U:U) -> WDTimeout (3 strike) | S7: {=_xlfn.IFNA(_xlfn.IFS(summ[[#This Row],[LLC Hint]]<>"NotFound",summ[[#This Row],[LLC Hint]],summ[[#This Row],[Other]]<>"",summ[[#This Row],[Other]],AND(summ[[#This Row],[Top OrigReq]]="PortIn",summ[[#This Row],[Core Hint]]<>"NotFound"),summ[[#This Row],[Core Hint]],summ[[#This Row],[CHA Hint]]<>"NotFound",summ[[#This Row],[CHA Hint]],summ[[#This Row],[SrcIDs]]<>"NotFound","SrcID: "&summ[[#This Row],[SrcIDs]],summ[[#This Row],[Core Hint]]<>"NotFound",summ[[#This Row],[Core Hint]]),"")} -> UPI:pcie6, UPI:pcie5 | T7: =IF(summ[[#This Row],[Core Hint]]<>"NotFound",_xlfn.TEXTJOIN(" ",,"Disable CORE:",summ[[#This Row],[Core Hint]],"- MCAs:",summ[[#This Row],[Core Mcas]]),"") -> Disable CORE: CORE149 - MCAs: WDTimeout (3 strike) | U7: =IF(summ[[#This Row],[CHA Hint]]<>"NotFound",_xlfn.TEXTJOIN(" ",,"Disable CHA:",summ[[#This Row],[CHA Hint]],"- Signature:",summ[[#This Row],[Top OrigReq]],"-",summ[[#This Row],[Top ISMQ]],":",summ[[#This Row],[Top SAD LocPort]]),IF(summ[[#This Row],[SrcIDs]]<>"NotFound",_xlfn.TEXTJOIN(" ",,"Disable SrcID: ",summ[[#This Row],[SrcIDs]],"- Signature:",summ[[#This Row],[Top OrigReq]],"-",summ[[#This Row],[Top ISMQ]],":",summ[[#This Row],[Top SAD LocPort]]),"")) -> Disable CHA: CHA149 - Signature: SplitLock - Wcmp : UBOX | V7: =IF(summ[[#This Row],[LLC Hint]]<>"NotFound",_xlfn.TEXTJOIN(" ",,"Disable LLC:",summ[[#This Row],[LLC Hint]]),"") | W7: =IF(summ[[#This Row],[Other]]<>"",_xlfn.TEXTJOIN(" ",,"Defeature:",summ[[#This Row],[Other]]," -- Check CORE or CHA MCAs for more data."),"") -> Defeature: UPI:pcie6, UPI:pcie5 -- Check CORE or CHA MCAs for more data. | X7: {=_xlfn.IFS(COUNTIF(summ[[#This Row],[Root Cause]],"CORE*")>0,summ[[#This Row],[Core Next Steps]],COUNTIF(summ[[#This Row],[Root Cause]],"LLC*")>0,summ[[#This Row],[LLC Next Steps]],(COUNTIF(summ[[#This Row],[Root Cause]],"CHA*")+COUNTIF(summ[[#This Row],[Root Cause]],"SrcID*"))>0,summ[[#This Row],[CHA Next Steps]],summ[[#This Row],[Root Cause]]<>"",summ[[#This Row],[Other Next Steps]],summ[[#This Row],[Root Cause]]="","")} -> Defeature: UPI:pcie6, UPI:pcie5 -- Check CORE or CHA MCAs for more data. | Y7: =_xlfn.TEXTJOIN(" - ",,IF(summ[[#This Row],[Core Fail Area]]<>"","CORE: "&summ[[#This Row],[Core Fail Area]],""),IF(summ[[#This Row],[CHA Fail Area]]<>"","CHA: "&summ[[#This Row],[CHA Fail Area]],""),IF(summ[[#This Row],[LLC Fail Area]]<>"","LLC: "&summ[[#This Row],[LLC Fail Area]],""))
A8: 74SC153000062 | B8: =_xlfn.XLOOKUP(summ[[#This Row],[VisualIDs]],ppv[Data.Visual_ID],ppv[Data.Step], "") | C8: =_xlfn.XLOOKUP(summ[[#This Row],[VisualIDs]],ppv[Data.Visual_ID],ppv[Data.Start_WW]) -> #N/A | D8: =_xlfn.XLOOKUP(summ[[#This Row],[VisualIDs]],REV_Units!A:A,REV_Units!F:F) -> 4 | E8: =_xlfn.XLOOKUP(summ[[#This Row],[VisualIDs]],REV_Units!A:A,REV_Units!G:G) -> NotFound | F8: =_xlfn.XLOOKUP(summ[[#This Row],[VisualIDs]],REV_Units!A:A,REV_Units!H:H) | G8: =_xlfn.XLOOKUP(summ[[#This Row],[VisualIDs]],REV_Units!A:A,REV_Units!I:I) -> NotFound | H8: =_xlfn.XLOOKUP(summ[[#This Row],[VisualIDs]],REV_Units!A:A,REV_Units!J:J) | I8: =_xlfn.XLOOKUP(summ[[#This Row],[VisualIDs]],REV_Units!A:A,REV_Units!K:K) -> NotFound | J8: =_xlfn.XLOOKUP(summ[[#This Row],[VisualIDs]],REV_Units!A:A,REV_Units!L:L) | K8: =_xlfn.XLOOKUP(summ[[#This Row],[VisualIDs]],REV_Units!A:A,REV_Units!M:M) -> 47 | L8: =_xlfn.XLOOKUP(summ[[#This Row],[VisualIDs]],REV_Units!A:A,REV_Units!N:N) | M8: =_xlfn.XLOOKUP(summ[[#This Row],[VisualIDs]],REV_Units!A:A,REV_Units!O:O) -> WbMtoE | N8: =_xlfn.XLOOKUP(summ[[#This Row],[VisualIDs]],REV_Units!A:A,REV_Units!P:P) -> PullData | O8: =_xlfn.XLOOKUP(summ[[#This Row],[VisualIDs]],REV_Units!A:A,REV_Units!Q:Q) -> Ismq_Idle | P8: =_xlfn.XLOOKUP(summ[[#This Row],[VisualIDs]],REV_Units!A:A,REV_Units!R:R) -> HOM | Q8: =_xlfn.XLOOKUP(summ[[#This Row],[VisualIDs]],REV_Units!A:A,REV_Units!S:S) -> MEM2 | R8: =_xlfn.XLOOKUP(summ[[#This Row],[VisualIDs]],REV_Units!A:A,REV_Units!U:U) | S8: {=_xlfn.IFNA(_xlfn.IFS(summ[[#This Row],[LLC Hint]]<>"NotFound",summ[[#This Row],[LLC Hint]],summ[[#This Row],[Other]]<>"",summ[[#This Row],[Other]],AND(summ[[#This Row],[Top OrigReq]]="PortIn",summ[[#This Row],[Core Hint]]<>"NotFound"),summ[[#This Row],[Core Hint]],summ[[#This Row],[CHA Hint]]<>"NotFound",summ[[#This Row],[CHA Hint]],summ[[#This Row],[SrcIDs]]<>"NotFound","SrcID: "&summ[[#This Row],[SrcIDs]],summ[[#This Row],[Core Hint]]<>"NotFound",summ[[#This Row],[Core Hint]]),"")} -> SrcID: 47 | T8: =IF(summ[[#This Row],[Core Hint]]<>"NotFound",_xlfn.TEXTJOIN(" ",,"Disable CORE:",summ[[#This Row],[Core Hint]],"- MCAs:",summ[[#This Row],[Core Mcas]]),"") | U8: =IF(summ[[#This Row],[CHA Hint]]<>"NotFound",_xlfn.TEXTJOIN(" ",,"Disable CHA:",summ[[#This Row],[CHA Hint]],"- Signature:",summ[[#This Row],[Top OrigReq]],"-",summ[[#This Row],[Top ISMQ]],":",summ[[#This Row],[Top SAD LocPort]]),IF(summ[[#This Row],[SrcIDs]]<>"NotFound",_xlfn.TEXTJOIN(" ",,"Disable SrcID: ",summ[[#This Row],[SrcIDs]],"- Signature:",summ[[#This Row],[Top OrigReq]],"-",summ[[#This Row],[Top ISMQ]],":",summ[[#This Row],[Top SAD LocPort]]),"")) -> Disable SrcID: 47 - Signature: WbMtoE - Ismq_Idle : MEM2 | V8: =IF(summ[[#This Row],[LLC Hint]]<>"NotFound",_xlfn.TEXTJOIN(" ",,"Disable LLC:",summ[[#This Row],[LLC Hint]]),"") | W8: =IF(summ[[#This Row],[Other]]<>"",_xlfn.TEXTJOIN(" ",,"Defeature:",summ[[#This Row],[Other]]," -- Check CORE or CHA MCAs for more data."),"") | X8: {=_xlfn.IFS(COUNTIF(summ[[#This Row],[Root Cause]],"CORE*")>0,summ[[#This Row],[Core Next Steps]],COUNTIF(summ[[#This Row],[Root Cause]],"LLC*")>0,summ[[#This Row],[LLC Next Steps]],(COUNTIF(summ[[#This Row],[Root Cause]],"CHA*")+COUNTIF(summ[[#This Row],[Root Cause]],"SrcID*"))>0,summ[[#This Row],[CHA Next Steps]],summ[[#This Row],[Root Cause]]<>"",summ[[#This Row],[Other Next Steps]],summ[[#This Row],[Root Cause]]="","")} -> Disable SrcID: 47 - Signature: WbMtoE - Ismq_Idle : MEM2 | Y8: =_xlfn.TEXTJOIN(" - ",,IF(summ[[#This Row],[Core Fail Area]]<>"","CORE: "&summ[[#This Row],[Core Fail Area]],""),IF(summ[[#This Row],[CHA Fail Area]]<>"","CHA: "&summ[[#This Row],[CHA Fail Area]],""),IF(summ[[#This Row],[LLC Fail Area]]<>"","LLC: "&summ[[#This Row],[LLC Fail Area]],""))

Sheet CHA_MCAS
A2: Visual ID | B2: Run | C2: Operation | D2: CHA_MCNAME | E2: Compute | F2: CHA | G2: MC_STATUS | H2: MC_DECODE | I2: MC_ADDR | J2: MC_MISC | K2: MC_MISC3 | L2: Orig Req | M2: Opcode | N2: cachestate | O2: TorID | P2: TorFSM | Q2: SrcID | R2: ISMQ | S2: Attribute | T2: Result | U2: Local Port
A3: 74JU522300112 | B3: 7-1 | C3: 7682 | D3: DPMB_SOCKET1__COMPUTE0__UNCORE__CHA__CHA51__UTIL__MC_STATUS | E3: 0 | F3: CHA51 | G3: 0XFE000000000C110A | H3: TOR_TIMEOUT | I3: 0X40 | J3: 0X1700EE7800100086 | K3: 0X1106C22F01000C0 | L3: PortIn | M3: RspI | N3: LLC_I | O3: 30 | P3: 0 | Q3: 23 | R3: Wdata_Wcmp | S3: MMCFG | T3: IO | U3: PCIE0
A4: 74JU522300112 | B4: 10-1 | C4: 7682 | D4: DPMB_SOCKET1__COMPUTE1__UNCORE__CHA__CHA83__UTIL__MC_STATUS | E4: 1 | F4: CHA83 | G4: 0XFE000000000C110A | H4: TOR_TIMEOUT | I4: 0X40 | J4: 0X2B00EE7800100086 | K4: 0X1106C25701200C0 | L4: PortIn | M4: RspI | N4: LLC_I | O4: 30 | P4: 0 | Q4: 43 | R4: Wdata_Wcmp | S4: MMCFG | T4: IO | U4: PCIE0
A5: 759Y5U8800863 | B5: 5-1 | C5: 8748 | D5: DPMB_SOCKET0__COMPUTE2__UNCORE__CHA__CHA134__UTIL__MC_STATUS | E5: 2 | F5: CHA134 | G5: 0XBE000000000B017A | H5: CORE_WB_MISS_LLC | I5: 0X1FB2A7C180 | J5: 0X5D08C23802164086 | K5: 0X142140007600 | L5: WbMtoI | M5: PullData | N5: LLC_M | O5: 14 | P5: 2 | Q5: 10 | R5: Ismq_Idle | S5: DRAM | T5: HOM | U5: MEM4
A6: 74N24C5300241 | B6: 2-1 | C6: 7681 | D6: DPMB_SOCKET0__COMPUTE0__UNCORE__CHA__CHA0__UTIL__MC_STATUS | E6: 0 | F6: CHA0 | G6: 0XFE000000000C1136 | H6: TOR_TIMEOUT | I6: 0X61C296B740 | J6: 0X1C802C00100886 | K6: 0X1C00C2D00430000 | L6: RFO | M6: RspI | N6: LLC_I | O6: 11 | P6: 7 | Q6: 104 | R6: Wdata_Wcmp_Split | S6: DRAM | T6: HOM | U6: MEM0
A7: 74N24C5300241 | B7: 2-1 | C7: 7681 | D7: DPMB_SOCKET0__COMPUTE0__UNCORE__CHA__CHA13__UTIL__MC_STATUS | E7: 0 | F7: CHA13 | G7: 0XFE000000000C1136 | H7: TOR_TIMEOUT | I7: 0X7C71423340 | J7: 0XA3C811000100886 | K7: 0X1C00C21A042E007 | L7: DRd | M7: RspI | N7: LLC_I | O7: 4 | P7: 15 | Q7: 13 | R7: Wdata_Wcmp_Split | S7: DRAM | T7: HOM | U7: MEM0
A8: 74N24C5300241 | B8: 2-1 | C8: 7681 | D8: DPMB_SOCKET0__COMPUTE0__UNCORE__CHA__CHA14__UTIL__MC_STATUS | E8: 0 | F8: CHA14 | G8: 0XFE000000000C1136 | H8: TOR_TIMEOUT | I8: 0X37BC73900 | J8: 0XE1C801800100886 | K8: 0X1C0102840024006 | L8: RFO | M8: RspI | N8: LLC_I | O8: 6 | P8: 7 | Q8: 66 | R8: Wdata_Wcmp_Split | S8: DRAM | T8: HOM | U8: MEM2
A9: 74N24C5300241 | B9: 2-1 | C9: 7681 | D9: DPMB_SOCKET0__COMPUTE0__UNCORE__CHA__CHA15__UTIL__MC_STATUS | E9: 0 | F9: CHA15 | G9: 0XFE000000000C1136 | H9: TOR_TIMEOUT | I9: 0X6D14B7F040 | J9: 0X113C817800100886 | K9: 0X1C00C2C40402000 | L9: DRd | M9: RspI | N9: LLC_I | O9: 30 | P9: 15 | Q9: 98 | R9: Wdata_Wcmp_Split | S9: DRAM | T9: HOM | U9: MEM0
A10: 74N24C5300241 | B10: 2-1 | C10: 7681 | D10: DPMB_SOCKET0__COMPUTE0__UNCORE__CHA__CHA16__UTIL__MC_STATUS | E10: 0 | F10: CHA16 | G10: 0XFE000000000C1136 | H10: TOR_TIMEOUT | I10: 0X6F856A2B40 | J10: 0X33C810400100886 | K10: 0X1C00C2420426002 | L10: DRd | M10: RspI | N10: LLC_I | O10: 1 | P10: 15 | Q10: 33 | R10: Wdata_Wcmp_Split | S10: DRAM | T10: HOM | U10: MEM0
A11: 74N24C5300241 | B11: 2-1 | C11: 7681 | D11: DPMB_SOCKET0__COMPUTE0__UNCORE__CHA__CHA17__UTIL__MC_STATUS | E11: 0 | F11: CHA17 | G11: 0XFE000000000C1136 | H11: TOR_TIMEOUT | I11: 0X7BC51C6C40 | J11: 0X73C811400100886 | K11: 0X1C00C2740406006 | L11: DRd | M11: RspI | N11: LLC_I | O11: 5 | P11: 15 | Q11: 58 | R11: Wdata_Wcmp_Split | S11: DRAM | T11: HOM | U11: MEM0
A12: 74N24C5300241 | B12: 2-1 | C12: 7681 | D12: DPMB_SOCKET0__COMPUTE0__UNCORE__CHA__CHA1__UTIL__MC_STATUS | E12: 0 | F12: CHA1 | G12: 0XFE000000000C1136 | H12: TOR_TIMEOUT | I12: 0X77B410B5C0 | J12: 0X53C811800100886 | K12: 0X1C00C2900426000 | L12: DRd | M12: RspI | N12: LLC_I | O12: 6 | P12: 15 | Q12: 72 | R12: Wdata_Wcmp_Split | S12: DRAM | T12: HOM | U12: MEM0
A13: 74N24C5300241 | B13: 2-1 | C13: 7681 | D13: DPMB_SOCKET0__COMPUTE0__UNCORE__CHA__CHA20__UTIL__MC_STATUS | E13: 0 | F13: CHA20 | G13: 0XFE000000000C017A | H13: TOR_TIMEOUT | I13: 0X6CC76EB740 | J13: 0XB00C20800160086 | K13: 0X800C2BA0430885 | L13: WbMtoI | M13: RspI | N13: LLC_M | O13: 2 | P13: 0 | Q13: 93 | R13: Wcmp | S13: DRAM | T13: HOM | U13: MEM0
A14: 74N24C5300241 | B14: 2-1 | C14: 7681 | D14: DPMB_SOCKET0__COMPUTE0__UNCORE__CHA__CHA21__UTIL__MC_STATUS | E14: 0 | F14: CHA21 | G14: 0XFE000000000C1136 | H14: TOR_TIMEOUT | I14: 0X7682878B40 | J14: 0XF3C811000100886 | K14: 0X1C00C218040A004 | L14: DRd | M14: RspI | N14: LLC_I | O14: 4 | P14: 15 | Q14: 12 | R14: Wdata_Wcmp_Split | S14: DRAM | T14: HOM | U14: MEM0
... A921: 75W67Q6100508 | B921: 5-1 | C921: 8748 | D921: DPMB_SOCKET0__COMPUTE1__UNCORE__CHA__CHA83__UTIL__MC_STATUS | E921: 1 | F921: CHA83 | G921: 0XBE000000001F0405 | H921: ADDR_PARITY_ERROR | I921: 0X3F90E0B0DF40 | J921: 0X2C00C078C0100486 | K921: 0X6C2DDC108000 | L921: CLDemote | M921: CLDemote | N921: LLC_I | O921: 30 | P921: 0 | Q921: 110 | R921: Ismq_Idle | S921: MMCFG | T921: ABORT | U921: PCIE0

Sheet LLC
A1: VisualID | B1: Run | C1: Operation | D1: LLC_MC | E1: Compute | F1: LLC | G1: MC_STATUS | H1: MC DECODE | I1: MC_ADDR | J1: MC_MISC | K1: MiscV | L1: RSF | M1: LSF | N1: LLC_misc

Sheet CORE
A1: VisualID | B1: Run | C1: Operation | D1: CORE_MC | E1: Compute | F1: CORE | G1: ErrorType | H1: MC_STATUS | I1: MCACOD (ErrDecode) | J1: MSCOD | K1: MC_ADDR | L1: MC_MISC
A2: 759Y5U8800863 | B2: 4-1 | C2: 8749 | D2: DPMB_SOCKET0__COMPUTE0__CPU__CORE10__ML2_CR_MC3_STATUS | E2: 0 | F2: CORE10 | G2: ML2 | H2: 0XFE000000E1CC0400 | I2: WDTimeout (3 strike) | J2: TimeOutThread:0,ActiveThreads:3,XQ Empty:1,LQ Empty:1,SnpQ Empty:1,No U2C Req Credit:0,No C2U Credits:0,ExtCmpCntIsZero:1,FBVCntIsZero:1,VirtLLC Prefetch:1, | K2: 0XAC7E | L2: 0XAC7E
A3: 759Y5U8800863 | B3: 4-1 | C3: 8749 | D3: DPMB_SOCKET0__COMPUTE0__CPU__CORE13__ML2_CR_MC3_STATUS | E3: 0 | F3: CORE13 | G3: ML2 | H3: 0XBE000000E1CD0400 | I3: WDTimeout (3 strike) | J3: TimeOutThread:1,ActiveThreads:3,XQ Empty:1,LQ Empty:1,SnpQ Empty:1,No U2C Req Credit:0,No C2U Credits:0,ExtCmpCntIsZero:1,FBVCntIsZero:1,VirtLLC Prefetch:1, | K3: 0XFFFFBA984281E9FF | L3: 0XFFFFBA984281E9FF
A4: 759Y5U8800863 | B4: 4-1 | C4: 8749 | D4: DPMB_SOCKET0__COMPUTE0__CPU__CORE14__ML2_CR_MC3_STATUS | E4: 0 | F4: CORE14 | G4: ML2 | H4: 0XFE000000E1CC0400 | I4: WDTimeout (3 strike) | J4: TimeOutThread:0,ActiveThreads:3,XQ Empty:1,LQ Empty:1,SnpQ Empty:1,No U2C Req Credit:0,No C2U Credits:0,ExtCmpCntIsZero:1,FBVCntIsZero:1,VirtLLC Prefetch:1, | K4: 0XAC7E | L4: 0XAC7E
A5: 759Y5U8800863 | B5: 4-1 | C5: 8749 | D5: DPMB_SOCKET0__COMPUTE0__CPU__CORE15__ML2_CR_MC3_STATUS | E5: 0 | F5: CORE15 | G5: ML2 | H5: 0XFE000000E1CC0400 | I5: WDTimeout (3 strike) | J5: TimeOutThread:0,ActiveThreads:3,XQ Empty:1,LQ Empty:1,SnpQ Empty:1,No U2C Req Credit:0,No C2U Credits:0,ExtCmpCntIsZero:1,FBVCntIsZero:1,VirtLLC Prefetch:1, | K5: 0XAC7E | L5: 0XAC7E
A6: 759Y5U8800863 | B6: 4-1 | C6: 8749 | D6: DPMB_SOCKET0__COMPUTE0__CPU__CORE17__ML2_CR_MC3_STATUS | E6: 0 | F6: CORE17 | G6: ML2 | H6: 0XFE000000E1CC0400 | I6: WDTimeout (3 strike) | J6: TimeOutThread:0,ActiveThreads:3,XQ Empty:1,LQ Empty:1,SnpQ Empty:1,No U2C Req Credit:0,No C2U Credits:0,ExtCmpCntIsZero:1,FBVCntIsZero:1,VirtLLC Prefetch:1, | K6: 0XAC7E | L6: 0XAC7E
A7: 759Y5U8800863 | B7: 4-1 | C7: 8749 | D7: DPMB_SOCKET0__COMPUTE0__CPU__CORE1__ML2_CR_MC3_STATUS | E7: 0 | F7: CORE1 | G7: ML2 | H7: 0XFE000000E1CC0400 | I7: WDTimeout (3 strike) | J7: TimeOutThread:0,ActiveThreads:3,XQ Empty:1,LQ Empty:1,SnpQ Empty:1,No U2C Req Credit:0,No C2U Credits:0,ExtCmpCntIsZero:1,FBVCntIsZero:1,VirtLLC Prefetch:1, | K7: 0XAC7E | L7: 0XAC7E
A8: 759Y5U8800863 | B8: 4-1 | C8: 8749 | D8: DPMB_SOCKET0__COMPUTE0__CPU__CORE21__ML2_CR_MC3_STATUS | E8: 0 | F8: CORE21 | G8: ML2 | H8: 0XFE000000E1CC0400 | I8: WDTimeout (3 strike) | J8: TimeOutThread:0,ActiveThreads:3,XQ Empty:1,LQ Empty:1,SnpQ Empty:1,No U2C Req Credit:0,No C2U Credits:0,ExtCmpCntIsZero:1,FBVCntIsZero:1,VirtLLC Prefetch:1, | K8: 0XAC7E | L8: 0XAC7E
A9: 759Y5U8800863 | B9: 4-1 | C9: 8749 | D9: DPMB_SOCKET0__COMPUTE0__CPU__CORE22__ML2_CR_MC3_STATUS | E9: 0 | F9: CORE22 | G9: ML2 | H9: 0XFE000000E1CC0400 | I9: WDTimeout (3 strike) | J9: TimeOutThread:0,ActiveThreads:3,XQ Empty:1,LQ Empty:1,SnpQ Empty:1,No U2C Req Credit:0,No C2U Credits:0,ExtCmpCntIsZero:1,FBVCntIsZero:1,VirtLLC Prefetch:1, | K9: 0XAC7E | L9: 0XAC7E
A10: 759Y5U8800863 | B10: 4-1 | C10: 8749 | D10: DPMB_SOCKET0__COMPUTE0__CPU__CORE23__ML2_CR_MC3_STATUS | E10: 0 | F10: CORE23 | G10: ML2 | H10: 0XFE000000E1CC0400 | I10: WDTimeout (3 strike) | J10: TimeOutThread:0,ActiveThreads:3,XQ Empty:1,LQ Empty:1,SnpQ Empty:1,No U2C Req Credit:0,No C2U Credits:0,ExtCmpCntIsZero:1,FBVCntIsZero:1,VirtLLC Prefetch:1, | K10: 0XAC7E | L10: 0XAC7E
A11: 759Y5U8800863 | B11: 4-1 | C11: 8749 | D11: DPMB_SOCKET0__COMPUTE0__CPU__CORE24__ML2_CR_MC3_STATUS | E11: 0 | F11: CORE24 | G11: ML2 | H11: 0XFE000000E1CC0400 | I11: WDTimeout (3 strike) | J11: TimeOutThread:0,ActiveThreads:3,XQ Empty:1,LQ Empty:1,SnpQ Empty:1,No U2C Req Credit:0,No C2U Credits:0,ExtCmpCntIsZero:1,FBVCntIsZero:1,VirtLLC Prefetch:1, | K11: 0XAC7E | L11: 0XAC7E
A12: 759Y5U8800863 | B12: 4-1 | C12: 8749 | D12: DPMB_SOCKET0__COMPUTE0__CPU__CORE27__ML2_CR_MC3_STATUS | E12: 0 | F12: CORE27 | G12: ML2 | H12: 0XFE000000E1CC0400 | I12: WDTimeout (3 strike) | J12: TimeOutThread:0,ActiveThreads:3,XQ Empty:1,LQ Empty:1,SnpQ Empty:1,No U2C Req Credit:0,No C2U Credits:0,ExtCmpCntIsZero:1,FBVCntIsZero:1,VirtLLC Prefetch:1, | K12: 0XAC7E | L12: 0XAC7E
... A98: 759Y5U8800863 | B98: 3-1 | C98: 8749 | D98: DPMB_SOCKET0__COMPUTE0__CPU__CORE10__ML2_CR_MC3_STATUS | E98: 0 | F98: CORE10 | G98: ML2 | H98: 0XFE000000E1CC0400 | I98: WDTimeout (3 strike) | J98: TimeOutThread:0,ActiveThreads:3,XQ Empty:1,LQ Empty:1,SnpQ Empty:1,No U2C Req Credit:0,No C2U Credits:0,ExtCmpCntIsZero:1,FBVCntIsZero:1,VirtLLC Prefetch:1, | K98: 0XAC7E | L98: 0XAC7E
A99: 759Y5U8800863 | B99: 3-1 | C99: 8749 | D99: DPMB_SOCKET0__COMPUTE0__CPU__CORE13__ML2_CR_MC3_STATUS | E99: 0 | F99: CORE13 | G99: ML2 | H99: 0XF2000000E1CD0400 | I99: WDTimeout (3 strike) | J99: TimeOutThread:1,ActiveThreads:3,XQ Empty:1,LQ Empty:1,SnpQ Empty:1,No U2C Req Credit:0,No C2U Credits:0,ExtCmpCntIsZero:1,FBVCntIsZero:1,VirtLLC Prefetch:1,
A100: 759Y5U8800863 | B100: 3-1 | C100: 8749 | D100: DPMB_SOCKET0__COMPUTE0__CPU__CORE14__ML2_CR_MC3_STATUS | E100: 0 | F100: CORE14 | G100: ML2 | H100: 0XFE000000E1CC0400 | I100: WDTimeout (3 strike) | J100: TimeOutThread:0,ActiveThreads:3,XQ Empty:1,LQ Empty:1,SnpQ Empty:1,No U2C Req Credit:0,No C2U Credits:0,ExtCmpCntIsZero:1,FBVCntIsZero:1,VirtLLC Prefetch:1, | K100: 0XAC7E | L100: 0XAC7E
A101: 759Y5U8800863 | B101: 3-1 | C101: 8749 | D101: DPMB_SOCKET0__COMPUTE0__CPU__CORE15__ML2_CR_MC3_STATUS | E101: 0 | F101: CORE15 | G101: ML2 | H101: 0XFE000000E1CC0400 | I101: WDTimeout (3 strike) | J101: TimeOutThread:0,ActiveThreads:3,XQ Empty:1,LQ Empty:1,SnpQ Empty:1,No U2C Req Credit:0,No C2U Credits:0,ExtCmpCntIsZero:1,FBVCntIsZero:1,VirtLLC Prefetch:1, | K101: 0XAC7E | L101: 0XAC7E
A102: 759Y5U8800863 | B102: 3-1 | C102: 8749 | D102: DPMB_SOCKET0__COMPUTE0__CPU__CORE17__ML2_CR_MC3_STATUS | E102: 0 | F102: CORE17 | G102: ML2 | H102: 0XFE000000E1CC0400 | I102: WDTimeout (3 strike) | J102: TimeOutThread:0,ActiveThreads:3,XQ Empty:1,LQ Empty:1,SnpQ Empty:1,No U2C Req Credit:0,No C2U Credits:0,ExtCmpCntIsZero:1,FBVCntIsZero:1,VirtLLC Prefetch:1, | K102: 0XAC7E | L102: 0XAC7E
A103: 759Y5U8800863 | B103: 3-1 | C103: 8749 | D103: DPMB_SOCKET0__COMPUTE0__CPU__CORE1__ML2_CR_MC3_STATUS | E103: 0 | F103: CORE1 | G103: ML2 | H103: 0XFE000000E1CC0400 | I103: WDTimeout (3 strike) | J103: TimeOutThread:0,ActiveThreads:3,XQ Empty:1,LQ Empty:1,SnpQ Empty:1,No U2C Req Credit:0,No C2U Credits:0,ExtCmpCntIsZero:1,FBVCntIsZero:1,VirtLLC Prefetch:1, | K103: 0XAC7E | L103: 0XAC7E
A104: 759Y5U8800863 | B104: 3-1 | C104: 8749 | D104: DPMB_SOCKET0__COMPUTE0__CPU__CORE21__ML2_CR_MC3_STATUS | E104: 0 | F104: CORE21 | G104: ML2 | H104: 0XFE000000E1CC0400 | I104: WDTimeout (3 strike) | J104: TimeOutThread:0,ActiveThreads:3,XQ Empty:1,LQ Empty:1,SnpQ Empty:1,No U2C Req Credit:0,No C2U Credits:0,ExtCmpCntIsZero:1,FBVCntIsZero:1,VirtLLC Prefetch:1, | K104: 0XAC7E | L104: 0XAC7E
A105: 759Y5U8800863 | B105: 3-1 | C105: 8749 | D105: DPMB_SOCKET0__COMPUTE0__CPU__CORE22__ML2_CR_MC3_STATUS | E105: 0 | F105: CORE22 | G105: ML2 | H105: 0XFE000000E1CD0400 | I105: WDTimeout (3 strike) | J105: TimeOutThread:1,ActiveThreads:3,XQ Empty:1,LQ Empty:1,SnpQ Empty:1,No U2C Req Credit:0,No C2U Credits:0,ExtCmpCntIsZero:1,FBVCntIsZero:1,VirtLLC Prefetch:1, | K105: 0XAC7E | L105: 0XAC7E
A106: 759Y5U8800863 | B106: 3-1 | C106: 8749 | D106: DPMB_SOCKET0__COMPUTE0__CPU__CORE23__ML2_CR_MC3_STATUS | E106: 0 | F106: CORE23 | G106: ML2 | H106: 0XFE000000E1CC0400 | I106: WDTimeout (3 strike) | J106: TimeOutThread:0,ActiveThreads:3,XQ Empty:1,LQ Empty:1,SnpQ Empty:1,No U2C Req Credit:0,No C2U Credits:0,ExtCmpCntIsZero:1,FBVCntIsZero:1,VirtLLC Prefetch:1, | K106: 0XAC7E | L106: 0XAC7E
A107: 759Y5U8800863 | B107: 3-1 | C107: 8749 | D107: DPMB_SOCKET0__COMPUTE0__CPU__CORE24__ML2_CR_MC3_STATUS | E107: 0 | F107: CORE24 | G107: ML2 | H107: 0XFE000000E1CC0400 | I107: WDTimeout (3 strike) | J107: TimeOutThread:0,ActiveThreads:3,XQ Empty:1,LQ Empty:1,SnpQ Empty:1,No U2C Req Credit:0,No C2U Credits:0,ExtCmpCntIsZero:1,FBVCntIsZero:1,VirtLLC Prefetch:1, | K107: 0XAC7E | L107: 0XAC7E
A108: 759Y5U8800863 | B108: 3-1 | C108: 8749 | D108: DPMB_SOCKET0__COMPUTE0__CPU__CORE27__ML2_CR_MC3_STATUS | E108: 0 | F108: CORE27 | G108: ML2 | H108: 0XFE000000E1CC0400 | I108: WDTimeout (3 strike) | J108: TimeOutThread:0,ActiveThreads:3,XQ Empty:1,LQ Empty:1,SnpQ Empty:1,No U2C Req Credit:0,No C2U Credits:0,ExtCmpCntIsZero:1,FBVCntIsZero:1,VirtLLC Prefetch:1, | K108: 0XAC7E | L108: 0XAC7E
A109: 759Y5U8800863 | B109: 3-1 | C109: 8749 | D109: DPMB_SOCKET0__COMPUTE0__CPU__CORE28__ML2_CR_MC3_STATUS | E109: 0 | F109: CORE28 | G109: ML2 | H109: 0XFE000000E1CC0400 | I109: WDTimeout (3 strike) | J109: TimeOutThread:0,ActiveThreads:3,XQ Empty:1,LQ Empty:1,SnpQ Empty:1,No U2C Req Credit:0,No C2U Credits:0,ExtCmpCntIsZero:1,FBVCntIsZero:1,VirtLLC Prefetch:1, | K109: 0XAC7E | L109: 0XAC7E
A110: 759Y5U8800863 | B110: 3-1 | C110: 8749 | D110: DPMB_SOCKET0__COMPUTE0__CPU__CORE29__ML2_CR_MC3_STATUS | E110: 0 | F110: CORE29 | G110: ML2 | H110: 0XFE000000E1CC0400 | I110: WDTimeout (3 strike) | J110: TimeOutThread:0,ActiveThreads:3,XQ Empty:1,LQ Empty:1,SnpQ Empty:1,No U2C Req Credit:0,No C2U Credits:0,ExtCmpCntIsZero:1,FBVCntIsZero:1,VirtLLC Prefetch:1, | K110: 0XAC7E | L110: 0XAC7E
A111: 759Y5U8800863 | B111: 3-1 | C111: 8749 | D111: DPMB_SOCKET0__COMPUTE0__CPU__CORE2__ML2_CR_MC3_STATUS | E111: 0 | F111: CORE2 | G111: ML2 | H111: 0XFE000000E1CC0400 | I111: WDTimeout (3 strike) | J111: TimeOutThread:0,ActiveThreads:3,XQ Empty:1,LQ Empty:1,SnpQ Empty:1,No U2C Req Credit:0,No C2U Credits:0,ExtCmpCntIsZero:1,FBVCntIsZero:1,VirtLLC Prefetch:1, | K111: 0X5F9E2238 | L111: 0X5F9E2238
... A386: 75W67Q6100508 | B386: 5-1 | C386: 8748 | D386: DPMB_SOCKET0__COMPUTE2__CPU__CORE179__ML2_CR_MC3_STATUS | E386: 2 | F386: CORE179 | G386: ML2 | H386: 0XBE000000E1CC0400 | I386: WDTimeout (3 strike) | J386: TimeOutThread:0,ActiveThreads:3,XQ Empty:1,LQ Empty:1,SnpQ Empty:1,No U2C Req Credit:0,No C2U Credits:0,ExtCmpCntIsZero:1,FBVCntIsZero:1,VirtLLC Prefetch:1, | K386: 0XFFFFFFFF8E04C5D2 | L386: 0XFFFFFFFF8E04C5D2
A387: 75W67Q6100508 | B387: 5-1 | C387: 8748 | D387: DPMB_SOCKET0__COMPUTE2__CPU__CORE168__THREAD0__IFU_CR_MC0_STATUS | E387: 2 | F387: CORE168 | G387: IFU | H387: 0X10301D9F6837C920 | I387: 51488 | J387: 55 | L387: 0X8404787DBE48FC3C
A388: 75W67Q6100508 | B388: 5-1 | C388: 8748 | D388: DPMB_SOCKET0__COMPUTE2__CPU__CORE168__THREAD1__IFU_CR_MC0_STATUS | E388: 2 | F388: CORE168 | G388: IFU | H388: 0XE30FFFAFFFF87F08 | I388: 32520 | J388: 248 | L388: 0XF193FFFFF93A7FFF
A389: 74N24C5300241 | B389: 2-1 | C389: 7681 | D389: DPMB_SOCKET0__COMPUTE0__CPU__CORE0__ML2_CR_MC3_STATUS | E389: 0 | F389: CORE0 | G389: ML2 | H389: 0XFE000000F18D0400 | I389: WDTimeout (3 strike) | J389: TimeOutThread:1,ActiveThreads:3,XQ Empty:0,LQ Empty:1,SnpQ Empty:1,No U2C Req Credit:0,No C2U Credits:4,ExtCmpCntIsZero:1,FBVCntIsZero:1,VirtLLC Prefetch:1, | K389: 0XFFFFFF7F12EAEA41 | L389: 0XFFFFFF7F12EAEA41
A390: 74N24C5300241 | B390: 2-1 | C390: 7681 | D390: DPMB_SOCKET0__COMPUTE0__CPU__CORE14__ML2_CR_MC3_STATUS | E390: 0 | F390: CORE14 | G390: ML2 | H390: 0XFE000000F18D0400 | I390: WDTimeout (3 strike) | J390: TimeOutThread:1,ActiveThreads:3,XQ Empty:0,LQ Empty:1,SnpQ Empty:1,No U2C Req Credit:0,No C2U Credits:4,ExtCmpCntIsZero:1,FBVCntIsZero:1,VirtLLC Prefetch:1, | K390: 0XFFFFFFFF4405FDF7 | L390: 0XFFFFFFFF4405FDF7
A391: 74N24C5300241 | B391: 2-1 | C391: 7681 | D391: DPMB_SOCKET0__COMPUTE0__CPU__CORE16__ML2_CR_MC3_STATUS | E391: 0 | F391: CORE16 | G391: ML2 | H391: 0XFE000000E18D0400 | I391: WDTimeout (3 strike) | J391: TimeOutThread:1,ActiveThreads:3,XQ Empty:0,LQ Empty:1,SnpQ Empty:1,No U2C Req Credit:0,No C2U Credits:0,ExtCmpCntIsZero:1,FBVCntIsZero:1,VirtLLC Prefetch:1, | K391: 0XFFFFFFFF12EAEA41 | L391: 0XFFFFFFFF12EAEA41
A392: 74N24C5300241 | B392: 2-1 | C392: 7681 | D392: DPMB_SOCKET0__COMPUTE0__CPU__CORE17__ML2_CR_MC3_STATUS | E392: 0 | F392: CORE17 | G392: ML2 | H392: 0XFE000000F18D0400 | I392: WDTimeout (3 strike) | J392: TimeOutThread:1,ActiveThreads:3,XQ Empty:0,LQ Empty:1,SnpQ Empty:1,No U2C Req Credit:0,No C2U Credits:4,ExtCmpCntIsZero:1,FBVCntIsZero:1,VirtLLC Prefetch:1, | K392: 0XFFFFFFFF12EAE8CA | L392: 0XFFFFFFFF12EAE8CA
A393: 74N24C5300241 | B393: 2-1 | C393: 7681 | D393: DPMB_SOCKET0__COMPUTE0__CPU__CORE1__ML2_CR_MC3_STATUS | E393: 0 | F393: CORE1 | G393: ML2 | H393: 0XF2000000F10D0400 | I393: WDTimeout (3 strike) | J393: TimeOutThread:1,ActiveThreads:3,XQ Empty:0,LQ Empty:0,SnpQ Empty:1,No U2C Req Credit:0,No C2U Credits:4,ExtCmpCntIsZero:1,FBVCntIsZero:1,VirtLLC Prefetch:1,
A394: 74N24C5300241 | B394: 2-1 | C394: 7681 | D394: DPMB_SOCKET0__COMPUTE0__CPU__CORE20__ML2_CR_MC3_STATUS | E394: 0 | F394: CORE20 | G394: ML2 | H394: 0XFE000000F18D0400 | I394: WDTimeout (3 strike) | J394: TimeOutThread:1,ActiveThreads:3,XQ Empty:0,LQ Empty:1,SnpQ Empty:1,No U2C Req Credit:0,No C2U Credits:4,ExtCmpCntIsZero:1,FBVCntIsZero:1,VirtLLC Prefetch:1, | K394: 0XFFFFFF7F4405FFB0 | L394: 0XFFFFFF7F4405FFB0
A395: 74N24C5300241 | B395: 2-1 | C395: 7681 | D395: DPMB_SOCKET0__COMPUTE0__CPU__CORE21__ML2_CR_MC3_STATUS | E395: 0 | F395: CORE21 | G395: ML2 | H395: 0XFE000000F18D0400 | I395: WDTimeout (3 strike) | J395: TimeOutThread:1,ActiveThreads:3,XQ Empty:0,LQ Empty:1,SnpQ Empty:1,No U2C Req Credit:0,No C2U Credits:4,ExtCmpCntIsZero:1,FBVCntIsZero:1,VirtLLC Prefetch:1, | K395: 0XFFFFFF7F12EAEA47 | L395: 0XFFFFFF7F12EAEA47
A396: 74N24C5300241 | B396: 2-1 | C396: 7681 | D396: DPMB_SOCKET0__COMPUTE0__CPU__CORE23__ML2_CR_MC3_STATUS | E396: 0 | F396: CORE23 | G396: ML2 | H396: 0XFE000000F18D0400 | I396: WDTimeout (3 strike) | J396: TimeOutThread:1,ActiveThreads:3,XQ Empty:0,LQ Empty:1,SnpQ Empty:1,No U2C Req Credit:0,No C2U Credits:4,ExtCmpCntIsZero:1,FBVCntIsZero:1,VirtLLC Prefetch:1, | K396: 0XFFFFFFFF4405AA96 | L396: 0XFFFFFFFF4405AA96
A397: 74N24C5300241 | B397: 2-1 | C397: 7681 | D397: DPMB_SOCKET0__COMPUTE0__CPU__CORE24__ML2_CR_MC3_STATUS | E397: 0 | F397: CORE24 | G397: ML2 | H397: 0XF2000000D18D0400 | I397: WDTimeout (3 strike) | J397: TimeOutThread:1,ActiveThreads:3,XQ Empty:0,LQ Empty:1,SnpQ Empty:1,No U2C Req Credit:0,No C2U Credits:4,ExtCmpCntIsZero:0,FBVCntIsZero:1,VirtLLC Prefetch:1, | K397: 0XFFFFFFFF0134E470 | L397: 0XFFFFFFFF0134E470
A398: 74N24C5300241 | B398: 2-1 | C398: 7681 | D398: DPMB_SOCKET0__COMPUTE0__CPU__CORE27__ML2_CR_MC3_STATUS | E398: 0 | F398: CORE27 | G398: ML2 | H398: 0XF2000000D18D0400 | I398: WDTimeout (3 strike) | J398: TimeOutThread:1,ActiveThreads:3,XQ Empty:0,LQ Empty:1,SnpQ Empty:1,No U2C Req Credit:0,No C2U Credits:4,ExtCmpCntIsZero:0,FBVCntIsZero:1,VirtLLC Prefetch:1,
A399: 74N24C5300241 | B399: 2-1 | C399: 7681 | D399: DPMB_SOCKET0__COMPUTE0__CPU__CORE28__ML2_CR_MC3_STATUS | E399: 0 | F399: CORE28 | G399: ML2 | H399: 0XFE000000F18D0400 | I399: WDTimeout (3 strike) | J399: TimeOutThread:1,ActiveThreads:3,XQ Empty:0,LQ Empty:1,SnpQ Empty:1,No U2C Req Credit:0,No C2U Credits:4,ExtCmpCntIsZero:1,FBVCntIsZero:1,VirtLLC Prefetch:1, | K399: 0XFFFFFFFF12EAECD7 | L399: 0XFFFFFFFF12EAECD7
A400: 74N24C5300241 | B400: 2-1 | C400: 7681 | D400: DPMB_SOCKET0__COMPUTE0__CPU__CORE2__ML2_CR_MC3_STATUS | E400: 0 | F400: CORE2 | G400: ML2 | H400: 0XF2000000F10D0400 | I400: WDTimeout (3 strike) | J400: TimeOutThread:1,ActiveThreads:3,XQ Empty:0,LQ Empty:0,SnpQ Empty:1,No U2C Req Credit:0,No C2U Credits:4,ExtCmpCntIsZero:1,FBVCntIsZero:1,VirtLLC Prefetch:1, | K400: 0XFFFFFF7F4405E166 | L400: 0XFFFFFF7F4405E166
A401: 74N24C5300241 | B401: 2-1 | C401: 7681 | D401: DPMB_SOCKET0__COMPUTE0__CPU__CORE30__ML2_CR_MC3_STATUS | E401: 0 | F401: CORE30 | G401: ML2 | H401: 0XFE000000F18D0400 | I401: WDTimeout (3 strike) | J401: TimeOutThread:1,ActiveThreads:3,XQ Empty:0,LQ Empty:1,SnpQ Empty:1,No U2C Req Credit:0,No C2U Credits:4,ExtCmpCntIsZero:1,FBVCntIsZero:1,VirtLLC Prefetch:1, | K401: 0XFFFFFFFF4405AA96 | L401: 0XFFFFFFFF4405AA96
A402: 74N24C5300241 | B402: 2-1 | C402: 7681 | D402: DPMB_SOCKET0__COMPUTE0__CPU__CORE31__ML2_CR_MC3_STATUS | E402: 0 | F402: CORE31 | G402: ML2 | H402: 0XFE000000F18D0400 | I402: WDTimeout (3 strike) | J402: TimeOutThread:1,ActiveThreads:3,XQ Empty:0,LQ Empty:1,SnpQ Empty:1,No U2C Req Credit:0,No C2U Credits:4,ExtCmpCntIsZero:1,FBVCntIsZero:1,VirtLLC Prefetch:1, | K402: 0XFFFFFFFF328FC979 | L402: 0XFFFFFFFF328FC979
A403: 74N24C5300241 | B403: 2-1 | C403: 7681 | D403: DPMB_SOCKET0__COMPUTE0__CPU__CORE34__ML2_CR_MC3_STATUS | E403: 0 | F403: CORE34 | G403: ML2 | H403: 0XFE000000D18D0400 | I403: WDTimeout (3 strike) | J403: TimeOutThread:1,ActiveThreads:3,XQ Empty:0,LQ Empty:1,SnpQ Empty:1,No U2C Req Credit:0,No C2U Credits:4,ExtCmpCntIsZero:0,FBVCntIsZero:1,VirtLLC Prefetch:1, | K403: 0XFFFFFF7F12EAE843 | L403: 0XFFFFFF7F12EAE843
A404: 74N24C5300241 | B404: 2-1 | C404: 7681 | D404: DPMB_SOCKET0__COMPUTE0__CPU__CORE35__ML2_CR_MC3_STATUS | E404: 0 | F404: CORE35 | G404: ML2 | H404: 0XFE000000F18D0400 | I404: WDTimeout (3 strike) | J404: TimeOutThread:1,ActiveThreads:3,XQ Empty:0,LQ Empty:1,SnpQ Empty:1,No U2C Req Credit:0,No C2U Credits:4,ExtCmpCntIsZero:1,FBVCntIsZero:1,VirtLLC Prefetch:1, | K404: 0XFFFFFF7F4405FDF0 | L404: 0XFFFFFF7F4405FDF0
A405: 74N24C5300241 | B405: 2-1 | C405: 7681 | D405: DPMB_SOCKET0__COMPUTE0__CPU__CORE37__ML2_CR_MC3_STATUS | E405: 0 | F405: CORE37 | G405: ML2 | H405: 0XFE000000F18D0400 | I405: WDTimeout (3 strike) | J405: TimeOutThread:1,ActiveThreads:3,XQ Empty:0,LQ Empty:1,SnpQ Empty:1,No U2C Req Credit:0,No C2U Credits:4,ExtCmpCntIsZero:1,FBVCntIsZero:1,VirtLLC Prefetch:1, | K405: 0XFFFFFF7F328FC980 | L405: 0XFFFFFF7F328FC980
A406: 74N24C5300241 | B406: 2-1 | C406: 7681 | D406: DPMB_SOCKET0__COMPUTE0__CPU__CORE38__ML2_CR_MC3_STATUS | E406: 0 | F406: CORE38 | G406: ML2 | H406: 0XFE000000B18D0400 | I406: WDTimeout (3 strike) | J406: TimeOutThread:1,ActiveThreads:3,XQ Empty:0,LQ Empty:1,SnpQ Empty:1,No U2C Req Credit:0,No C2U Credits:4,ExtCmpCntIsZero:1,FBVCntIsZero:0,VirtLLC Prefetch:1, | K406: 0XFFFFFFFF4405FDF0 | L406: 0XFFFFFFFF4405FDF0
A407: 74N24C5300241 | B407: 2-1 | C407: 7681 | D407: DPMB_SOCKET0__COMPUTE0__CPU__CORE3__ML2_CR_MC3_STATUS | E407: 0 | F407: CORE3 | G407: ML2 | H407: 0XFE000000B1CD0400 | I407: WDTimeout (3 strike) | J407: TimeOutThread:1,ActiveThreads:3,XQ Empty:1,LQ Empty:1,SnpQ Empty:1,No U2C Req Credit:0,No C2U Credits:4,ExtCmpCntIsZero:1,FBVCntIsZero:0,VirtLLC Prefetch:1, | K407: 0XFFFFFF7F4405FDFB | L407: 0XFFFFFF7F4405FDFB
A408: 74N24C5300241 | B408: 2-1 | C408: 7681 | D408: DPMB_SOCKET0__COMPUTE0__CPU__CORE42__ML2_CR_MC3_STATUS | E408: 0 | F408: CORE42 | G408: ML2 | H408: 0XFE000000F18D0400 | I408: WDTimeout (3 strike) | J408: TimeOutThread:1,ActiveThreads:3,XQ Empty:0,LQ Empty:1,SnpQ Empty:1,No U2C Req Credit:0,No C2U Credits:4,ExtCmpCntIsZero:1,FBVCntIsZero:1,VirtLLC Prefetch:1, | K408: 0XFFFFFFFF12EAEA47 | L408: 0XFFFFFFFF12EAEA47
A409: 74N24C5300241 | B409: 2-1 | C409: 7681 | D409: DPMB_SOCKET0__COMPUTE0__CPU__CORE44__ML2_CR_MC3_STATUS | E409: 0 | F409: CORE44 | G409: ML2 | H409: 0XFE000000B18D0400 | I409: WDTimeout (3 strike) | J409: TimeOutThread:1,ActiveThreads:3,XQ Empty:0,LQ Empty:1,SnpQ Empty:1,No U2C Req Credit:0,No C2U Credits:4,ExtCmpCntIsZero:1,FBVCntIsZero:0,VirtLLC Prefetch:1, | K409: 0XFFFFFFFF4405FDF0 | L409: 0XFFFFFFFF4405FDF0
A410: 74N24C5300241 | B410: 2-1 | C410: 7681 | D410: DPMB_SOCKET0__COMPUTE0__CPU__CORE45__ML2_CR_MC3_STATUS | E410: 0 | F410: CORE45 | G410: ML2 | H410: 0XBE000000F18D0400 | I410: WDTimeout (3 strike) | J410: TimeOutThread:1,ActiveThreads:3,XQ Empty:0,LQ Empty:1,SnpQ Empty:1,No U2C Req Credit:0,No C2U Credits:4,ExtCmpCntIsZero:1,FBVCntIsZero:1,VirtLLC Prefetch:1, | K410: 0XFFFFFF7F12EAEA47 | L410: 0XFFFFFF7F12EAEA47
... A420: 74N24C5300241 | B420: 2-1 | C420: 7681 | D420: DPMB_SOCKET0__COMPUTE0__CPU__CORE9__ML2_CR_MC3_STATUS | E420: 0 | F420: CORE9 | G420: ML2 | H420: 0XFE000000F18D0400 | I420: WDTimeout (3 strike) | J420: TimeOutThread:1,ActiveThreads:3,XQ Empty:0,LQ Empty:1,SnpQ Empty:1,No U2C Req Credit:0,No C2U Credits:4,ExtCmpCntIsZero:1,FBVCntIsZero:1,VirtLLC Prefetch:1, | K420: 0XFFFFFF7F4405FDF0 | L420: 0XFFFFFF7F4405FDF0
A421: 74N24C5300241 | B421: 2-1 | C421: 7681 | D421: DPMB_SOCKET0__COMPUTE1__CPU__CORE101__ML2_CR_MC3_STATUS | E421: 1 | F421: CORE101 | G421: ML2 | H421: 0XF2000000F18D0400 | I421: WDTimeout (3 strike) | J421: TimeOutThread:1,ActiveThreads:3,XQ Empty:0,LQ Empty:1,SnpQ Empty:1,No U2C Req Credit:0,No C2U Credits:4,ExtCmpCntIsZero:1,FBVCntIsZero:1,VirtLLC Prefetch:1,
A422: 74N24C5300241 | B422: 2-1 | C422: 7681 | D422: DPMB_SOCKET0__COMPUTE1__CPU__CORE102__ML2_CR_MC3_STATUS | E422: 1 | F422: CORE102 | G422: ML2 | H422: 0XFE000000E18D0400 | I422: WDTimeout (3 strike) | J422: TimeOutThread:1,ActiveThreads:3,XQ Empty:0,LQ Empty:1,SnpQ Empty:1,No U2C Req Credit:0,No C2U Credits:0,ExtCmpCntIsZero:1,FBVCntIsZero:1,VirtLLC Prefetch:1, | K422: 0XFFFFFF7F12EAEA41 | L422: 0XFFFFFF7F12EAEA41
A423: 74N24C5300241 | B423: 2-1 | C423: 7681 | D423: DPMB_SOCKET0__COMPUTE1__CPU__CORE104__ML2_CR_MC3_STATUS | E423: 1 | F423: CORE104 | G423: ML2 | H423: 0XFE000000D18D0400 | I423: WDTimeout (3 strike) | J423: TimeOutThread:1,ActiveThreads:3,XQ Empty:0,LQ Empty:1,SnpQ Empty:1,No U2C Req Credit:0,No C2U Credits:4,ExtCmpCntIsZero:0,FBVCntIsZero:1,VirtLLC Prefetch:1, | K423: 0XFFFFFFFF12EAE7D0 | L423: 0XFFFFFFFF12EAE7D0
A424: 74N24C5300241 | B424: 2-1 | C424: 7681 | D424: DPMB_SOCKET0__COMPUTE1__CPU__CORE105__ML2_CR_MC3_STATUS | E424: 1 | F424: CORE105 | G424: ML2 | H424: 0XF2000000F10C0400 | I424: WDTimeout (3 strike) | J424: TimeOutThread:0,ActiveThreads:3,XQ Empty:0,LQ Empty:0,SnpQ Empty:1,No U2C Req Credit:0,No C2U Credits:4,ExtCmpCntIsZero:1,FBVCntIsZero:1,VirtLLC Prefetch:1, | K424: 0XFFFFFFFF63DDF9F8 | L424: 0XFFFFFFFF63DDF9F8
A425: 74N24C5300241 | B425: 2-1 | C425: 7681 | D425: DPMB_SOCKET0__COMPUTE1__CPU__CORE108__ML2_CR_MC3_STATUS | E425: 1 | F425: CORE108 | G425: ML2 | H425: 0XF2000000F18D0400 | I425: WDTimeout (3 strike) | J425: TimeOutThread:1,ActiveThreads:3,XQ Empty:0,LQ Empty:1,SnpQ Empty:1,No U2C Req Credit:0,No C2U Credits:4,ExtCmpCntIsZero:1,FBVCntIsZero:1,VirtLLC Prefetch:1, | K425: 0XFFFFFFFF0134DF3E | L425: 0XFFFFFFFF0134DF3E
A426: 74N24C5300241 | B426: 2-1 | C426: 7681 | D426: DPMB_SOCKET0__COMPUTE1__CPU__CORE109__ML2_CR_MC3_STATUS | E426: 1 | F426: CORE109 | G426: ML2 | H426: 0XFE000000F18D0400 | I426: WDTimeout (3 strike) | J426: TimeOutThread:1,ActiveThreads:3,XQ Empty:0,LQ Empty:1,SnpQ Empty:1,No U2C Req Credit:0,No C2U Credits:4,ExtCmpCntIsZero:1,FBVCntIsZero:1,VirtLLC Prefetch:1, | K426: 0XFFFFFFFF4405AA96 | L426: 0XFFFFFFFF4405AA96
A427: 74N24C5300241 | B427: 2-1 | C427: 7681 | D427: DPMB_SOCKET0__COMPUTE1__CPU__CORE111__ML2_CR_MC3_STATUS | E427: 1 | F427: CORE111 | G427: ML2 | H427: 0XF2000000F10D0400 | I427: WDTimeout (3 strike) | J427: TimeOutThread:1,ActiveThreads:3,XQ Empty:0,LQ Empty:0,SnpQ Empty:1,No U2C Req Credit:0,No C2U Credits:4,ExtCmpCntIsZero:1,FBVCntIsZero:1,VirtLLC Prefetch:1,
A428: 74N24C5300241 | B428: 2-1 | C428: 7681 | D428: DPMB_SOCKET0__COMPUTE1__CPU__CORE112__ML2_CR_MC3_STATUS | E428: 1 | F428: CORE112 | G428: ML2 | H428: 0XFE000000F18D0400 | I428: WDTimeout (3 strike) | J428: TimeOutThread:1,ActiveThreads:3,XQ Empty:0,LQ Empty:1,SnpQ Empty:1,No U2C Req Credit:0,No C2U Credits:4,ExtCmpCntIsZero:1,FBVCntIsZero:1,VirtLLC Prefetch:1, | K428: 0XFFFFFFFF4405FDF0 | L428: 0XFFFFFFFF4405FDF0
A429: 74N24C5300241 | B429: 2-1 | C429: 7681 | D429: DPMB_SOCKET0__COMPUTE1__CPU__CORE115__ML2_CR_MC3_STATUS | E429: 1 | F429: CORE115 | G429: ML2 | H429: 0XFE000000F18D0400 | I429: WDTimeout (3 strike) | J429: TimeOutThread:1,ActiveThreads:3,XQ Empty:0,LQ Empty:1,SnpQ Empty:1,No U2C Req Credit:0,No C2U Credits:4,ExtCmpCntIsZero:1,FBVCntIsZero:1,VirtLLC Prefetch:1, | K429: 0XFFFFFF7F4405FDF0 | L429: 0XFFFFFF7F4405FDF0
A430: 74N24C5300241 | B430: 2-1 | C430: 7681 | D430: DPMB_SOCKET0__COMPUTE1__CPU__CORE116__ML2_CR_MC3_STATUS | E430: 1 | F430: CORE116 | G430: ML2 | H430: 0XFE000000F18D0400 | I430: WDTimeout (3 strike) | J430: TimeOutThread:1,ActiveThreads:3,XQ Empty:0,LQ Empty:1,SnpQ Empty:1,No U2C Req Credit:0,No C2U Credits:4,ExtCmpCntIsZero:1,FBVCntIsZero:1,VirtLLC Prefetch:1, | K430: 0XFFFFFFFF328FC979 | L430: 0XFFFFFFFF328FC979
A431: 74N24C5300241 | B431: 2-1 | C431: 7681 | D431: DPMB_SOCKET0__COMPUTE1__CPU__CORE117__ML2_CR_MC3_STATUS | E431: 1 | F431: CORE117 | G431: ML2 | H431: 0XFE000000F18D0400 | I431: WDTimeout (3 strike) | J431: TimeOutThread:1,ActiveThreads:3,XQ Empty:0,LQ Empty:1,SnpQ Empty:1,No U2C Req Credit:0,No C2U Credits:4,ExtCmpCntIsZero:1,FBVCntIsZero:1,VirtLLC Prefetch:1, | K431: 0XFFFFFFFF4405FDF0 | L431: 0XFFFFFFFF4405FDF0
A432: 74N24C5300241 | B432: 2-1 | C432: 7681 | D432: DPMB_SOCKET0__COMPUTE1__CPU__CORE118__ML2_CR_MC3_STATUS | E432: 1 | F432: CORE118 | G432: ML2 | H432: 0XFE000000F18D0400 | I432: WDTimeout (3 strike) | J432: TimeOutThread:1,ActiveThreads:3,XQ Empty:0,LQ Empty:1,SnpQ Empty:1,No U2C Req Credit:0,No C2U Credits:4,ExtCmpCntIsZero:1,FBVCntIsZero:1,VirtLLC Prefetch:1, | K432: 0XFFFFFFFF328FC979 | L432: 0XFFFFFFFF328FC979
A433: 74N24C5300241 | B433: 2-1 | C433: 7681 | D433: DPMB_SOCKET0__COMPUTE1__CPU__CORE61__ML2_CR_MC3_STATUS | E433: 1 | F433: CORE61 | G433: ML2 | H433: 0XFE000000E18D0400 | I433: WDTimeout (3 strike) | J433: TimeOutThread:1,ActiveThreads:3,XQ Empty:0,LQ Empty:1,SnpQ Empty:1,No U2C Req Credit:0,No C2U Credits:0,ExtCmpCntIsZero:1,FBVCntIsZero:1,VirtLLC Prefetch:1, | K433: 0XFFFFFFFF12EAEA41 | L433: 0XFFFFFFFF12EAEA41
A434: 74N24C5300241 | B434: 2-1 | C434: 7681 | D434: DPMB_SOCKET0__COMPUTE1__CPU__CORE62__ML2_CR_MC3_STATUS | E434: 1 | F434: CORE62 | G434: ML2 | H434: 0XF2000000F10D0400 | I434: WDTimeout (3 strike) | J434: TimeOutThread:1,ActiveThreads:3,XQ Empty:0,LQ Empty:0,SnpQ Empty:1,No U2C Req Credit:0,No C2U Credits:4,ExtCmpCntIsZero:1,FBVCntIsZero:1,VirtLLC Prefetch:1,
A435: 74N24C5300241 | B435: 2-1 | C435: 7681 | D435: DPMB_SOCKET0__COMPUTE1__CPU__CORE66__ML2_CR_MC3_STATUS | E435: 1 | F435: CORE66 | G435: ML2 | H435: 0XFE000000F18D0400 | I435: WDTimeout (3 strike) | J435: TimeOutThread:1,ActiveThreads:3,XQ Empty:0,LQ Empty:1,SnpQ Empty:1,No U2C Req Credit:0,No C2U Credits:4,ExtCmpCntIsZero:1,FBVCntIsZero:1,VirtLLC Prefetch:1, | K435: 0XFFFFFFFF4405FDF0 | L435: 0XFFFFFFFF4405FDF0
A436: 74N24C5300241 | B436: 2-1 | C436: 7681 | D436: DPMB_SOCKET0__COMPUTE1__CPU__CORE68__ML2_CR_MC3_STATUS | E436: 1 | F436: CORE68 | G436: ML2 | H436: 0XF2000000F18D0400 | I436: WDTimeout (3 strike) | J436: TimeOutThread:1,ActiveThreads:3,XQ Empty:0,LQ Empty:1,SnpQ Empty:1,No U2C Req Credit:0,No C2U Credits:4,ExtCmpCntIsZero:1,FBVCntIsZero:1,VirtLLC Prefetch:1, | K436: 0XFFFFFF7F63DDF9F8 | L436: 0XFFFFFF7F63DDF9F8
A437: 74N24C5300241 | B437: 2-1 | C437: 7681 | D437: DPMB_SOCKET0__COMPUTE1__CPU__CORE70__ML2_CR_MC3_STATUS | E437: 1 | F437: CORE70 | G437: ML2 | H437: 0XF2000000F18D0400 | I437: WDTimeout (3 strike) | J437: TimeOutThread:1,ActiveThreads:3,XQ Empty:0,LQ Empty:1,SnpQ Empty:1,No U2C Req Credit:0,No C2U Credits:4,ExtCmpCntIsZero:1,FBVCntIsZero:1,VirtLLC Prefetch:1,
A438: 74N24C5300241 | B438: 2-1 | C438: 7681 | D438: DPMB_SOCKET0__COMPUTE1__CPU__CORE73__ML2_CR_MC3_STATUS | E438: 1 | F438: CORE73 | G438: ML2 | H438: 0XFE000000E18D0400 | I438: WDTimeout (3 strike) | J438: TimeOutThread:1,ActiveThreads:3,XQ Empty:0,LQ Empty:1,SnpQ Empty:1,No U2C Req Credit:0,No C2U Credits:0,ExtCmpCntIsZero:1,FBVCntIsZero:1,VirtLLC Prefetch:1, | K438: 0XFFFFFF7F12EAEA41 | L438: 0XFFFFFF7F12EAEA41
A439: 74N24C5300241 | B439: 2-1 | C439: 7681 | D439: DPMB_SOCKET0__COMPUTE1__CPU__CORE74__ML2_CR_MC3_STATUS | E439: 1 | F439: CORE74 | G439: ML2 | H439: 0XFE000000F18D0400 | I439: WDTimeout (3 strike) | J439: TimeOutThread:1,ActiveThreads:3,XQ Empty:0,LQ Empty:1,SnpQ Empty:1,No U2C Req Credit:0,No C2U Credits:4,ExtCmpCntIsZero:1,FBVCntIsZero:1,VirtLLC Prefetch:1, | K439: 0XFFFFFFFF4405AA96 | L439: 0XFFFFFFFF4405AA96
A440: 74N24C5300241 | B440: 2-1 | C440: 7681 | D440: DPMB_SOCKET0__COMPUTE1__CPU__CORE75__ML2_CR_MC3_STATUS | E440: 1 | F440: CORE75 | G440: ML2 | H440: 0XF2000000F10D0400 | I440: WDTimeout (3 strike) | J440: TimeOutThread:1,ActiveThreads:3,XQ Empty:0,LQ Empty:0,SnpQ Empty:1,No U2C Req Credit:0,No C2U Credits:4,ExtCmpCntIsZero:1,FBVCntIsZero:1,VirtLLC Prefetch:1,
A441: 74N24C5300241 | B441: 2-1 | C441: 7681 | D441: DPMB_SOCKET0__COMPUTE1__CPU__CORE81__ML2_CR_MC3_STATUS | E441: 1 | F441: CORE81 | G441: ML2 | H441: 0XFE000000F18D0400 | I441: WDTimeout (3 strike) | J441: TimeOutThread:1,ActiveThreads:3,XQ Empty:0,LQ Empty:1,SnpQ Empty:1,No U2C Req Credit:0,No C2U Credits:4,ExtCmpCntIsZero:1,FBVCntIsZero:1,VirtLLC Prefetch:1, | K441: 0XFFFFFF7F328FC979 | L441: 0XFFFFFF7F328FC979
A442: 74N24C5300241 | B442: 2-1 | C442: 7681 | D442: DPMB_SOCKET0__COMPUTE1__CPU__CORE82__ML2_CR_MC3_STATUS | E442: 1 | F442: CORE82 | G442: ML2 | H442: 0XBE000000D18D0400 | I442: WDTimeout (3 strike) | J442: TimeOutThread:1,ActiveThreads:3,XQ Empty:0,LQ Empty:1,SnpQ Empty:1,No U2C Req Credit:0,No C2U Credits:4,ExtCmpCntIsZero:0,FBVCntIsZero:1,VirtLLC Prefetch:1, | K442: 0XFFFFFF7F12EAEA47 | L442: 0XFFFFFF7F12EAEA47
A443: 74N24C5300241 | B443: 2-1 | C443: 7681 | D443: DPMB_SOCKET0__COMPUTE1__CPU__CORE83__ML2_CR_MC3_STATUS | E443: 1 | F443: CORE83 | G443: ML2 | H443: 0XFE000000B18D0400 | I443: WDTimeout (3 strike) | J443: TimeOutThread:1,ActiveThreads:3,XQ Empty:0,LQ Empty:1,SnpQ Empty:1,No U2C Req Credit:0,No C2U Credits:4,ExtCmpCntIsZero:1,FBVCntIsZero:0,VirtLLC Prefetch:1, | K443: 0XFFFFFFFF4405FDF0 | L443: 0XFFFFFFFF4405FDF0
A444: 74N24C5300241 | B444: 2-1 | C444: 7681 | D444: DPMB_SOCKET0__COMPUTE1__CPU__CORE84__ML2_CR_MC3_STATUS | E444: 1 | F444: CORE84 | G444: ML2 | H444: 0XF2000000F10D0400 | I444: WDTimeout (3 strike) | J444: TimeOutThread:1,ActiveThreads:3,XQ Empty:0,LQ Empty:0,SnpQ Empty:1,No U2C Req Credit:0,No C2U Credits:4,ExtCmpCntIsZero:1,FBVCntIsZero:1,VirtLLC Prefetch:1,
A445: 74N24C5300241 | B445: 2-1 | C445: 7681 | D445: DPMB_SOCKET0__COMPUTE1__CPU__CORE87__ML2_CR_MC3_STATUS | E445: 1 | F445: CORE87 | G445: ML2 | H445: 0XFE000000F18D0400 | I445: WDTimeout (3 strike) | J445: TimeOutThread:1,ActiveThreads:3,XQ Empty:0,LQ Empty:1,SnpQ Empty:1,No U2C Req Credit:0,No C2U Credits:4,ExtCmpCntIsZero:1,FBVCntIsZero:1,VirtLLC Prefetch:1, | K445: 0XFFFFFFFF12EAECF8 | L445: 0XFFFFFFFF12EAECF8
A446: 74N24C5300241 | B446: 2-1 | C446: 7681 | D446: DPMB_SOCKET0__COMPUTE1__CPU__CORE88__ML2_CR_MC3_STATUS | E446: 1 | F446: CORE88 | G446: ML2 | H446: 0XFE000000F18D0400 | I446: WDTimeout (3 strike) | J446: TimeOutThread:1,ActiveThreads:3,XQ Empty:0,LQ Empty:1,SnpQ Empty:1,No U2C Req Credit:0,No C2U Credits:4,ExtCmpCntIsZero:1,FBVCntIsZero:1,VirtLLC Prefetch:1, | K446: 0XFFFFFFFF4405FDF0 | L446: 0XFFFFFFFF4405FDF0
A447: 74N24C5300241 | B447: 2-1 | C447: 7681 | D447: DPMB_SOCKET0__COMPUTE1__CPU__CORE89__ML2_CR_MC3_STATUS | E447: 1 | F447: CORE89 | G447: ML2 | H447: 0XF2000000F18D0400 | I447: WDTimeout (3 strike) | J447: TimeOutThread:1,ActiveThreads:3,XQ Empty:0,LQ Empty:1,SnpQ Empty:1,No U2C Req Credit:0,No C2U Credits:4,ExtCmpCntIsZero:1,FBVCntIsZero:1,VirtLLC Prefetch:1,
A448: 74N24C5300241 | B448: 2-1 | C448: 7681 | D448: DPMB_SOCKET0__COMPUTE1__CPU__CORE90__ML2_CR_MC3_STATUS | E448: 1 | F448: CORE90 | G448: ML2 | H448: 0XFE000000F18D0400 | I448: WDTimeout (3 strike) | J448: TimeOutThread:1,ActiveThreads:3,XQ Empty:0,LQ Empty:1,SnpQ Empty:1,No U2C Req Credit:0,No C2U Credits:4,ExtCmpCntIsZero:1,FBVCntIsZero:1,VirtLLC Prefetch:1, | K448: 0XFFFFFFFF328FC979 | L448: 0XFFFFFFFF328FC979
A449: 74N24C5300241 | B449: 2-1 | C449: 7681 | D449: DPMB_SOCKET0__COMPUTE1__CPU__CORE91__ML2_CR_MC3_STATUS | E449: 1 | F449: CORE91 | G449: ML2 | H449: 0XFE000000F18D0400 | I449: WDTimeout (3 strike) | J449: TimeOutThread:1,ActiveThreads:3,XQ Empty:0,LQ Empty:1,SnpQ Empty:1,No U2C Req Credit:0,No C2U Credits:4,ExtCmpCntIsZero:1,FBVCntIsZero:1,VirtLLC Prefetch:1, | K449: 0XFFFFFF7F12EAEAC4 | L449: 0XFFFFFF7F12EAEAC4
A450: 74N24C5300241 | B450: 2-1 | C450: 7681 | D450: DPMB_SOCKET0__COMPUTE1__CPU__CORE94__ML2_CR_MC3_STATUS | E450: 1 | F450: CORE94 | G450: ML2 | H450: 0XFE000000B18D0400 | I450: WDTimeout (3 strike) | J450: TimeOutThread:1,ActiveThreads:3,XQ Empty:0,LQ Empty:1,SnpQ Empty:1,No U2C Req Credit:0,No C2U Credits:4,ExtCmpCntIsZero:1,FBVCntIsZero:0,VirtLLC Prefetch:1, | K450: 0XFFFFFFFF4405FDF7 | L450: 0XFFFFFFFF4405FDF7
A451: 74N24C5300241 | B451: 2-1 | C451: 7681 | D451: DPMB_SOCKET0__COMPUTE1__CPU__CORE97__ML2_CR_MC3_STATUS | E451: 1 | F451: CORE97 | G451: ML2 | H451: 0XFE000000F18D0400 | I451: WDTimeout (3 strike) | J451: TimeOutThread:1,ActiveThreads:3,XQ Empty:0,LQ Empty:1,SnpQ Empty:1,No U2C Req Credit:0,No C2U Credits:4,ExtCmpCntIsZero:1,FBVCntIsZero:1,VirtLLC Prefetch:1, | K451: 0XFFFFFF7F4405FDF0 | L451: 0XFFFFFF7F4405FDF0
A452: 74N24C5300241 | B452: 2-1 | C452: 7681 | D452: DPMB_SOCKET0__COMPUTE1__CPU__CORE98__ML2_CR_MC3_STATUS | E452: 1 | F452: CORE98 | G452: ML2 | H452: 0XFE000000F18D0400 | I452: WDTimeout (3 strike) | J452: TimeOutThread:1,ActiveThreads:3,XQ Empty:0,LQ Empty:1,SnpQ Empty:1,No U2C Req Credit:0,No C2U Credits:4,ExtCmpCntIsZero:1,FBVCntIsZero:1,VirtLLC Prefetch:1, | K452: 0XFFFFFF7F4405AA96 | L452: 0XFFFFFF7F4405AA96
A453: 74N24C5300241 | B453: 2-1 | C453: 7681 | D453: DPMB_SOCKET0__COMPUTE2__CPU__CORE121__ML2_CR_MC3_STATUS | E453: 2 | F453: CORE121 | G453: ML2 | H453: 0XFE000000E18D0400 | I453: WDTimeout (3 strike) | J453: TimeOutThread:1,ActiveThreads:3,XQ Empty:0,LQ Empty:1,SnpQ Empty:1,No U2C Req Credit:0,No C2U Credits:0,ExtCmpCntIsZero:1,FBVCntIsZero:1,VirtLLC Prefetch:1, | K453: 0XFFFFFFFF12EAEA41 | L453: 0XFFFFFFFF12EAEA41
A454: 74N24C5300241 | B454: 2-1 | C454: 7681 | D454: DPMB_SOCKET0__COMPUTE2__CPU__CORE122__ML2_CR_MC3_STATUS | E454: 2 | F454: CORE122 | G454: ML2 | H454: 0XF2000000D18D0400 | I454: WDTimeout (3 strike) | J454: TimeOutThread:1,ActiveThreads:3,XQ Empty:0,LQ Empty:1,SnpQ Empty:1,No U2C Req Credit:0,No C2U Credits:4,ExtCmpCntIsZero:0,FBVCntIsZero:1,VirtLLC Prefetch:1,
A455: 74N24C5300241 | B455: 2-1 | C455: 7681 | D455: DPMB_SOCKET0__COMPUTE2__CPU__CORE126__ML2_CR_MC3_STATUS | E455: 2 | F455: CORE126 | G455: ML2 | H455: 0XF2000000F18D0400 | I455: WDTimeout (3 strike) | J455: TimeOutThread:1,ActiveThreads:3,XQ Empty:0,LQ Empty:1,SnpQ Empty:1,No U2C Req Credit:0,No C2U Credits:4,ExtCmpCntIsZero:1,FBVCntIsZero:1,VirtLLC Prefetch:1,
A456: 74N24C5300241 | B456: 2-1 | C456: 7681 | D456: DPMB_SOCKET0__COMPUTE2__CPU__CORE127__ML2_CR_MC3_STATUS | E456: 2 | F456: CORE127 | G456: ML2 | H456: 0XFE000000F18D0400 | I456: WDTimeout (3 strike) | J456: TimeOutThread:1,ActiveThreads:3,XQ Empty:0,LQ Empty:1,SnpQ Empty:1,No U2C Req Credit:0,No C2U Credits:4,ExtCmpCntIsZero:1,FBVCntIsZero:1,VirtLLC Prefetch:1, | K456: 0XFFFFFF7F328FC979 | L456: 0XFFFFFF7F328FC979
A457: 74N24C5300241 | B457: 2-1 | C457: 7681 | D457: DPMB_SOCKET0__COMPUTE2__CPU__CORE128__ML2_CR_MC3_STATUS | E457: 2 | F457: CORE128 | G457: ML2 | H457: 0XF2000000D18D0400 | I457: WDTimeout (3 strike) | J457: TimeOutThread:1,ActiveThreads:3,XQ Empty:0,LQ Empty:1,SnpQ Empty:1,No U2C Req Credit:0,No C2U Credits:4,ExtCmpCntIsZero:0,FBVCntIsZero:1,VirtLLC Prefetch:1, | K457: 0XFFFFFF7F63DDFB93 | L457: 0XFFFFFF7F63DDFB93
A458: 74N24C5300241 | B458: 2-1 | C458: 7681 | D458: DPMB_SOCKET0__COMPUTE2__CPU__CORE129__ML2_CR_MC3_STATUS | E458: 2 | F458: CORE129 | G458: ML2 | H458: 0XFE000000F18D0400 | I458: WDTimeout (3 strike) | J458: TimeOutThread:1,ActiveThreads:3,XQ Empty:0,LQ Empty:1,SnpQ Empty:1,No U2C Req Credit:0,No C2U Credits:4,ExtCmpCntIsZero:1,FBVCntIsZero:1,VirtLLC Prefetch:1, | K458: 0XFFFFFFFF4405AA29 | L458: 0XFFFFFFFF4405AA29
A459: 74N24C5300241 | B459: 2-1 | C459: 7681 | D459: DPMB_SOCKET0__COMPUTE2__CPU__CORE130__ML2_CR_MC3_STATUS | E459: 2 | F459: CORE130 | G459: ML2 | H459: 0XFE000000F18D0400 | I459: WDTimeout (3 strike) | J459: TimeOutThread:1,ActiveThreads:3,XQ Empty:0,LQ Empty:1,SnpQ Empty:1,No U2C Req Credit:0,No C2U Credits:4,ExtCmpCntIsZero:1,FBVCntIsZero:1,VirtLLC Prefetch:1, | K459: 0XFFFFFFFF4405AC3E | L459: 0XFFFFFFFF4405AC3E
A460: 74N24C5300241 | B460: 2-1 | C460: 7681 | D460: DPMB_SOCKET0__COMPUTE2__CPU__CORE133__ML2_CR_MC3_STATUS | E460: 2 | F460: CORE133 | G460: ML2 | H460: 0XF2000000B18D0400 | I460: WDTimeout (3 strike) | J460: TimeOutThread:1,ActiveThreads:3,XQ Empty:0,LQ Empty:1,SnpQ Empty:1,No U2C Req Credit:0,No C2U Credits:4,ExtCmpCntIsZero:1,FBVCntIsZero:0,VirtLLC Prefetch:1, | K460: 0XFFFFFF7F4405E166 | L460: 0XFFFFFF7F4405E166
A461: 74N24C5300241 | B461: 2-1 | C461: 7681 | D461: DPMB_SOCKET0__COMPUTE2__CPU__CORE134__ML2_CR_MC3_STATUS | E461: 2 | F461: CORE134 | G461: ML2 | H461: 0XFE000000F18D0400 | I461: WDTimeout (3 strike) | J461: TimeOutThread:1,ActiveThreads:3,XQ Empty:0,LQ Empty:1,SnpQ Empty:1,No U2C Req Credit:0,No C2U Credits:4,ExtCmpCntIsZero:1,FBVCntIsZero:1,VirtLLC Prefetch:1, | K461: 0XFFFFFFFF4405AA96 | L461: 0XFFFFFFFF4405AA96
A462: 74N24C5300241 | B462: 2-1 | C462: 7681 | D462: DPMB_SOCKET0__COMPUTE2__CPU__CORE135__ML2_CR_MC3_STATUS | E462: 2 | F462: CORE135 | G462: ML2 | H462: 0XFE000000B18D0400 | I462: WDTimeout (3 strike) | J462: TimeOutThread:1,ActiveThreads:3,XQ Empty:0,LQ Empty:1,SnpQ Empty:1,No U2C Req Credit:0,No C2U Credits:4,ExtCmpCntIsZero:1,FBVCntIsZero:0,VirtLLC Prefetch:1, | K462: 0XFFFFFFFF4405FDF0 | L462: 0XFFFFFFFF4405FDF0
A463: 74N24C5300241 | B463: 2-1 | C463: 7681 | D463: DPMB_SOCKET0__COMPUTE2__CPU__CORE136__ML2_CR_MC3_STATUS | E463: 2 | F463: CORE136 | G463: ML2 | H463: 0XFE000000F18D0400 | I463: WDTimeout (3 strike) | J463: TimeOutThread:1,ActiveThreads:3,XQ Empty:0,LQ Empty:1,SnpQ Empty:1,No U2C Req Credit:0,No C2U Credits:4,ExtCmpCntIsZero:1,FBVCntIsZero:1,VirtLLC Prefetch:1, | K463: 0XFFFFFFFF328FC979 | L463: 0XFFFFFFFF328FC979
A464: 74N24C5300241 | B464: 2-1 | C464: 7681 | D464: DPMB_SOCKET0__COMPUTE2__CPU__CORE137__ML2_CR_MC3_STATUS | E464: 2 | F464: CORE137 | G464: ML2 | H464: 0XFE000000B18D0400 | I464: WDTimeout (3 strike) | J464: TimeOutThread:1,ActiveThreads:3,XQ Empty:0,LQ Empty:1,SnpQ Empty:1,No U2C Req Credit:0,No C2U Credits:4,ExtCmpCntIsZero:1,FBVCntIsZero:0,VirtLLC Prefetch:1, | K464: 0XFFFFFFFF4405FDF0 | L464: 0XFFFFFFFF4405FDF0
A465: 74N24C5300241 | B465: 2-1 | C465: 7681 | D465: DPMB_SOCKET0__COMPUTE2__CPU__CORE140__ML2_CR_MC3_STATUS | E465: 2 | F465: CORE140 | G465: ML2 | H465: 0XFE000000F18D0400 | I465: WDTimeout (3 strike) | J465: TimeOutThread:1,ActiveThreads:3,XQ Empty:0,LQ Empty:1,SnpQ Empty:1,No U2C Req Credit:0,No C2U Credits:4,ExtCmpCntIsZero:1,FBVCntIsZero:1,VirtLLC Prefetch:1, | K465: 0XFFFFFFFF4405FDF0 | L465: 0XFFFFFFFF4405FDF0
A466: 74N24C5300241 | B466: 2-1 | C466: 7681 | D466: DPMB_SOCKET0__COMPUTE2__CPU__CORE141__ML2_CR_MC3_STATUS | E466: 2 | F466: CORE141 | G466: ML2 | H466: 0XFE000000E18D0400 | I466: WDTimeout (3 strike) | J466: TimeOutThread:1,ActiveThreads:3,XQ Empty:0,LQ Empty:1,SnpQ Empty:1,No U2C Req Credit:0,No C2U Credits:0,ExtCmpCntIsZero:1,FBVCntIsZero:1,VirtLLC Prefetch:1, | K466: 0XFFFFFFFF12EAEA41 | L466: 0XFFFFFFFF12EAEA41
A467: 74N24C5300241 | B467: 2-1 | C467: 7681 | D467: DPMB_SOCKET0__COMPUTE2__CPU__CORE142__ML2_CR_MC3_STATUS | E467: 2 | F467: CORE142 | G467: ML2 | H467: 0XFE000000F18D0400 | I467: WDTimeout (3 strike) | J467: TimeOutThread:1,ActiveThreads:3,XQ Empty:0,LQ Empty:1,SnpQ Empty:1,No U2C Req Credit:0,No C2U Credits:4,ExtCmpCntIsZero:1,FBVCntIsZero:1,VirtLLC Prefetch:1, | K467: 0XFFFFFFFF12EAEA47 | L467: 0XFFFFFFFF12EAEA47
... A469: 74N24C5300241 | B469: 2-1 | C469: 7681 | D469: DPMB_SOCKET0__COMPUTE2__CPU__CORE144__ML2_CR_MC3_STATUS | E469: 2 | F469: CORE144 | G469: ML2 | H469: 0XFE000000D18D0400 | I469: WDTimeout (3 strike) | J469: TimeOutThread:1,ActiveThreads:3,XQ Empty:0,LQ Empty:1,SnpQ Empty:1,No U2C Req Credit:0,No C2U Credits:4,ExtCmpCntIsZero:0,FBVCntIsZero:1,VirtLLC Prefetch:1, | K469: 0XFFFFFFFF12EAEA47 | L469: 0XFFFFFFFF12EAEA47
...

Sheet FirstErr
A1: VisualID | B1: Run | C1: Operation | D1: NCEVENT | E1: VALUE | F1: FirstError - DIEID | G1: FirstError - PortID | H1: FirstError - Location | I1: FirstError - FromCore | J1: SecondError - DIEID | K1: SecondError - PortID | L1: SecondError - Location | M1: SecondError - FromCore | N1: FirstError - IP | O1: FirstError - IP (name) | P1: FirstError - Device | Q1: FirstError - Device (Name) | R1: offset | S1: FirstError - Physical Loc | T1: Failed Instance
A2: 74JU522300112 | B2: 9-1 | C2: 7681 | D2: DPMB_SOCKET0__IO0__UNCORE__UBOX__NCEVENTS__MCERRLOGGINGREG | E2: 0X3480200035817 | F2: 11 | G2: 23 | H2: core_coregp.0.cpucore.151 | I2: 1 | J2: 9 | K2: 2 | L2: core_coregp.0.cpucore.2 | M2: 1 | N2: =INDEX(_xlfn.TEXTSPLIT(ubox[[#This Row],[FirstError - Location]],"."),1,1) -> core_coregp | O2: =_xlfn.XLOOKUP(ubox[[#This Row],[FirstError - IP]],Computes!$S$2:$S$22,Computes!$T$2:$T$22) -> CORE | P2: =INDEX(_xlfn.TEXTSPLIT(ubox[[#This Row],[FirstError - Location]],"."),1,3) -> cpucore | Q2: =_xlfn.XLOOKUP(ubox[[#This Row],[FirstError - Device]],Computes!$AB$2:$AB$22,Computes!$AC$2:$AC$22) -> CORE | R2: =_xlfn.XLOOKUP(ubox[[#This Row],[FirstError - Device]],Computes!$AB$1:$AB$22,Computes!$AD$1:$AD$22) -> 4 | S2: =INDEX(_xlfn.TEXTSPLIT(ubox[[#This Row],[FirstError - Location]],"."),1,4)-(ubox[[#This Row],[offset]]*(ubox[[#This Row],[FirstError - DIEID]]-9)) -> 143 | T2: =IF(OR(ubox[[#This Row],[FirstError - Device (Name)]]="CORE",ubox[[#This Row],[FirstError - Device (Name)]]="SCF"),ubox[[#This Row],[FirstError - IP (name)]],ubox[[#This Row],[FirstError - IP (name)]]&":"&ubox[[#This Row],[FirstError - Device (Name)]])&ubox[[#This Row],[FirstError - Physical Loc]] -> CORE143
A3: 74JU522300112 | B3: 9-1 | C3: 7681 | D3: DPMB_SOCKET1__IO0__UNCORE__UBOX__NCEVENTS__MCERRLOGGINGREG | E3: 0X3582500034816 | F3: 9 | G3: 22 | H3: core_coregp.0.cpucore.22 | I3: 1 | J3: 11 | K3: 37 | L3: core_coregp.0.cpucore.165 | M3: 1 | N3: =INDEX(_xlfn.TEXTSPLIT(ubox[[#This Row],[FirstError - Location]],"."),1,1) -> core_coregp | O3: =_xlfn.XLOOKUP(ubox[[#This Row],[FirstError - IP]],Computes!$S$2:$S$22,Computes!$T$2:$T$22) -> CORE | P3: =INDEX(_xlfn.TEXTSPLIT(ubox[[#This Row],[FirstError - Location]],"."),1,3) -> cpucore | Q3: =_xlfn.XLOOKUP(ubox[[#This Row],[FirstError - Device]],Computes!$AB$2:$AB$22,Computes!$AC$2:$AC$22) -> CORE | R3: =_xlfn.XLOOKUP(ubox[[#This Row],[FirstError - Device]],Computes!$AB$1:$AB$22,Computes!$AD$1:$AD$22) -> 4 | S3: =INDEX(_xlfn.TEXTSPLIT(ubox[[#This Row],[FirstError - Location]],"."),1,4)-(ubox[[#This Row],[offset]]*(ubox[[#This Row],[FirstError - DIEID]]-9)) -> 22 | T3: =IF(OR(ubox[[#This Row],[FirstError - Device (Name)]]="CORE",ubox[[#This Row],[FirstError - Device (Name)]]="SCF"),ubox[[#This Row],[FirstError - IP (name)]],ubox[[#This Row],[FirstError - IP (name)]]&":"&ubox[[#This Row],[FirstError - Device (Name)]])&ubox[[#This Row],[FirstError - Physical Loc]] -> CORE22
A4: 74JU522300112 | B4: 7-1 | C4: 7682 | D4: DPMB_SOCKET0__IO0__UNCORE__UBOX__NCEVENTS__MCERRLOGGINGREG | E4: 0X3481D00035817 | F4: 11 | G4: 23 | H4: core_coregp.0.cpucore.151 | I4: 1 | J4: 9 | K4: 29 | L4: core_coregp.0.cpucore.29 | M4: 1 | N4: =INDEX(_xlfn.TEXTSPLIT(ubox[[#This Row],[FirstError - Location]],"."),1,1) -> core_coregp | O4: =_xlfn.XLOOKUP(ubox[[#This Row],[FirstError - IP]],Computes!$S$2:$S$22,Computes!$T$2:$T$22) -> CORE | P4: =INDEX(_xlfn.TEXTSPLIT(ubox[[#This Row],[FirstError - Location]],"."),1,3) -> cpucore | Q4: =_xlfn.XLOOKUP(ubox[[#This Row],[FirstError - Device]],Computes!$AB$2:$AB$22,Computes!$AC$2:$AC$22) -> CORE | R4: =_xlfn.XLOOKUP(ubox[[#This Row],[FirstError - Device]],Computes!$AB$1:$AB$22,Computes!$AD$1:$AD$22) -> 4 | S4: =INDEX(_xlfn.TEXTSPLIT(ubox[[#This Row],[FirstError - Location]],"."),1,4)-(ubox[[#This Row],[offset]]*(ubox[[#This Row],[FirstError - DIEID]]-9)) -> 143 | T4: =IF(OR(ubox[[#This Row],[FirstError - Device (Name)]]="CORE",ubox[[#This Row],[FirstError - Device (Name)]]="SCF"),ubox[[#This Row],[FirstError - IP (name)]],ubox[[#This Row],[FirstError - IP (name)]]&":"&ubox[[#This Row],[FirstError - Device (Name)]])&ubox[[#This Row],[FirstError - Physical Loc]] -> CORE143
A5: 74JU522300112 | B5: 7-1 | C5: 7682 | D5: DPMB_SOCKET1__IO0__UNCORE__UBOX__NCEVENTS__MCERRLOGGINGREG | E5: 0X3500100035030 | F5: 10 | G5: 48 | H5: core_coregp.0.cpucore.112 | I5: 1 | J5: 10 | K5: 1 | L5: core_coregp.0.cpucore.65 | M5: 1 | N5: =INDEX(_xlfn.TEXTSPLIT(ubox[[#This Row],[FirstError - Location]],"."),1,1) -> core_coregp | O5: =_xlfn.XLOOKUP(ubox[[#This Row],[FirstError - IP]],Computes!$S$2:$S$22,Computes!$T$2:$T$22) -> CORE | P5: =INDEX(_xlfn.TEXTSPLIT(ubox[[#This Row],[FirstError - Location]],"."),1,3) -> cpucore | Q5: =_xlfn.XLOOKUP(ubox[[#This Row],[FirstError - Device]],Computes!$AB$2:$AB$22,Computes!$AC$2:$AC$22) -> CORE | R5: =_xlfn.XLOOKUP(ubox[[#This Row],[FirstError - Device]],Computes!$AB$1:$AB$22,Computes!$AD$1:$AD$22) -> 4 | S5: =INDEX(_xlfn.TEXTSPLIT(ubox[[#This Row],[FirstError - Location]],"."),1,4)-(ubox[[#This Row],[offset]]*(ubox[[#This Row],[FirstError - DIEID]]-9)) -> 108 | T5: =IF(OR(ubox[[#This Row],[FirstError - Device (Name)]]="CORE",ubox[[#This Row],[FirstError - Device (Name)]]="SCF"),ubox[[#This Row],[FirstError - IP (name)]],ubox[[#This Row],[FirstError - IP (name)]]&":"&ubox[[#This Row],[FirstError - Device (Name)]])&ubox[[#This Row],[FirstError - Physical Loc]] -> CORE108
A6: 74JU522300112 | B6: 6-1 | C6: 7681 | D6: DPMB_SOCKET0__IO0__UNCORE__UBOX__NCEVENTS__MCERRLOGGINGREG | E6: 0X3503000035817 | F6: 11 | G6: 23 | H6: core_coregp.0.cpucore.151 | I6: 1 | J6: 10 | K6: 48 | L6: core_coregp.0.cpucore.112 | M6: 1 | N6: =INDEX(_xlfn.TEXTSPLIT(ubox[[#This Row],[FirstError - Location]],"."),1,1) -> core_coregp | O6: =_xlfn.XLOOKUP(ubox[[#This Row],[FirstError - IP]],Computes!$S$2:$S$22,Computes!$T$2:$T$22) -> CORE | P6: =INDEX(_xlfn.TEXTSPLIT(ubox[[#This Row],[FirstError - Location]],"."),1,3) -> cpucore | Q6: =_xlfn.XLOOKUP(ubox[[#This Row],[FirstError - Device]],Computes!$AB$2:$AB$22,Computes!$AC$2:$AC$22) -> CORE | R6: =_xlfn.XLOOKUP(ubox[[#This Row],[FirstError - Device]],Computes!$AB$1:$AB$22,Computes!$AD$1:$AD$22) -> 4 | S6: =INDEX(_xlfn.TEXTSPLIT(ubox[[#This Row],[FirstError - Location]],"."),1,4)-(ubox[[#This Row],[offset]]*(ubox[[#This Row],[FirstError - DIEID]]-9)) -> 143 | T6: =IF(OR(ubox[[#This Row],[FirstError - Device (Name)]]="CORE",ubox[[#This Row],[FirstError - Device (Name)]]="SCF"),ubox[[#This Row],[FirstError - IP (name)]],ubox[[#This Row],[FirstError - IP (name)]]&":"&ubox[[#This Row],[FirstError - Device (Name)]])&ubox[[#This Row],[FirstError - Physical Loc]] -> CORE143
A7: 74JU522300112 | B7: 6-1 | C7: 7681 | D7: DPMB_SOCKET1__IO0__UNCORE__UBOX__NCEVENTS__MCERRLOGGINGREG | E7: 0X3500600035018 | F7: 10 | G7: 24 | H7: core_coregp.0.cpucore.88 | I7: 1 | J7: 10 | K7: 6 | L7: core_coregp.0.cpucore.70 | M7: 1 | N7: =INDEX(_xlfn.TEXTSPLIT(ubox[[#This Row],[FirstError - Location]],"."),1,1) -> core_coregp | O7: =_xlfn.XLOOKUP(ubox[[#This Row],[FirstError - IP]],Computes!$S$2:$S$22,Computes!$T$2:$T$22) -> CORE | P7: =INDEX(_xlfn.TEXTSPLIT(ubox[[#This Row],[FirstError - Location]],"."),1,3) -> cpucore | Q7: =_xlfn.XLOOKUP(ubox[[#This Row],[FirstError - Device]],Computes!$AB$2:$AB$22,Computes!$AC$2:$AC$22) -> CORE | R7: =_xlfn.XLOOKUP(ubox[[#This Row],[FirstError - Device]],Computes!$AB$1:$AB$22,Computes!$AD$1:$AD$22) -> 4 | S7: =INDEX(_xlfn.TEXTSPLIT(ubox[[#This Row],[FirstError - Location]],"."),1,4)-(ubox[[#This Row],[offset]]*(ubox[[#This Row],[FirstError - DIEID]]-9)) -> 84 | T7: =IF(OR(ubox[[#This Row],[FirstError - Device (Name)]]="CORE",ubox[[#This Row],[FirstError - Device (Name)]]="SCF"),ubox[[#This Row],[FirstError - IP (name)]],ubox[[#This Row],[FirstError - IP (name)]]&":"&ubox[[#This Row],[FirstError - Device (Name)]])&ubox[[#This Row],[FirstError - Physical Loc]] -> CORE84
A8: 74JU522300112 | B8: 10-1 | C8: 7682 | D8: DPMB_SOCKET0__IO0__UNCORE__UBOX__NCEVENTS__MCERRLOGGINGREG | E8: 0X3580A00035817 | F8: 11 | G8: 23 | H8: core_coregp.0.cpucore.151 | I8: 1 | J8: 11 | K8: 10 | L8: core_coregp.0.cpucore.138 | M8: 1 | N8: =INDEX(_xlfn.TEXTSPLIT(ubox[[#This Row],[FirstError - Location]],"."),1,1) -> core_coregp | O8: =_xlfn.XLOOKUP(ubox[[#This Row],[FirstError - IP]],Computes!$S$2:$S$22,Computes!$T$2:$T$22) -> CORE | P8: =INDEX(_xlfn.TEXTSPLIT(ubox[[#This Row],[FirstError - Location]],"."),1,3) -> cpucore | Q8: =_xlfn.XLOOKUP(ubox[[#This Row],[FirstError - Device]],Computes!$AB$2:$AB$22,Computes!$AC$2:$AC$22) -> CORE | R8: =_xlfn.XLOOKUP(ubox[[#This Row],[FirstError - Device]],Computes!$AB$1:$AB$22,Computes!$AD$1:$AD$22) -> 4 | S8: =INDEX(_xlfn.TEXTSPLIT(ubox[[#This Row],[FirstError - Location]],"."),1,4)-(ubox[[#This Row],[offset]]*(ubox[[#This Row],[FirstError - DIEID]]-9)) -> 143 | T8: =IF(OR(ubox[[#This Row],[FirstError - Device (Name)]]="CORE",ubox[[#This Row],[FirstError - Device (Name)]]="SCF"),ubox[[#This Row],[FirstError - IP (name)]],ubox[[#This Row],[FirstError - IP (name)]]&":"&ubox[[#This Row],[FirstError - Device (Name)]])&ubox[[#This Row],[FirstError - Physical Loc]] -> CORE143
A9: 74JU522300112 | B9: 10-1 | C9: 7682 | D9: DPMB_SOCKET1__IO0__UNCORE__UBOX__NCEVENTS__MCERRLOGGINGREG | E9: 0X3580E00035809 | F9: 11 | G9: 9 | H9: core_coregp.0.cpucore.137 | I9: 1 | J9: 11 | K9: 14 | L9: core_coregp.0.cpucore.142 | M9: 1 | N9: =INDEX(_xlfn.TEXTSPLIT(ubox[[#This Row],[FirstError - Location]],"."),1,1) -> core_coregp | O9: =_xlfn.XLOOKUP(ubox[[#This Row],[FirstError - IP]],Computes!$S$2:$S$22,Computes!$T$2:$T$22) -> CORE | P9: =INDEX(_xlfn.TEXTSPLIT(ubox[[#This Row],[FirstError - Location]],"."),1,3) -> cpucore | Q9: =_xlfn.XLOOKUP(ubox[[#This Row],[FirstError - Device]],Computes!$AB$2:$AB$22,Computes!$AC$2:$AC$22) -> CORE | R9: =_xlfn.XLOOKUP(ubox[[#This Row],[FirstError - Device]],Computes!$AB$1:$AB$22,Computes!$AD$1:$AD$22) -> 4 | S9: =INDEX(_xlfn.TEXTSPLIT(ubox[[#This Row],[FirstError - Location]],"."),1,4)-(ubox[[#This Row],[offset]]*(ubox[[#This Row],[FirstError - DIEID]]-9)) -> 129 | T9: =IF(OR(ubox[[#This Row],[FirstError - Device (Name)]]="CORE",ubox[[#This Row],[FirstError - Device (Name)]]="SCF"),ubox[[#This Row],[FirstError - IP (name)]],ubox[[#This Row],[FirstError - IP (name)]]&":"&ubox[[#This Row],[FirstError - Device (Name)]])&ubox[[#This Row],[FirstError - Physical Loc]] -> CORE129
A10: 74JU522300112 | B10: 5-1 | C10: 8748 | D10: DPMB_SOCKET0__IO0__UNCORE__UBOX__NCEVENTS__MCERRLOGGINGREG | E10: 0X3480200035817 | F10: 11 | G10: 23 | H10: core_coregp.0.cpucore.151 | I10: 1 | J10: 9 | K10: 2 | L10: core_coregp.0.cpucore.2 | M10: 1 | N10: =INDEX(_xlfn.TEXTSPLIT(ubox[[#This Row],[FirstError - Location]],"."),1,1) -> core_coregp | O10: =_xlfn.XLOOKUP(ubox[[#This Row],[FirstError - IP]],Computes!$S$2:$S$22,Computes!$T$2:$T$22) -> CORE | P10: =INDEX(_xlfn.TEXTSPLIT(ubox[[#This Row],[FirstError - Location]],"."),1,3) -> cpucore | Q10: =_xlfn.XLOOKUP(ubox[[#This Row],[FirstError - Device]],Computes!$AB$2:$AB$22,Computes!$AC$2:$AC$22) -> CORE | R10: =_xlfn.XLOOKUP(ubox[[#This Row],[FirstError - Device]],Computes!$AB$1:$AB$22,Computes!$AD$1:$AD$22) -> 4 | S10: =INDEX(_xlfn.TEXTSPLIT(ubox[[#This Row],[FirstError - Location]],"."),1,4)-(ubox[[#This Row],[offset]]*(ubox[[#This Row],[FirstError - DIEID]]-9)) -> 143 | T10: =IF(OR(ubox[[#This Row],[FirstError - Device (Name)]]="CORE",ubox[[#This Row],[FirstError - Device (Name)]]="SCF"),ubox[[#This Row],[FirstError - IP (name)]],ubox[[#This Row],[FirstError - IP (name)]]&":"&ubox[[#This Row],[FirstError - Device (Name)]])&ubox[[#This Row],[FirstError - Physical Loc]] -> CORE143
A11: 74JU522300112 | B11: 3-1 | C11: 8749 | D11: DPMB_SOCKET0__IO0__UNCORE__UBOX__NCEVENTS__MCERRLOGGINGREG | E11: 0X3481E00035817 | F11: 11 | G11: 23 | H11: core_coregp.0.cpucore.151 | I11: 1 | J11: 9 | K11: 30 | L11: core_coregp.0.cpucore.30 | M11: 1 | N11: =INDEX(_xlfn.TEXTSPLIT(ubox[[#This Row],[FirstError - Location]],"."),1,1) -> core_coregp | O11: =_xlfn.XLOOKUP(ubox[[#This Row],[FirstError - IP]],Computes!$S$2:$S$22,Computes!$T$2:$T$22) -> CORE | P11: =INDEX(_xlfn.TEXTSPLIT(ubox[[#This Row],[FirstError - Location]],"."),1,3) -> cpucore | Q11: =_xlfn.XLOOKUP(ubox[[#This Row],[FirstError - Device]],Computes!$AB$2:$AB$22,Computes!$AC$2:$AC$22) -> CORE | R11: =_xlfn.XLOOKUP(ubox[[#This Row],[FirstError - Device]],Computes!$AB$1:$AB$22,Computes!$AD$1:$AD$22) -> 4 | S11: =INDEX(_xlfn.TEXTSPLIT(ubox[[#This Row],[FirstError - Location]],"."),1,4)-(ubox[[#This Row],[offset]]*(ubox[[#This Row],[FirstError - DIEID]]-9)) -> 143 | T11: =IF(OR(ubox[[#This Row],[FirstError - Device (Name)]]="CORE",ubox[[#This Row],[FirstError - Device (Name)]]="SCF"),ubox[[#This Row],[FirstError - IP (name)]],ubox[[#This Row],[FirstError - IP (name)]]&":"&ubox[[#This Row],[FirstError - Device (Name)]])&ubox[[#This Row],[FirstError - Physical Loc]] -> CORE143
A12: 74JU522300112 | B12: 7-1 | C12: 7681 | D12: DPMB_SOCKET1__IO0__UNCORE__UBOX__NCEVENTS__IERRLOGGINGREG | E12: 0X156F100014EF1 | F12: 9 | G12: 1777 | H12: punit_ptpcioregs_0.0.eprpunit.0 | I12: 0 | J12: 10 | K12: 1777 | L12: punit_ptpcioregs_0.0.eprpunit.1 | M12: 0 | N12: =INDEX(_xlfn.TEXTSPLIT(ubox[[#This Row],[FirstError - Location]],"."),1,1) -> punit_ptpcioregs_0 | O12: =_xlfn.XLOOKUP(ubox[[#This Row],[FirstError - IP]],Computes!$S$2:$S$22,Computes!$T$2:$T$22) -> PUNIT | P12: =INDEX(_xlfn.TEXTSPLIT(ubox[[#This Row],[FirstError - Location]],"."),1,3) -> eprpunit | Q12: =_xlfn.XLOOKUP(ubox[[#This Row],[FirstError - Device]],Computes!$AB$2:$AB$22,Computes!$AC$2:$AC$22) -> EPRPUNIT | R12: =_xlfn.XLOOKUP(ubox[[#This Row],[FirstError - Device]],Computes!$AB$1:$AB$22,Computes!$AD$1:$AD$22) -> 0 | S12: =INDEX(_xlfn.TEXTSPLIT(ubox[[#This Row],[FirstError - Location]],"."),1,4)-(ubox[[#This Row],[offset]]*(ubox[[#This Row],[FirstError - DIEID]]-9)) -> 0 | T12: =IF(OR(ubox[[#This Row],[FirstError - Device (Name)]]="CORE",ubox[[#This Row],[FirstError - Device (Name)]]="SCF"),ubox[[#This Row],[FirstError - IP (name)]],ubox[[#This Row],[FirstError - IP (name)]]&":"&ubox[[#This Row],[FirstError - Device (Name)]])&ubox[[#This Row],[FirstError - Physical Loc]] -> PUNIT:EPRPUNIT0
A13: 74JU522300112 | B13: 9-1 | C13: 7681 | D13: DPMB_SOCKET0__IO0__UNCORE__UBOX__NCEVENTS__IERRLOGGINGREG | E13: 0X3480200035817 | F13: 11 | G13: 23 | H13: core_coregp.0.cpucore.151 | I13: 1 | J13: 9 | K13: 2 | L13: core_coregp.0.cpucore.2 | M13: 1 | N13: =INDEX(_xlfn.TEXTSPLIT(ubox[[#This Row],[FirstError - Location]],"."),1,1) -> core_coregp | O13: =_xlfn.XLOOKUP(ubox[[#This Row],[FirstError - IP]],Computes!$S$2:$S$22,Computes!$T$2:$T$22) -> CORE | P13: =INDEX(_xlfn.TEXTSPLIT(ubox[[#This Row],[FirstError - Location]],"."),1,3) -> cpucore | Q13: =_xlfn.XLOOKUP(ubox[[#This Row],[FirstError - Device]],Computes!$AB$2:$AB$22,Computes!$AC$2:$AC$22) -> CORE | R13: =_xlfn.XLOOKUP(ubox[[#This Row],[FirstError - Device]],Computes!$AB$1:$AB$22,Computes!$AD$1:$AD$22) -> 4 | S13: =INDEX(_xlfn.TEXTSPLIT(ubox[[#This Row],[FirstError - Location]],"."),1,4)-(ubox[[#This Row],[offset]]*(ubox[[#This Row],[FirstError - DIEID]]-9)) -> 143 | T13: =IF(OR(ubox[[#This Row],[FirstError - Device (Name)]]="CORE",ubox[[#This Row],[FirstError - Device (Name)]]="SCF"),ubox[[#This Row],[FirstError - IP (name)]],ubox[[#This Row],[FirstError - IP (name)]]&":"&ubox[[#This Row],[FirstError - Device (Name)]])&ubox[[#This Row],[FirstError - Physical Loc]] -> CORE143
... A24: 759Y5U8800863 | B24: 3-1 | C24: 8749 | D24: DPMB_SOCKET0__IO0__UNCORE__UBOX__NCEVENTS__MCERRLOGGINGREG | E24: 0X3480D0003480D | F24: 9 | G24: 13 | H24: core_coregp.0.cpucore.13 | I24: 1 | J24: 9 | K24: 13 | L24: core_coregp.0.cpucore.13 | M24: 1 | N24: =INDEX(_xlfn.TEXTSPLIT(ubox[[#This Row],[FirstError - Location]],"."),1,1) -> core_coregp | O24: =_xlfn.XLOOKUP(ubox[[#This Row],[FirstError - IP]],Computes!$S$2:$S$22,Computes!$T$2:$T$22) -> CORE | P24: =INDEX(_xlfn.TEXTSPLIT(ubox[[#This Row],[FirstError - Location]],"."),1,3) -> cpucore | Q24: =_xlfn.XLOOKUP(ubox[[#This Row],[FirstError - Device]],Computes!$AB$2:$AB$22,Computes!$AC$2:$AC$22) -> CORE | R24: =_xlfn.XLOOKUP(ubox[[#This Row],[FirstError - Device]],Computes!$AB$1:$AB$22,Computes!$AD$1:$AD$22) -> 4 | S24: =INDEX(_xlfn.TEXTSPLIT(ubox[[#This Row],[FirstError - Location]],"."),1,4)-(ubox[[#This Row],[offset]]*(ubox[[#This Row],[FirstError - DIEID]]-9)) -> 13 | T24: =IF(OR(ubox[[#This Row],[FirstError - Device (Name)]]="CORE",ubox[[#This Row],[FirstError - Device (Name)]]="SCF"),ubox[[#This Row],[FirstError - IP (name)]],ubox[[#This Row],[FirstError - IP (name)]]&":"&ubox[[#This Row],[FirstError - Device (Name)]])&ubox[[#This Row],[FirstError - Physical Loc]] -> CORE13
A25: 759Y5U8800863 | B25: 5-1 | C25: 8748 | D25: DPMB_SOCKET0__IO0__UNCORE__UBOX__NCEVENTS__MCERRLOGGINGREG | E25: 0X15D98 | F25: 11 | G25: 1432 | H25: scf_cha.0.cpuscf.142 | I25: 0 | N25: =INDEX(_xlfn.TEXTSPLIT(ubox[[#This Row],[FirstError - Location]],"."),1,1) -> scf_cha | O25: =_xlfn.XLOOKUP(ubox[[#This Row],[FirstError - IP]],Computes!$S$2:$S$22,Computes!$T$2:$T$22) -> CHA | P25: =INDEX(_xlfn.TEXTSPLIT(ubox[[#This Row],[FirstError - Location]],"."),1,3) -> cpuscf | Q25: =_xlfn.XLOOKUP(ubox[[#This Row],[FirstError - Device]],Computes!$AB$2:$AB$22,Computes!$AC$2:$AC$22) -> SCF | R25: =_xlfn.XLOOKUP(ubox[[#This Row],[FirstError - Device]],Computes!$AB$1:$AB$22,Computes!$AD$1:$AD$22) -> 4 | S25: =INDEX(_xlfn.TEXTSPLIT(ubox[[#This Row],[FirstError - Location]],"."),1,4)-(ubox[[#This Row],[offset]]*(ubox[[#This Row],[FirstError - DIEID]]-9)) -> 134 | T25: =IF(OR(ubox[[#This Row],[FirstError - Device (Name)]]="CORE",ubox[[#This Row],[FirstError - Device (Name)]]="SCF"),ubox[[#This Row],[FirstError - IP (name)]],ubox[[#This Row],[FirstError - IP (name)]]&":"&ubox[[#This Row],[FirstError - Device (Name)]])&ubox[[#This Row],[FirstError - Physical Loc]] -> CHA134
A26: 759Y5U8800863 | B26: 5-1 | C26: 8748 | D26: DPMB_SOCKET0__IO0__UNCORE__UBOX__NCEVENTS__MCERRLOGGINGREG | E26: 0X348250003480D | F26: 9 | G26: 13 | H26: core_coregp.0.cpucore.13 | I26: 1 | J26: 9 | K26: 37 | L26: core_coregp.0.cpucore.37 | M26: 1 | N26: =INDEX(_xlfn.TEXTSPLIT(ubox[[#This Row],[FirstError - Location]],"."),1,1) -> core_coregp | O26: =_xlfn.XLOOKUP(ubox[[#This Row],[FirstError - IP]],Computes!$S$2:$S$22,Computes!$T$2:$T$22) -> CORE | P26: =INDEX(_xlfn.TEXTSPLIT(ubox[[#This Row],[FirstError - Location]],"."),1,3) -> cpucore | Q26: =_xlfn.XLOOKUP(ubox[[#This Row],[FirstError - Device]],Computes!$AB$2:$AB$22,Computes!$AC$2:$AC$22) -> CORE | R26: =_xlfn.XLOOKUP(ubox[[#This Row],[FirstError - Device]],Computes!$AB$1:$AB$22,Computes!$AD$1:$AD$22) -> 4 | S26: =INDEX(_xlfn.TEXTSPLIT(ubox[[#This Row],[FirstError - Location]],"."),1,4)-(ubox[[#This Row],[offset]]*(ubox[[#This Row],[FirstError - DIEID]]-9)) -> 13 | T26: =IF(OR(ubox[[#This Row],[FirstError - Device (Name)]]="CORE",ubox[[#This Row],[FirstError - Device (Name)]]="SCF"),ubox[[#This Row],[FirstError - IP (name)]],ubox[[#This Row],[FirstError - IP (name)]]&":"&ubox[[#This Row],[FirstError - Device (Name)]])&ubox[[#This Row],[FirstError - Physical Loc]] -> CORE13
A27: 759Y5U8800863 | B27: 4-1 | C27: 8749 | D27: DPMB_SOCKET0__IO0__UNCORE__UBOX__NCEVENTS__IERRLOGGINGREG | E27: 0X348020003480D | F27: 9 | G27: 13 | H27: core_coregp.0.cpucore.13 | I27: 1 | J27: 9 | K27: 2 | L27: core_coregp.0.cpucore.2 | M27: 1 | N27: =INDEX(_xlfn.TEXTSPLIT(ubox[[#This Row],[FirstError - Location]],"."),1,1) -> core_coregp | O27: =_xlfn.XLOOKUP(ubox[[#This Row],[FirstError - IP]],Computes!$S$2:$S$22,Computes!$T$2:$T$22) -> CORE | P27: =INDEX(_xlfn.TEXTSPLIT(ubox[[#This Row],[FirstError - Location]],"."),1,3) -> cpucore | Q27: =_xlfn.XLOOKUP(ubox[[#This Row],[FirstError - Device]],Computes!$AB$2:$AB$22,Computes!$AC$2:$AC$22) -> CORE | R27: =_xlfn.XLOOKUP(ubox[[#This Row],[FirstError - Device]],Computes!$AB$1:$AB$22,Computes!$AD$1:$AD$22) -> 4 | S27: =INDEX(_xlfn.TEXTSPLIT(ubox[[#This Row],[FirstError - Location]],"."),1,4)-(ubox[[#This Row],[offset]]*(ubox[[#This Row],[FirstError - DIEID]]-9)) -> 13 | T27: =IF(OR(ubox[[#This Row],[FirstError - Device (Name)]]="CORE",ubox[[#This Row],[FirstError - Device (Name)]]="SCF"),ubox[[#This Row],[FirstError - IP (name)]],ubox[[#This Row],[FirstError - IP (name)]]&":"&ubox[[#This Row],[FirstError - Device (Name)]])&ubox[[#This Row],[FirstError - Physical Loc]] -> CORE13
A28: 759Y5U8800863 | B28: 3-1 | C28: 8749 | D28: DPMB_SOCKET0__IO0__UNCORE__UBOX__NCEVENTS__IERRLOGGINGREG | E28: 0X3480D0003480D | F28: 9 | G28: 13 | H28: core_coregp.0.cpucore.13 | I28: 1 | J28: 9 | K28: 13 | L28: core_coregp.0.cpucore.13 | M28: 1 | N28: =INDEX(_xlfn.TEXTSPLIT(ubox[[#This Row],[FirstError - Location]],"."),1,1) -> core_coregp | O28: =_xlfn.XLOOKUP(ubox[[#This Row],[FirstError - IP]],Computes!$S$2:$S$22,Computes!$T$2:$T$22) -> CORE | P28: =INDEX(_xlfn.TEXTSPLIT(ubox[[#This Row],[FirstError - Location]],"."),1,3) -> cpucore | Q28: =_xlfn.XLOOKUP(ubox[[#This Row],[FirstError - Device]],Computes!$AB$2:$AB$22,Computes!$AC$2:$AC$22) -> CORE | R28: =_xlfn.XLOOKUP(ubox[[#This Row],[FirstError - Device]],Computes!$AB$1:$AB$22,Computes!$AD$1:$AD$22) -> 4 | S28: =INDEX(_xlfn.TEXTSPLIT(ubox[[#This Row],[FirstError - Location]],"."),1,4)-(ubox[[#This Row],[offset]]*(ubox[[#This Row],[FirstError - DIEID]]-9)) -> 13 | T28: =IF(OR(ubox[[#This Row],[FirstError - Device (Name)]]="CORE",ubox[[#This Row],[FirstError - Device (Name)]]="SCF"),ubox[[#This Row],[FirstError - IP (name)]],ubox[[#This Row],[FirstError - IP (name)]]&":"&ubox[[#This Row],[FirstError - Device (Name)]])&ubox[[#This Row],[FirstError - Physical Loc]] -> CORE13
A29: 759Y5U8800863 | B29: 5-1 | C29: 8748 | D29: DPMB_SOCKET0__IO0__UNCORE__UBOX__NCEVENTS__IERRLOGGINGREG | E29: 0X348250003480D | F29: 9 | G29: 13 | H29: core_coregp.0.cpucore.13 | I29: 1 | J29: 9 | K29: 37 | L29: core_coregp.0.cpucore.37 | M29: 1 | N29: =INDEX(_xlfn.TEXTSPLIT(ubox[[#This Row],[FirstError - Location]],"."),1,1) -> core_coregp | O29: =_xlfn.XLOOKUP(ubox[[#This Row],[FirstError - IP]],Computes!$S$2:$S$22,Computes!$T$2:$T$22) -> CORE | P29: =INDEX(_xlfn.TEXTSPLIT(ubox[[#This Row],[FirstError - Location]],"."),1,3) -> cpucore | Q29: =_xlfn.XLOOKUP(ubox[[#This Row],[FirstError - Device]],Computes!$AB$2:$AB$22,Computes!$AC$2:$AC$22) -> CORE | R29: =_xlfn.XLOOKUP(ubox[[#This Row],[FirstError - Device]],Computes!$AB$1:$AB$22,Computes!$AD$1:$AD$22) -> 4 | S29: =INDEX(_xlfn.TEXTSPLIT(ubox[[#This Row],[FirstError - Location]],"."),1,4)-(ubox[[#This Row],[offset]]*(ubox[[#This Row],[FirstError - DIEID]]-9)) -> 13 | T29: =IF(OR(ubox[[#This Row],[FirstError - Device (Name)]]="CORE",ubox[[#This Row],[FirstError - Device (Name)]]="SCF"),ubox[[#This Row],[FirstError - IP (name)]],ubox[[#This Row],[FirstError - IP (name)]]&":"&ubox[[#This Row],[FirstError - Device (Name)]])&ubox[[#This Row],[FirstError - Physical Loc]] -> CORE13
A30: 74N24C5300241 | B30: 2-1 | C30: 7681 | D30: DPMB_SOCKET0__IO0__UNCORE__UBOX__NCEVENTS__MCERRLOGGINGREG | E30: 0X1251700012517 | F30: 4 | G30: 1303 | H30: upiagent:lnmacmisc.0.pc5_5u2.6 | I30: 0 | J30: 4 | K30: 1303 | L30: upiagent:lnmacmisc.0.pc5_5u2.6 | M30: 0 | N30: =INDEX(_xlfn.TEXTSPLIT(ubox[[#This Row],[FirstError - Location]],"."),1,1) -> upiagent:lnmacmisc | O30: =_xlfn.XLOOKUP(ubox[[#This Row],[FirstError - IP]],Computes!$S$2:$S$22,Computes!$T$2:$T$22) -> UPI | P30: =INDEX(_xlfn.TEXTSPLIT(ubox[[#This Row],[FirstError - Location]],"."),1,3) -> pc5_5u2 | Q30: =_xlfn.XLOOKUP(ubox[[#This Row],[FirstError - Device]],Computes!$AB$2:$AB$22,Computes!$AC$2:$AC$22) -> pcie | R30: =_xlfn.XLOOKUP(ubox[[#This Row],[FirstError - Device]],Computes!$AB$1:$AB$22,Computes!$AD$1:$AD$22) -> 0 | S30: =INDEX(_xlfn.TEXTSPLIT(ubox[[#This Row],[FirstError - Location]],"."),1,4)-(ubox[[#This Row],[offset]]*(ubox[[#This Row],[FirstError - DIEID]]-9)) -> 6 | T30: =IF(OR(ubox[[#This Row],[FirstError - Device (Name)]]="CORE",ubox[[#This Row],[FirstError - Device (Name)]]="SCF"),ubox[[#This Row],[FirstError - IP (name)]],ubox[[#This Row],[FirstError - IP (name)]]&":"&ubox[[#This Row],[FirstError - Device (Name)]])&ubox[[#This Row],[FirstError - Physical Loc]] -> UPI:pcie6
A31: 74N24C5300241 | B31: 2-1 | C31: 7681 | D31: DPMB_SOCKET1__IO0__UNCORE__UBOX__NCEVENTS__MCERRLOGGINGREG | E31: 0X1570000014EBA | F31: 9 | G31: 1722 | H31: scf_cha.0.cpuscf.43 | I31: 0 | J31: 10 | K31: 1792 | L31: scf_cha.0.cpuscf.114 | M31: 0 | N31: =INDEX(_xlfn.TEXTSPLIT(ubox[[#This Row],[FirstError - Location]],"."),1,1) -> scf_cha | O31: =_xlfn.XLOOKUP(ubox[[#This Row],[FirstError - IP]],Computes!$S$2:$S$22,Computes!$T$2:$T$22) -> CHA | P31: =INDEX(_xlfn.TEXTSPLIT(ubox[[#This Row],[FirstError - Location]],"."),1,3) -> cpuscf | Q31: =_xlfn.XLOOKUP(ubox[[#This Row],[FirstError - Device]],Computes!$AB$2:$AB$22,Computes!$AC$2:$AC$22) -> SCF | R31: =_xlfn.XLOOKUP(ubox[[#This Row],[FirstError - Device]],Computes!$AB$1:$AB$22,Computes!$AD$1:$AD$22) -> 4 | S31: =INDEX(_xlfn.TEXTSPLIT(ubox[[#This Row],[FirstError - Location]],"."),1,4)-(ubox[[#This Row],[offset]]*(ubox[[#This Row],[FirstError - DIEID]]-9)) -> 43 | T31: =IF(OR(ubox[[#This Row],[FirstError - Device (Name)]]="CORE",ubox[[#This Row],[FirstError - Device (Name)]]="SCF"),ubox[[#This Row],[FirstError - IP (name)]],ubox[[#This Row],[FirstError - IP (name)]]&":"&ubox[[#This Row],[FirstError - Device (Name)]])&ubox[[#This Row],[FirstError - Physical Loc]] -> CHA43
A32: 74N24C5300241 | B32: 3-1 | C32: 8749 | D32: DPMB_SOCKET0__IO0__UNCORE__UBOX__NCEVENTS__MCERRLOGGINGREG | E32: 0X34811 | F32: 9 | G32: 17 | H32: core_coregp.0.cpucore.17 | I32: 1 | N32: =INDEX(_xlfn.TEXTSPLIT(ubox[[#This Row],[FirstError - Location]],"."),1,1) -> core_coregp | O32: =_xlfn.XLOOKUP(ubox[[#This Row],[FirstError - IP]],Computes!$S$2:$S$22,Computes!$T$2:$T$22) -> CORE | P32: =INDEX(_xlfn.TEXTSPLIT(ubox[[#This Row],[FirstError - Location]],"."),1,3) -> cpucore | Q32: =_xlfn.XLOOKUP(ubox[[#This Row],[FirstError - Device]],Computes!$AB$2:$AB$22,Computes!$AC$2:$AC$22) -> CORE | R32: =_xlfn.XLOOKUP(ubox[[#This Row],[FirstError - Device]],Computes!$AB$1:$AB$22,Computes!$AD$1:$AD$22) -> 4 | S32: =INDEX(_xlfn.TEXTSPLIT(ubox[[#This Row],[FirstError - Location]],"."),1,4)-(ubox[[#This Row],[offset]]*(ubox[[#This Row],[FirstError - DIEID]]-9)) -> 17 | T32: =IF(OR(ubox[[#This Row],[FirstError - Device (Name)]]="CORE",ubox[[#This Row],[FirstError - Device (Name)]]="SCF"),ubox[[#This Row],[FirstError - IP (name)]],ubox[[#This Row],[FirstError - IP (name)]]&":"&ubox[[#This Row],[FirstError - Device (Name)]])&ubox[[#This Row],[FirstError - Physical Loc]] -> CORE17
A33: 74N24C5300241 | B33: 6-1 | C33: 7682 | D33: DPMB_SOCKET1__IO0__UNCORE__UBOX__NCEVENTS__MCERRLOGGINGREG | E33: 0X15566 | F33: 10 | G33: 1382 | H33: scf_cha.0.cpuscf.73 | I33: 0 | N33: =INDEX(_xlfn.TEXTSPLIT(ubox[[#This Row],[FirstError - Location]],"."),1,1) -> scf_cha | O33: =_xlfn.XLOOKUP(ubox[[#This Row],[FirstError - IP]],Computes!$S$2:$S$22,Computes!$T$2:$T$22) -> CHA | P33: =INDEX(_xlfn.TEXTSPLIT(ubox[[#This Row],[FirstError - Location]],"."),1,3) -> cpuscf | Q33: =_xlfn.XLOOKUP(ubox[[#This Row],[FirstError - Device]],Computes!$AB$2:$AB$22,Computes!$AC$2:$AC$22) -> SCF | R33: =_xlfn.XLOOKUP(ubox[[#This Row],[FirstError - Device]],Computes!$AB$1:$AB$22,Computes!$AD$1:$AD$22) -> 4 | S33: =INDEX(_xlfn.TEXTSPLIT(ubox[[#This Row],[FirstError - Location]],"."),1,4)-(ubox[[#This Row],[offset]]*(ubox[[#This Row],[FirstError - DIEID]]-9)) -> 69 | T33: =IF(OR(ubox[[#This Row],[FirstError - Device (Name)]]="CORE",ubox[[#This Row],[FirstError - Device (Name)]]="SCF"),ubox[[#This Row],[FirstError - IP (name)]],ubox[[#This Row],[FirstError - IP (name)]]&":"&ubox[[#This Row],[FirstError - Device (Name)]])&ubox[[#This Row],[FirstError - Physical Loc]] -> CHA69
A34: 74N24C5300241 | B34: 6-1 | C34: 7681 | D34: DPMB_SOCKET0__IO0__UNCORE__UBOX__NCEVENTS__MCERRLOGGINGREG | E34: 0X14D66 | F34: 9 | G34: 1382 | H34: scf_cha.0.cpuscf.9 | I34: 0 | N34: =INDEX(_xlfn.TEXTSPLIT(ubox[[#This Row],[FirstError - Location]],"."),1,1) -> scf_cha | O34: =_xlfn.XLOOKUP(ubox[[#This Row],[FirstError - IP]],Computes!$S$2:$S$22,Computes!$T$2:$T$22) -> CHA | P34: =INDEX(_xlfn.TEXTSPLIT(ubox[[#This Row],[FirstError - Location]],"."),1,3) -> cpuscf | Q34: =_xlfn.XLOOKUP(ubox[[#This Row],[FirstError - Device]],Computes!$AB$2:$AB$22,Computes!$AC$2:$AC$22) -> SCF | R34: =_xlfn.XLOOKUP(ubox[[#This Row],[FirstError - Device]],Computes!$AB$1:$AB$22,Computes!$AD$1:$AD$22) -> 4 | S34: =INDEX(_xlfn.TEXTSPLIT(ubox[[#This Row],[FirstError - Location]],"."),1,4)-(ubox[[#This Row],[offset]]*(ubox[[#This Row],[FirstError - DIEID]]-9)) -> 9 | T34: =IF(OR(ubox[[#This Row],[FirstError - Device (Name)]]="CORE",ubox[[#This Row],[FirstError - Device (Name)]]="SCF"),ubox[[#This Row],[FirstError - IP (name)]],ubox[[#This Row],[FirstError - IP (name)]]&":"&ubox[[#This Row],[FirstError - Device (Name)]])&ubox[[#This Row],[FirstError - Physical Loc]] -> CHA9
A35: 74N24C5300241 | B35: 6-1 | C35: 7681 | D35: DPMB_SOCKET1__IO0__UNCORE__UBOX__NCEVENTS__MCERRLOGGINGREG | E35: 0X14D66 | F35: 9 | G35: 1382 | H35: scf_cha.0.cpuscf.9 | I35: 0 | N35: =INDEX(_xlfn.TEXTSPLIT(ubox[[#This Row],[FirstError - Location]],"."),1,1) -> scf_cha | O35: =_xlfn.XLOOKUP(ubox[[#This Row],[FirstError - IP]],Computes!$S$2:$S$22,Computes!$T$2:$T$22) -> CHA | P35: =INDEX(_xlfn.TEXTSPLIT(ubox[[#This Row],[FirstError - Location]],"."),1,3) -> cpuscf | Q35: =_xlfn.XLOOKUP(ubox[[#This Row],[FirstError - Device]],Computes!$AB$2:$AB$22,Computes!$AC$2:$AC$22) -> SCF | R35: =_xlfn.XLOOKUP(ubox[[#This Row],[FirstError - Device]],Computes!$AB$1:$AB$22,Computes!$AD$1:$AD$22) -> 4 | S35: =INDEX(_xlfn.TEXTSPLIT(ubox[[#This Row],[FirstError - Location]],"."),1,4)-(ubox[[#This Row],[offset]]*(ubox[[#This Row],[FirstError - DIEID]]-9)) -> 9 | T35: =IF(OR(ubox[[#This Row],[FirstError - Device (Name)]]="CORE",ubox[[#This Row],[FirstError - Device (Name)]]="SCF"),ubox[[#This Row],[FirstError - IP (name)]],ubox[[#This Row],[FirstError - IP (name)]]&":"&ubox[[#This Row],[FirstError - Device (Name)]])&ubox[[#This Row],[FirstError - Physical Loc]] -> CHA9
A36: 74N24C5300241 | B36: 3-1 | C36: 8749 | D36: DPMB_SOCKET0__IO0__UNCORE__UBOX__NCEVENTS__MCERRLOGGINGREG | E36: 0X34811 | F36: 9 | G36: 17 | H36: core_coregp.0.cpucore.17 | I36: 1 | N36: =INDEX(_xlfn.TEXTSPLIT(ubox[[#This Row],[FirstError - Location]],"."),1,1) -> core_coregp | O36: =_xlfn.XLOOKUP(ubox[[#This Row],[FirstError - IP]],Computes!$S$2:$S$22,Computes!$T$2:$T$22) -> CORE | P36: =INDEX(_xlfn.TEXTSPLIT(ubox[[#This Row],[FirstError - Location]],"."),1,3) -> cpucore | Q36: =_xlfn.XLOOKUP(ubox[[#This Row],[FirstError - Device]],Computes!$AB$2:$AB$22,Computes!$AC$2:$AC$22) -> CORE | R36: =_xlfn.XLOOKUP(ubox[[#This Row],[FirstError - Device]],Computes!$AB$1:$AB$22,Computes!$AD$1:$AD$22) -> 4 | S36: =INDEX(_xlfn.TEXTSPLIT(ubox[[#This Row],[FirstError - Location]],"."),1,4)-(ubox[[#This Row],[offset]]*(ubox[[#This Row],[FirstError - DIEID]]-9)) -> 17 | T36: =IF(OR(ubox[[#This Row],[FirstError - Device (Name)]]="CORE",ubox[[#This Row],[FirstError - Device (Name)]]="SCF"),ubox[[#This Row],[FirstError - IP (name)]],ubox[[#This Row],[FirstError - IP (name)]]&":"&ubox[[#This Row],[FirstError - Device (Name)]])&ubox[[#This Row],[FirstError - Physical Loc]] -> CORE17
A37: 74N24C5300241 | B37: 7-1 | C37: 7682 | D37: DPMB_SOCKET1__IO0__UNCORE__UBOX__NCEVENTS__MCERRLOGGINGREG | E37: 0X15566 | F37: 10 | G37: 1382 | H37: scf_cha.0.cpuscf.73 | I37: 0 | N37: =INDEX(_xlfn.TEXTSPLIT(ubox[[#This Row],[FirstError - Location]],"."),1,1) -> scf_cha | O37: =_xlfn.XLOOKUP(ubox[[#This Row],[FirstError - IP]],Computes!$S$2:$S$22,Computes!$T$2:$T$22) -> CHA | P37: =INDEX(_xlfn.TEXTSPLIT(ubox[[#This Row],[FirstError - Location]],"."),1,3) -> cpuscf | Q37: =_xlfn.XLOOKUP(ubox[[#This Row],[FirstError - Device]],Computes!$AB$2:$AB$22,Computes!$AC$2:$AC$22) -> SCF | R37: =_xlfn.XLOOKUP(ubox[[#This Row],[FirstError - Device]],Computes!$AB$1:$AB$22,Computes!$AD$1:$AD$22) -> 4 | S37: =INDEX(_xlfn.TEXTSPLIT(ubox[[#This Row],[FirstError - Location]],"."),1,4)-(ubox[[#This Row],[offset]]*(ubox[[#This Row],[FirstError - DIEID]]-9)) -> 69 | T37: =IF(OR(ubox[[#This Row],[FirstError - Device (Name)]]="CORE",ubox[[#This Row],[FirstError - Device (Name)]]="SCF"),ubox[[#This Row],[FirstError - IP (name)]],ubox[[#This Row],[FirstError - IP (name)]]&":"&ubox[[#This Row],[FirstError - Device (Name)]])&ubox[[#This Row],[FirstError - Physical Loc]] -> CHA69
A38: 74N24C5300241 | B38: 2-1 | C38: 7681 | D38: DPMB_SOCKET0__IO0__UNCORE__UBOX__NCEVENTS__IERRLOGGINGREG | E38: 0X350160003482D | F38: 9 | G38: 45 | H38: core_coregp.0.cpucore.45 | I38: 1 | J38: 10 | K38: 22 | L38: core_coregp.0.cpucore.86 | M38: 1 | N38: =INDEX(_xlfn.TEXTSPLIT(ubox[[#This Row],[FirstError - Location]],"."),1,1) -> core_coregp | O38: =_xlfn.XLOOKUP(ubox[[#This Row],[FirstError - IP]],Computes!$S$2:$S$22,Computes!$T$2:$T$22) -> CORE | P38: =INDEX(_xlfn.TEXTSPLIT(ubox[[#This Row],[FirstError - Location]],"."),1,3) -> cpucore | Q38: =_xlfn.XLOOKUP(ubox[[#This Row],[FirstError - Device]],Computes!$AB$2:$AB$22,Computes!$AC$2:$AC$22) -> CORE | R38: =_xlfn.XLOOKUP(ubox[[#This Row],[FirstError - Device]],Computes!$AB$1:$AB$22,Computes!$AD$1:$AD$22) -> 4 | S38: =INDEX(_xlfn.TEXTSPLIT(ubox[[#This Row],[FirstError - Location]],"."),1,4)-(ubox[[#This Row],[offset]]*(ubox[[#This Row],[FirstError - DIEID]]-9)) -> 45 | T38: =IF(OR(ubox[[#This Row],[FirstError - Device (Name)]]="CORE",ubox[[#This Row],[FirstError - Device (Name)]]="SCF"),ubox[[#This Row],[FirstError - IP (name)]],ubox[[#This Row],[FirstError - IP (name)]]&":"&ubox[[#This Row],[FirstError - Device (Name)]])&ubox[[#This Row],[FirstError - Physical Loc]] -> CORE45
A39: 74N24C5300241 | B39: 2-1 | C39: 7681 | D39: DPMB_SOCKET1__IO0__UNCORE__UBOX__NCEVENTS__IERRLOGGINGREG | E39: 0X3503100035830 | F39: 11 | G39: 48 | H39: core_coregp.0.cpucore.176 | I39: 1 | J39: 10 | K39: 49 | L39: core_coregp.0.cpucore.113 | M39: 1 | N39: =INDEX(_xlfn.TEXTSPLIT(ubox[[#This Row],[FirstError - Location]],"."),1,1) -> core_coregp | O39: =_xlfn.XLOOKUP(ubox[[#This Row],[FirstError - IP]],Computes!$S$2:$S$22,Computes!$T$2:$T$22) -> CORE | P39: =INDEX(_xlfn.TEXTSPLIT(ubox[[#This Row],[FirstError - Location]],"."),1,3) -> cpucore | Q39: =_xlfn.XLOOKUP(ubox[[#This Row],[FirstError - Device]],Computes!$AB$2:$AB$22,Computes!$AC$2:$AC$22) -> CORE | R39: =_xlfn.XLOOKUP(ubox[[#This Row],[FirstError - Device]],Computes!$AB$1:$AB$22,Computes!$AD$1:$AD$22) -> 4 | S39: =INDEX(_xlfn.TEXTSPLIT(ubox[[#This Row],[FirstError - Location]],"."),1,4)-(ubox[[#This Row],[offset]]*(ubox[[#This Row],[FirstError - DIEID]]-9)) -> 168 | T39: =IF(OR(ubox[[#This Row],[FirstError - Device (Name)]]="CORE",ubox[[#This Row],[FirstError - Device (Name)]]="SCF"),ubox[[#This Row],[FirstError - IP (name)]],ubox[[#This Row],[FirstError - IP (name)]]&":"&ubox[[#This Row],[FirstError - Device (Name)]])&ubox[[#This Row],[FirstError - Physical Loc]] -> CORE168
A40: 75W67Q6100508 | B40: 4-1 | C40: 8749 | D40: DPMB_SOCKET0__IO0__UNCORE__UBOX__NCEVENTS__MCERRLOGGINGREG | E40: 0X3583000035830 | F40: 11 | G40: 48 | H40: core_coregp.0.cpucore.176 | I40: 1 | J40: 11 | K40: 48 | L40: core_coregp.0.cpucore.176 | M40: 1 | N40: =INDEX(_xlfn.TEXTSPLIT(ubox[[#This Row],[FirstError - Location]],"."),1,1) -> core_coregp | O40: =_xlfn.XLOOKUP(ubox[[#This Row],[FirstError - IP]],Computes!$S$2:$S$22,Computes!$T$2:$T$22) -> CORE | P40: =INDEX(_xlfn.TEXTSPLIT(ubox[[#This Row],[FirstError - Location]],"."),1,3) -> cpucore | Q40: =_xlfn.XLOOKUP(ubox[[#This Row],[FirstError - Device]],Computes!$AB$2:$AB$22,Computes!$AC$2:$AC$22) -> CORE | R40: =_xlfn.XLOOKUP(ubox[[#This Row],[FirstError - Device]],Computes!$AB$1:$AB$22,Computes!$AD$1:$AD$22) -> 4 | S40: =INDEX(_xlfn.TEXTSPLIT(ubox[[#This Row],[FirstError - Location]],"."),1,4)-(ubox[[#This Row],[offset]]*(ubox[[#This Row],[FirstError - DIEID]]-9)) -> 168 | T40: =IF(OR(ubox[[#This Row],[FirstError - Device (Name)]]="CORE",ubox[[#This Row],[FirstError - Device (Name)]]="SCF"),ubox[[#This Row],[FirstError - IP (name)]],ubox[[#This Row],[FirstError - IP (name)]]&":"&ubox[[#This Row],[FirstError - Device (Name)]])&ubox[[#This Row],[FirstError - Physical Loc]] -> CORE168
A41: 75W67Q6100508 | B41: 4-1 | C41: 8749 | D41: DPMB_SOCKET0__IO0__UNCORE__UBOX__NCEVENTS__MCERRLOGGINGREG | E41: 0X3583000035830 | F41: 11 | G41: 48 | H41: core_coregp.0.cpucore.176 | I41: 1 | J41: 11 | K41: 48 | L41: core_coregp.0.cpucore.176 | M41: 1 | N41: =INDEX(_xlfn.TEXTSPLIT(ubox[[#This Row],[FirstError - Location]],"."),1,1) -> core_coregp | O41: =_xlfn.XLOOKUP(ubox[[#This Row],[FirstError - IP]],Computes!$S$2:$S$22,Computes!$T$2:$T$22) -> CORE | P41: =INDEX(_xlfn.TEXTSPLIT(ubox[[#This Row],[FirstError - Location]],"."),1,3) -> cpucore | Q41: =_xlfn.XLOOKUP(ubox[[#This Row],[FirstError - Device]],Computes!$AB$2:$AB$22,Computes!$AC$2:$AC$22) -> CORE | R41: =_xlfn.XLOOKUP(ubox[[#This Row],[FirstError - Device]],Computes!$AB$1:$AB$22,Computes!$AD$1:$AD$22) -> 4 | S41: =INDEX(_xlfn.TEXTSPLIT(ubox[[#This Row],[FirstError - Location]],"."),1,4)-(ubox[[#This Row],[offset]]*(ubox[[#This Row],[FirstError - DIEID]]-9)) -> 168 | T41: =IF(OR(ubox[[#This Row],[FirstError - Device (Name)]]="CORE",ubox[[#This Row],[FirstError - Device (Name)]]="SCF"),ubox[[#This Row],[FirstError - IP (name)]],ubox[[#This Row],[FirstError - IP (name)]]&":"&ubox[[#This Row],[FirstError - Device (Name)]])&ubox[[#This Row],[FirstError - Physical Loc]] -> CORE168
A42: 75W67Q6100508 | B42: 5-1 | C42: 8748 | D42: DPMB_SOCKET0__IO0__UNCORE__UBOX__NCEVENTS__MCERRLOGGINGREG | E42: 0X14F00000155F2 | F42: 10 | G42: 1522 | H42: scf_cha.0.cpuscf.87 | I42: 0 | J42: 9 | K42: 1792 | L42: scf_cha.0.cpuscf.50 | M42: 0 | N42: =INDEX(_xlfn.TEXTSPLIT(ubox[[#This Row],[FirstError - Location]],"."),1,1) -> scf_cha | O42: =_xlfn.XLOOKUP(ubox[[#This Row],[FirstError - IP]],Computes!$S$2:$S$22,Computes!$T$2:$T$22) -> CHA | P42: =INDEX(_xlfn.TEXTSPLIT(ubox[[#This Row],[FirstError - Location]],"."),1,3) -> cpuscf | Q42: =_xlfn.XLOOKUP(ubox[[#This Row],[FirstError - Device]],Computes!$AB$2:$AB$22,Computes!$AC$2:$AC$22) -> SCF | R42: =_xlfn.XLOOKUP(ubox[[#This Row],[FirstError - Device]],Computes!$AB$1:$AB$22,Computes!$AD$1:$AD$22) -> 4 | S42: =INDEX(_xlfn.TEXTSPLIT(ubox[[#This Row],[FirstError - Location]],"."),1,4)-(ubox[[#This Row],[offset]]*(ubox[[#This Row],[FirstError - DIEID]]-9)) -> 83 | T42: =IF(OR(ubox[[#This Row],[FirstError - Device (Name)]]="CORE",ubox[[#This Row],[FirstError - Device (Name)]]="SCF"),ubox[[#This Row],[FirstError - IP (name)]],ubox[[#This Row],[FirstError - IP (name)]]&":"&ubox[[#This Row],[FirstError - Device (Name)]])&ubox[[#This Row],[FirstError - Physical Loc]] -> CHA83
A43: 75W67Q6100508 | B43: 3-1 | C43: 8749 | D43: DPMB_SOCKET0__IO0__UNCORE__UBOX__NCEVENTS__MCERRLOGGINGREG | E43: 0X3583000035830 | F43: 11 | G43: 48 | H43: core_coregp.0.cpucore.176 | I43: 1 | J43: 11 | K43: 48 | L43: core_coregp.0.cpucore.176 | M43: 1 | N43: =INDEX(_xlfn.TEXTSPLIT(ubox[[#This Row],[FirstError - Location]],"."),1,1) -> core_coregp | O43: =_xlfn.XLOOKUP(ubox[[#This Row],[FirstError - IP]],Computes!$S$2:$S$22,Computes!$T$2:$T$22) -> CORE | P43: =INDEX(_xlfn.TEXTSPLIT(ubox[[#This Row],[FirstError - Location]],"."),1,3) -> cpucore | Q43: =_xlfn.XLOOKUP(ubox[[#This Row],[FirstError - Device]],Computes!$AB$2:$AB$22,Computes!$AC$2:$AC$22) -> CORE | R43: =_xlfn.XLOOKUP(ubox[[#This Row],[FirstError - Device]],Computes!$AB$1:$AB$22,Computes!$AD$1:$AD$22) -> 4 | S43: =INDEX(_xlfn.TEXTSPLIT(ubox[[#This Row],[FirstError - Location]],"."),1,4)-(ubox[[#This Row],[offset]]*(ubox[[#This Row],[FirstError - DIEID]]-9)) -> 168 | T43: =IF(OR(ubox[[#This Row],[FirstError - Device (Name)]]="CORE",ubox[[#This Row],[FirstError - Device (Name)]]="SCF"),ubox[[#This Row],[FirstError - IP (name)]],ubox[[#This Row],[FirstError - IP (name)]]&":"&ubox[[#This Row],[FirstError - Device (Name)]])&ubox[[#This Row],[FirstError - Physical Loc]] -> CORE168
A44: 75W67Q6100508 | B44: 4-1 | C44: 8749 | D44: DPMB_SOCKET0__IO0__UNCORE__UBOX__NCEVENTS__IERRLOGGINGREG | E44: 0X3583000035830 | F44: 11 | G44: 48 | H44: core_coregp.0.cpucore.176 | I44: 1 | J44: 11 | K44: 48 | L44: core_coregp.0.cpucore.176 | M44: 1 | N44: =INDEX(_xlfn.TEXTSPLIT(ubox[[#This Row],[FirstError - Location]],"."),1,1) -> core_coregp | O44: =_xlfn.XLOOKUP(ubox[[#This Row],[FirstError - IP]],Computes!$S$2:$S$22,Computes!$T$2:$T$22) -> CORE | P44: =INDEX(_xlfn.TEXTSPLIT(ubox[[#This Row],[FirstError - Location]],"."),1,3) -> cpucore | Q44: =_xlfn.XLOOKUP(ubox[[#This Row],[FirstError - Device]],Computes!$AB$2:$AB$22,Computes!$AC$2:$AC$22) -> CORE | R44: =_xlfn.XLOOKUP(ubox[[#This Row],[FirstError - Device]],Computes!$AB$1:$AB$22,Computes!$AD$1:$AD$22) -> 4 | S44: =INDEX(_xlfn.TEXTSPLIT(ubox[[#This Row],[FirstError - Location]],"."),1,4)-(ubox[[#This Row],[offset]]*(ubox[[#This Row],[FirstError - DIEID]]-9)) -> 168 | T44: =IF(OR(ubox[[#This Row],[FirstError - Device (Name)]]="CORE",ubox[[#This Row],[FirstError - Device (Name)]]="SCF"),ubox[[#This Row],[FirstError - IP (name)]],ubox[[#This Row],[FirstError - IP (name)]]&":"&ubox[[#This Row],[FirstError - Device (Name)]])&ubox[[#This Row],[FirstError - Physical Loc]] -> CORE168
A45: 75W67Q6100508 | B45: 4-1 | C45: 8749 | D45: DPMB_SOCKET0__IO0__UNCORE__UBOX__NCEVENTS__IERRLOGGINGREG | E45: 0X3583000035830 | F45: 11 | G45: 48 | H45: core_coregp.0.cpucore.176 | I45: 1 | J45: 11 | K45: 48 | L45: core_coregp.0.cpucore.176 | M45: 1 | N45: =INDEX(_xlfn.TEXTSPLIT(ubox[[#This Row],[FirstError - Location]],"."),1,1) -> core_coregp | O45: =_xlfn.XLOOKUP(ubox[[#This Row],[FirstError - IP]],Computes!$S$2:$S$22,Computes!$T$2:$T$22) -> CORE | P45: =INDEX(_xlfn.TEXTSPLIT(ubox[[#This Row],[FirstError - Location]],"."),1,3) -> cpucore | Q45: =_xlfn.XLOOKUP(ubox[[#This Row],[FirstError - Device]],Computes!$AB$2:$AB$22,Computes!$AC$2:$AC$22) -> CORE | R45: =_xlfn.XLOOKUP(ubox[[#This Row],[FirstError - Device]],Computes!$AB$1:$AB$22,Computes!$AD$1:$AD$22) -> 4 | S45: =INDEX(_xlfn.TEXTSPLIT(ubox[[#This Row],[FirstError - Location]],"."),1,4)-(ubox[[#This Row],[offset]]*(ubox[[#This Row],[FirstError - DIEID]]-9)) -> 168 | T45: =IF(OR(ubox[[#This Row],[FirstError - Device (Name)]]="CORE",ubox[[#This Row],[FirstError - Device (Name)]]="SCF"),ubox[[#This Row],[FirstError - IP (name)]],ubox[[#This Row],[FirstError - IP (name)]]&":"&ubox[[#This Row],[FirstError - Device (Name)]])&ubox[[#This Row],[FirstError - Physical Loc]] -> CORE168
A46: 75W67Q6100508 | B46: 5-1 | C46: 8748 | D46: DPMB_SOCKET0__IO0__UNCORE__UBOX__NCEVENTS__IERRLOGGINGREG | E46: 0X3583000035830 | F46: 11 | G46: 48 | H46: core_coregp.0.cpucore.176 | I46: 1 | J46: 11 | K46: 48 | L46: core_coregp.0.cpucore.176 | M46: 1 | N46: =INDEX(_xlfn.TEXTSPLIT(ubox[[#This Row],[FirstError - Location]],"."),1,1) -> core_coregp | O46: =_xlfn.XLOOKUP(ubox[[#This Row],[FirstError - IP]],Computes!$S$2:$S$22,Computes!$T$2:$T$22) -> CORE | P46: =INDEX(_xlfn.TEXTSPLIT(ubox[[#This Row],[FirstError - Location]],"."),1,3) -> cpucore | Q46: =_xlfn.XLOOKUP(ubox[[#This Row],[FirstError - Device]],Computes!$AB$2:$AB$22,Computes!$AC$2:$AC$22) -> CORE | R46: =_xlfn.XLOOKUP(ubox[[#This Row],[FirstError - Device]],Computes!$AB$1:$AB$22,Computes!$AD$1:$AD$22) -> 4 | S46: =INDEX(_xlfn.TEXTSPLIT(ubox[[#This Row],[FirstError - Location]],"."),1,4)-(ubox[[#This Row],[offset]]*(ubox[[#This Row],[FirstError - DIEID]]-9)) -> 168 | T46: =IF(OR(ubox[[#This Row],[FirstError - Device (Name)]]="CORE",ubox[[#This Row],[FirstError - Device (Name)]]="SCF"),ubox[[#This Row],[FirstError - IP (name)]],ubox[[#This Row],[FirstError - IP (name)]]&":"&ubox[[#This Row],[FirstError - Device (Name)]])&ubox[[#This Row],[FirstError - Physical Loc]] -> CORE168
A47: 75W67Q6100508 | B47: 3-1 | C47: 8749 | D47: DPMB_SOCKET0__IO0__UNCORE__UBOX__NCEVENTS__IERRLOGGINGREG | E47: 0X3583000035830 | F47: 11 | G47: 48 | H47: core_coregp.0.cpucore.176 | I47: 1 | J47: 11 | K47: 48 | L47: core_coregp.0.cpucore.176 | M47: 1 | N47: =INDEX(_xlfn.TEXTSPLIT(ubox[[#This Row],[FirstError - Location]],"."),1,1) -> core_coregp | O47: =_xlfn.XLOOKUP(ubox[[#This Row],[FirstError - IP]],Computes!$S$2:$S$22,Computes!$T$2:$T$22) -> CORE | P47: =INDEX(_xlfn.TEXTSPLIT(ubox[[#This Row],[FirstError - Location]],"."),1,3) -> cpucore | Q47: =_xlfn.XLOOKUP(ubox[[#This Row],[FirstError - Device]],Computes!$AB$2:$AB$22,Computes!$AC$2:$AC$22) -> CORE | R47: =_xlfn.XLOOKUP(ubox[[#This Row],[FirstError - Device]],Computes!$AB$1:$AB$22,Computes!$AD$1:$AD$22) -> 4 | S47: =INDEX(_xlfn.TEXTSPLIT(ubox[[#This Row],[FirstError - Location]],"."),1,4)-(ubox[[#This Row],[offset]]*(ubox[[#This Row],[FirstError - DIEID]]-9)) -> 168 | T47: =IF(OR(ubox[[#This Row],[FirstError - Device (Name)]]="CORE",ubox[[#This Row],[FirstError - Device (Name)]]="SCF"),ubox[[#This Row],[FirstError - IP (name)]],ubox[[#This Row],[FirstError - IP (name)]]&":"&ubox[[#This Row],[FirstError - Device (Name)]])&ubox[[#This Row],[FirstError - Physical Loc]] -> CORE168
A48: 74JU522300112 | B48: 9-1 | C48: 7681 | D48: DPMB_SOCKET0__IO0__UNCORE__UBOX__NCEVENTS__MCERRLOGGINGREG | E48: 0X3480200035817 | F48: 11 | G48: 23 | H48: core_coregp.0.cpucore.151 | I48: 1 | J48: 9 | K48: 2 | L48: core_coregp.0.cpucore.2 | M48: 1 | N48: =INDEX(_xlfn.TEXTSPLIT(ubox[[#This Row],[FirstError - Location]],"."),1,1) -> core_coregp | O48: =_xlfn.XLOOKUP(ubox[[#This Row],[FirstError - IP]],Computes!$S$2:$S$22,Computes!$T$2:$T$22) -> CORE | P48: =INDEX(_xlfn.TEXTSPLIT(ubox[[#This Row],[FirstError - Location]],"."),1,3) -> cpucore | Q48: =_xlfn.XLOOKUP(ubox[[#This Row],[FirstError - Device]],Computes!$AB$2:$AB$22,Computes!$AC$2:$AC$22) -> CORE | R48: =_xlfn.XLOOKUP(ubox[[#This Row],[FirstError - Device]],Computes!$AB$1:$AB$22,Computes!$AD$1:$AD$22) -> 4 | S48: =INDEX(_xlfn.TEXTSPLIT(ubox[[#This Row],[FirstError - Location]],"."),1,4)-(ubox[[#This Row],[offset]]*(ubox[[#This Row],[FirstError - DIEID]]-9)) -> 143 | T48: =IF(OR(ubox[[#This Row],[FirstError - Device (Name)]]="CORE",ubox[[#This Row],[FirstError - Device (Name)]]="SCF"),ubox[[#This Row],[FirstError - IP (name)]],ubox[[#This Row],[FirstError - IP (name)]]&":"&ubox[[#This Row],[FirstError - Device (Name)]])&ubox[[#This Row],[FirstError - Physical Loc]] -> CORE143
A49: 74JU522300112 | B49: 9-1 | C49: 7681 | D49: DPMB_SOCKET1__IO0__UNCORE__UBOX__NCEVENTS__MCERRLOGGINGREG | E49: 0X3582500034816 | F49: 9 | G49: 22 | H49: core_coregp.0.cpucore.22 | I49: 1 | J49: 11 | K49: 37 | L49: core_coregp.0.cpucore.165 | M49: 1 | N49: =INDEX(_xlfn.TEXTSPLIT(ubox[[#This Row],[FirstError - Location]],"."),1,1) -> core_coregp | O49: =_xlfn.XLOOKUP(ubox[[#This Row],[FirstError - IP]],Computes!$S$2:$S$22,Computes!$T$2:$T$22) -> CORE | P49: =INDEX(_xlfn.TEXTSPLIT(ubox[[#This Row],[FirstError - Location]],"."),1,3) -> cpucore | Q49: =_xlfn.XLOOKUP(ubox[[#This Row],[FirstError - Device]],Computes!$AB$2:$AB$22,Computes!$AC$2:$AC$22) -> CORE | R49: =_xlfn.XLOOKUP(ubox[[#This Row],[FirstError - Device]],Computes!$AB$1:$AB$22,Computes!$AD$1:$AD$22) -> 4 | S49: =INDEX(_xlfn.TEXTSPLIT(ubox[[#This Row],[FirstError - Location]],"."),1,4)-(ubox[[#This Row],[offset]]*(ubox[[#This Row],[FirstError - DIEID]]-9)) -> 22 | T49: =IF(OR(ubox[[#This Row],[FirstError - Device (Name)]]="CORE",ubox[[#This Row],[FirstError - Device (Name)]]="SCF"),ubox[[#This Row],[FirstError - IP (name)]],ubox[[#This Row],[FirstError - IP (name)]]&":"&ubox[[#This Row],[FirstError - Device (Name)]])&ubox[[#This Row],[FirstError - Physical Loc]] -> CORE22
... A68: 74JU522300112 | B68: 3-1 | C68: 8749 | D68: DPMB_SOCKET0__IO0__UNCORE__UBOX__NCEVENTS__IERRLOGGINGREG | E68: 0X3481E00035817 | F68: 11 | G68: 23 | H68: core_coregp.0.cpucore.151 | I68: 1 | J68: 9 | K68: 30 | L68: core_coregp.0.cpucore.30 | M68: 1 | N68: =INDEX(_xlfn.TEXTSPLIT(ubox[[#This Row],[FirstError - Location]],"."),1,1) -> core_coregp | O68: =_xlfn.XLOOKUP(ubox[[#This Row],[FirstError - IP]],Computes!$S$2:$S$22,Computes!$T$2:$T$22) -> CORE | P68: =INDEX(_xlfn.TEXTSPLIT(ubox[[#This Row],[FirstError - Location]],"."),1,3) -> cpucore | Q68: =_xlfn.XLOOKUP(ubox[[#This Row],[FirstError - Device]],Computes!$AB$2:$AB$22,Computes!$AC$2:$AC$22) -> CORE | R68: =_xlfn.XLOOKUP(ubox[[#This Row],[FirstError - Device]],Computes!$AB$1:$AB$22,Computes!$AD$1:$AD$22) -> 4 | S68: =INDEX(_xlfn.TEXTSPLIT(ubox[[#This Row],[FirstError - Location]],"."),1,4)-(ubox[[#This Row],[offset]]*(ubox[[#This Row],[FirstError - DIEID]]-9)) -> 143 | T68: =IF(OR(ubox[[#This Row],[FirstError - Device (Name)]]="CORE",ubox[[#This Row],[FirstError - Device (Name)]]="SCF"),ubox[[#This Row],[FirstError - IP (name)]],ubox[[#This Row],[FirstError - IP (name)]]&":"&ubox[[#This Row],[FirstError - Device (Name)]])&ubox[[#This Row],[FirstError - Physical Loc]] -> CORE143
A69: 75DE357100108 | B69: 2-1 | C69: 7681 | D69: DPMB_SOCKET0__IO0__UNCORE__UBOX__NCEVENTS__MCERRLOGGINGREG | E69: 0X14DE8 | F69: 9 | G69: 1512 | H69: scf_cha.0.cpuscf.22 | I69: 0 | N69: =INDEX(_xlfn.TEXTSPLIT(ubox[[#This Row],[FirstError - Location]],"."),1,1) -> scf_cha | O69: =_xlfn.XLOOKUP(ubox[[#This Row],[FirstError - IP]],Computes!$S$2:$S$22,Computes!$T$2:$T$22) -> CHA | P69: =INDEX(_xlfn.TEXTSPLIT(ubox[[#This Row],[FirstError - Location]],"."),1,3) -> cpuscf | Q69: =_xlfn.XLOOKUP(ubox[[#This Row],[FirstError - Device]],Computes!$AB$2:$AB$22,Computes!$AC$2:$AC$22) -> SCF | R69: =_xlfn.XLOOKUP(ubox[[#This Row],[FirstError - Device]],Computes!$AB$1:$AB$22,Computes!$AD$1:$AD$22) -> 4 | S69: =INDEX(_xlfn.TEXTSPLIT(ubox[[#This Row],[FirstError - Location]],"."),1,4)-(ubox[[#This Row],[offset]]*(ubox[[#This Row],[FirstError - DIEID]]-9)) -> 22 | T69: =IF(OR(ubox[[#This Row],[FirstError - Device (Name)]]="CORE",ubox[[#This Row],[FirstError - Device (Name)]]="SCF"),ubox[[#This Row],[FirstError - IP (name)]],ubox[[#This Row],[FirstError - IP (name)]]&":"&ubox[[#This Row],[FirstError - Device (Name)]])&ubox[[#This Row],[FirstError - Physical Loc]] -> CHA22
A70: 75DE357100108 | B70: 2-1 | C70: 7681 | D70: DPMB_SOCKET1__IO0__UNCORE__UBOX__NCEVENTS__MCERRLOGGINGREG | E70: 0X14DA2 | F70: 9 | G70: 1442 | H70: scf_cha.0.cpuscf.15 | I70: 0 | N70: =INDEX(_xlfn.TEXTSPLIT(ubox[[#This Row],[FirstError - Location]],"."),1,1) -> scf_cha | O70: =_xlfn.XLOOKUP(ubox[[#This Row],[FirstError - IP]],Computes!$S$2:$S$22,Computes!$T$2:$T$22) -> CHA | P70: =INDEX(_xlfn.TEXTSPLIT(ubox[[#This Row],[FirstError - Location]],"."),1,3) -> cpuscf | Q70: =_xlfn.XLOOKUP(ubox[[#This Row],[FirstError - Device]],Computes!$AB$2:$AB$22,Computes!$AC$2:$AC$22) -> SCF | R70: =_xlfn.XLOOKUP(ubox[[#This Row],[FirstError - Device]],Computes!$AB$1:$AB$22,Computes!$AD$1:$AD$22) -> 4 | S70: =INDEX(_xlfn.TEXTSPLIT(ubox[[#This Row],[FirstError - Location]],"."),1,4)-(ubox[[#This Row],[offset]]*(ubox[[#This Row],[FirstError - DIEID]]-9)) -> 15 | T70: =IF(OR(ubox[[#This Row],[FirstError - Device (Name)]]="CORE",ubox[[#This Row],[FirstError - Device (Name)]]="SCF"),ubox[[#This Row],[FirstError - IP (name)]],ubox[[#This Row],[FirstError - IP (name)]]&":"&ubox[[#This Row],[FirstError - Device (Name)]])&ubox[[#This Row],[FirstError - Physical Loc]] -> CHA15
A71: 75DE357100108 | B71: 4-1 | C71: 7681 | D71: DPMB_SOCKET0__IO0__UNCORE__UBOX__NCEVENTS__MCERRLOGGINGREG | E71: 0X1261700012617 | F71: 4 | G71: 1559 | H71: upiagent:lnmacmisc.0.pc5_5u2.7 | I71: 0 | J71: 4 | K71: 1559 | L71: upiagent:lnmacmisc.0.pc5_5u2.7 | M71: 0 | N71: =INDEX(_xlfn.TEXTSPLIT(ubox[[#This Row],[FirstError - Location]],"."),1,1) -> upiagent:lnmacmisc | O71: =_xlfn.XLOOKUP(ubox[[#This Row],[FirstError - IP]],Computes!$S$2:$S$22,Computes!$T$2:$T$22) -> UPI | P71: =INDEX(_xlfn.TEXTSPLIT(ubox[[#This Row],[FirstError - Location]],"."),1,3) -> pc5_5u2 | Q71: =_xlfn.XLOOKUP(ubox[[#This Row],[FirstError - Device]],Computes!$AB$2:$AB$22,Computes!$AC$2:$AC$22) -> pcie | R71: =_xlfn.XLOOKUP(ubox[[#This Row],[FirstError - Device]],Computes!$AB$1:$AB$22,Computes!$AD$1:$AD$22) -> 0 | S71: =INDEX(_xlfn.TEXTSPLIT(ubox[[#This Row],[FirstError - Location]],"."),1,4)-(ubox[[#This Row],[offset]]*(ubox[[#This Row],[FirstError - DIEID]]-9)) -> 7 | T71: =IF(OR(ubox[[#This Row],[FirstError - Device (Name)]]="CORE",ubox[[#This Row],[FirstError - Device (Name)]]="SCF"),ubox[[#This Row],[FirstError - IP (name)]],ubox[[#This Row],[FirstError - IP (name)]]&":"&ubox[[#This Row],[FirstError - Device (Name)]])&ubox[[#This Row],[FirstError - Physical Loc]] -> UPI:pcie7
A72: 75DE357100108 | B72: 4-1 | C72: 7681 | D72: DPMB_SOCKET1__IO0__UNCORE__UBOX__NCEVENTS__MCERRLOGGINGREG | E72: 0X15E2E00015660 | F72: 10 | G72: 1632 | H72: scf_cha.0.cpuscf.98 | I72: 0 | J72: 11 | K72: 1582 | L72: scf_cha.0.cpuscf.157 | M72: 0 | N72: =INDEX(_xlfn.TEXTSPLIT(ubox[[#This Row],[FirstError - Location]],"."),1,1) -> scf_cha | O72: =_xlfn.XLOOKUP(ubox[[#This Row],[FirstError - IP]],Computes!$S$2:$S$22,Computes!$T$2:$T$22) -> CHA | P72: =INDEX(_xlfn.TEXTSPLIT(ubox[[#This Row],[FirstError - Location]],"."),1,3) -> cpuscf | Q72: =_xlfn.XLOOKUP(ubox[[#This Row],[FirstError - Device]],Computes!$AB$2:$AB$22,Computes!$AC$2:$AC$22) -> SCF | R72: =_xlfn.XLOOKUP(ubox[[#This Row],[FirstError - Device]],Computes!$AB$1:$AB$22,Computes!$AD$1:$AD$22) -> 4 | S72: =INDEX(_xlfn.TEXTSPLIT(ubox[[#This Row],[FirstError - Location]],"."),1,4)-(ubox[[#This Row],[offset]]*(ubox[[#This Row],[FirstError - DIEID]]-9)) -> 94 | T72: =IF(OR(ubox[[#This Row],[FirstError - Device (Name)]]="CORE",ubox[[#This Row],[FirstError - Device (Name)]]="SCF"),ubox[[#This Row],[FirstError - IP (name)]],ubox[[#This Row],[FirstError - IP (name)]]&":"&ubox[[#This Row],[FirstError - Device (Name)]])&ubox[[#This Row],[FirstError - Physical Loc]] -> CHA94
A73: 75DE357100108 | B73: 5-1 | C73: 7682 | D73: DPMB_SOCKET0__IO0__UNCORE__UBOX__NCEVENTS__MCERRLOGGINGREG | E73: 0X155AC00012117 | F73: 4 | G73: 279 | H73: upiagent:lnmacmisc.0.pc5_5u2.4 | I73: 0 | J73: 10 | K73: 1452 | L73: scf_cha.0.cpuscf.80 | M73: 0 | N73: =INDEX(_xlfn.TEXTSPLIT(ubox[[#This Row],[FirstError - Location]],"."),1,1) -> upiagent:lnmacmisc | O73: =_xlfn.XLOOKUP(ubox[[#This Row],[FirstError - IP]],Computes!$S$2:$S$22,Computes!$T$2:$T$22) -> UPI | P73: =INDEX(_xlfn.TEXTSPLIT(ubox[[#This Row],[FirstError - Location]],"."),1,3) -> pc5_5u2 | Q73: =_xlfn.XLOOKUP(ubox[[#This Row],[FirstError - Device]],Computes!$AB$2:$AB$22,Computes!$AC$2:$AC$22) -> pcie | R73: =_xlfn.XLOOKUP(ubox[[#This Row],[FirstError - Device]],Computes!$AB$1:$AB$22,Computes!$AD$1:$AD$22) -> 0 | S73: =INDEX(_xlfn.TEXTSPLIT(ubox[[#This Row],[FirstError - Location]],"."),1,4)-(ubox[[#This Row],[offset]]*(ubox[[#This Row],[FirstError - DIEID]]-9)) -> 4 | T73: =IF(OR(ubox[[#This Row],[FirstError - Device (Name)]]="CORE",ubox[[#This Row],[FirstError - Device (Name)]]="SCF"),ubox[[#This Row],[FirstError - IP (name)]],ubox[[#This Row],[FirstError - IP (name)]]&":"&ubox[[#This Row],[FirstError - Device (Name)]])&ubox[[#This Row],[FirstError - Physical Loc]] -> UPI:pcie4
A74: 75DE357100108 | B74: 5-1 | C74: 7682 | D74: DPMB_SOCKET1__IO0__UNCORE__UBOX__NCEVENTS__MCERRLOGGINGREG | E74: 0X15D5C00015D70 | F74: 11 | G74: 1392 | H74: scf_cha.0.cpuscf.138 | I74: 0 | J74: 11 | K74: 1372 | L74: scf_cha.0.cpuscf.136 | M74: 0 | N74: =INDEX(_xlfn.TEXTSPLIT(ubox[[#This Row],[FirstError - Location]],"."),1,1) -> scf_cha | O74: =_xlfn.XLOOKUP(ubox[[#This Row],[FirstError - IP]],Computes!$S$2:$S$22,Computes!$T$2:$T$22) -> CHA | P74: =INDEX(_xlfn.TEXTSPLIT(ubox[[#This Row],[FirstError - Location]],"."),1,3) -> cpuscf | Q74: =_xlfn.XLOOKUP(ubox[[#This Row],[FirstError - Device]],Computes!$AB$2:$AB$22,Computes!$AC$2:$AC$22) -> SCF | R74: =_xlfn.XLOOKUP(ubox[[#This Row],[FirstError - Device]],Computes!$AB$1:$AB$22,Computes!$AD$1:$AD$22) -> 4 | S74: =INDEX(_xlfn.TEXTSPLIT(ubox[[#This Row],[FirstError - Location]],"."),1,4)-(ubox[[#This Row],[offset]]*(ubox[[#This Row],[FirstError - DIEID]]-9)) -> 130 | T74: =IF(OR(ubox[[#This Row],[FirstError - Device (Name)]]="CORE",ubox[[#This Row],[FirstError - Device (Name)]]="SCF"),ubox[[#This Row],[FirstError - IP (name)]],ubox[[#This Row],[FirstError - IP (name)]]&":"&ubox[[#This Row],[FirstError - Device (Name)]])&ubox[[#This Row],[FirstError - Physical Loc]] -> CHA130
A75: 75DE357100108 | B75: 5-1 | C75: 7682 | D75: DPMB_SOCKET0__IO0__UNCORE__UBOX__NCEVENTS__MCERRLOGGINGREG | E75: 0X1261700012617 | F75: 4 | G75: 1559 | H75: upiagent:lnmacmisc.0.pc5_5u2.7 | I75: 0 | J75: 4 | K75: 1559 | L75: upiagent:lnmacmisc.0.pc5_5u2.7 | M75: 0 | N75: =INDEX(_xlfn.TEXTSPLIT(ubox[[#This Row],[FirstError - Location]],"."),1,1) -> upiagent:lnmacmisc | O75: =_xlfn.XLOOKUP(ubox[[#This Row],[FirstError - IP]],Computes!$S$2:$S$22,Computes!$T$2:$T$22) -> UPI | P75: =INDEX(_xlfn.TEXTSPLIT(ubox[[#This Row],[FirstError - Location]],"."),1,3) -> pc5_5u2 | Q75: =_xlfn.XLOOKUP(ubox[[#This Row],[FirstError - Device]],Computes!$AB$2:$AB$22,Computes!$AC$2:$AC$22) -> pcie | R75: =_xlfn.XLOOKUP(ubox[[#This Row],[FirstError - Device]],Computes!$AB$1:$AB$22,Computes!$AD$1:$AD$22) -> 0 | S75: =INDEX(_xlfn.TEXTSPLIT(ubox[[#This Row],[FirstError - Location]],"."),1,4)-(ubox[[#This Row],[offset]]*(ubox[[#This Row],[FirstError - DIEID]]-9)) -> 7 | T75: =IF(OR(ubox[[#This Row],[FirstError - Device (Name)]]="CORE",ubox[[#This Row],[FirstError - Device (Name)]]="SCF"),ubox[[#This Row],[FirstError - IP (name)]],ubox[[#This Row],[FirstError - IP (name)]]&":"&ubox[[#This Row],[FirstError - Device (Name)]])&ubox[[#This Row],[FirstError - Physical Loc]] -> UPI:pcie7
A76: 75DE357100108 | B76: 5-1 | C76: 7682 | D76: DPMB_SOCKET1__IO0__UNCORE__UBOX__NCEVENTS__MCERRLOGGINGREG | E76: 0X15D200001573C | F76: 10 | G76: 1852 | H76: scf_cha.0.cpuscf.120 | I76: 0 | J76: 11 | K76: 1312 | L76: scf_cha.0.cpuscf.130 | M76: 0 | N76: =INDEX(_xlfn.TEXTSPLIT(ubox[[#This Row],[FirstError - Location]],"."),1,1) -> scf_cha | O76: =_xlfn.XLOOKUP(ubox[[#This Row],[FirstError - IP]],Computes!$S$2:$S$22,Computes!$T$2:$T$22) -> CHA | P76: =INDEX(_xlfn.TEXTSPLIT(ubox[[#This Row],[FirstError - Location]],"."),1,3) -> cpuscf | Q76: =_xlfn.XLOOKUP(ubox[[#This Row],[FirstError - Device]],Computes!$AB$2:$AB$22,Computes!$AC$2:$AC$22) -> SCF | R76: =_xlfn.XLOOKUP(ubox[[#This Row],[FirstError - Device]],Computes!$AB$1:$AB$22,Computes!$AD$1:$AD$22) -> 4 | S76: =INDEX(_xlfn.TEXTSPLIT(ubox[[#This Row],[FirstError - Location]],"."),1,4)-(ubox[[#This Row],[offset]]*(ubox[[#This Row],[FirstError - DIEID]]-9)) -> 116 | T76: =IF(OR(ubox[[#This Row],[FirstError - Device (Name)]]="CORE",ubox[[#This Row],[FirstError - Device (Name)]]="SCF"),ubox[[#This Row],[FirstError - IP (name)]],ubox[[#This Row],[FirstError - IP (name)]]&":"&ubox[[#This Row],[FirstError - Device (Name)]])&ubox[[#This Row],[FirstError - Physical Loc]] -> CHA116
A77: 75DE357100108 | B77: 4-1 | C77: 7681 | D77: DPMB_SOCKET0__IO0__UNCORE__UBOX__NCEVENTS__IERRLOGGINGREG | E77: 0X348160003503A | F77: 10 | G77: 58 | H77: core_coregp.0.cpucore.122 | I77: 1 | J77: 9 | K77: 22 | L77: core_coregp.0.cpucore.22 | M77: 1 | N77: =INDEX(_xlfn.TEXTSPLIT(ubox[[#This Row],[FirstError - Location]],"."),1,1) -> core_coregp | O77: =_xlfn.XLOOKUP(ubox[[#This Row],[FirstError - IP]],Computes!$S$2:$S$22,Computes!$T$2:$T$22) -> CORE | P77: =INDEX(_xlfn.TEXTSPLIT(ubox[[#This Row],[FirstError - Location]],"."),1,3) -> cpucore | Q77: =_xlfn.XLOOKUP(ubox[[#This Row],[FirstError - Device]],Computes!$AB$2:$AB$22,Computes!$AC$2:$AC$22) -> CORE | R77: =_xlfn.XLOOKUP(ubox[[#This Row],[FirstError - Device]],Computes!$AB$1:$AB$22,Computes!$AD$1:$AD$22) -> 4 | S77: =INDEX(_xlfn.TEXTSPLIT(ubox[[#This Row],[FirstError - Location]],"."),1,4)-(ubox[[#This Row],[offset]]*(ubox[[#This Row],[FirstError - DIEID]]-9)) -> 118 | T77: =IF(OR(ubox[[#This Row],[FirstError - Device (Name)]]="CORE",ubox[[#This Row],[FirstError - Device (Name)]]="SCF"),ubox[[#This Row],[FirstError - IP (name)]],ubox[[#This Row],[FirstError - IP (name)]]&":"&ubox[[#This Row],[FirstError - Device (Name)]])&ubox[[#This Row],[FirstError - Physical Loc]] -> CORE118
A78: 75DE357100108 | B78: 4-1 | C78: 7681 | D78: DPMB_SOCKET1__IO0__UNCORE__UBOX__NCEVENTS__IERRLOGGINGREG | E78: 0X3582500035032 | F78: 10 | G78: 50 | H78: core_coregp.0.cpucore.114 | I78: 1 | J78: 11 | K78: 37 | L78: core_coregp.0.cpucore.165 | M78: 1 | N78: =INDEX(_xlfn.TEXTSPLIT(ubox[[#This Row],[FirstError - Location]],"."),1,1) -> core_coregp | O78: =_xlfn.XLOOKUP(ubox[[#This Row],[FirstError - IP]],Computes!$S$2:$S$22,Computes!$T$2:$T$22) -> CORE | P78: =INDEX(_xlfn.TEXTSPLIT(ubox[[#This Row],[FirstError - Location]],"."),1,3) -> cpucore | Q78: =_xlfn.XLOOKUP(ubox[[#This Row],[FirstError - Device]],Computes!$AB$2:$AB$22,Computes!$AC$2:$AC$22) -> CORE | R78: =_xlfn.XLOOKUP(ubox[[#This Row],[FirstError - Device]],Computes!$AB$1:$AB$22,Computes!$AD$1:$AD$22) -> 4 | S78: =INDEX(_xlfn.TEXTSPLIT(ubox[[#This Row],[FirstError - Location]],"."),1,4)-(ubox[[#This Row],[offset]]*(ubox[[#This Row],[FirstError - DIEID]]-9)) -> 110 | T78: =IF(OR(ubox[[#This Row],[FirstError - Device (Name)]]="CORE",ubox[[#This Row],[FirstError - Device (Name)]]="SCF"),ubox[[#This Row],[FirstError - IP (name)]],ubox[[#This Row],[FirstError - IP (name)]]&":"&ubox[[#This Row],[FirstError - Device (Name)]])&ubox[[#This Row],[FirstError - Physical Loc]] -> CORE110
A79: 75DE357100108 | B79: 5-1 | C79: 7682 | D79: DPMB_SOCKET0__IO0__UNCORE__UBOX__NCEVENTS__IERRLOGGINGREG | E79: 0X3481000034814 | F79: 9 | G79: 20 | H79: core_coregp.0.cpucore.20 | I79: 1 | J79: 9 | K79: 16 | L79: core_coregp.0.cpucore.16 | M79: 1 | N79: =INDEX(_xlfn.TEXTSPLIT(ubox[[#This Row],[FirstError - Location]],"."),1,1) -> core_coregp | O79: =_xlfn.XLOOKUP(ubox[[#This Row],[FirstError - IP]],Computes!$S$2:$S$22,Computes!$T$2:$T$22) -> CORE | P79: =INDEX(_xlfn.TEXTSPLIT(ubox[[#This Row],[FirstError - Location]],"."),1,3) -> cpucore | Q79: =_xlfn.XLOOKUP(ubox[[#This Row],[FirstError - Device]],Computes!$AB$2:$AB$22,Computes!$AC$2:$AC$22) -> CORE | R79: =_xlfn.XLOOKUP(ubox[[#This Row],[FirstError - Device]],Computes!$AB$1:$AB$22,Computes!$AD$1:$AD$22) -> 4 | S79: =INDEX(_xlfn.TEXTSPLIT(ubox[[#This Row],[FirstError - Location]],"."),1,4)-(ubox[[#This Row],[offset]]*(ubox[[#This Row],[FirstError - DIEID]]-9)) -> 20 | T79: =IF(OR(ubox[[#This Row],[FirstError - Device (Name)]]="CORE",ubox[[#This Row],[FirstError - Device (Name)]]="SCF"),ubox[[#This Row],[FirstError - IP (name)]],ubox[[#This Row],[FirstError - IP (name)]]&":"&ubox[[#This Row],[FirstError - Device (Name)]])&ubox[[#This Row],[FirstError - Physical Loc]] -> CORE20
A80: 75DE357100108 | B80: 5-1 | C80: 7682 | D80: DPMB_SOCKET1__IO0__UNCORE__UBOX__NCEVENTS__IERRLOGGINGREG | E80: 0X358300003482C | F80: 9 | G80: 44 | H80: core_coregp.0.cpucore.44 | I80: 1 | J80: 11 | K80: 48 | L80: core_coregp.0.cpucore.176 | M80: 1 | N80: =INDEX(_xlfn.TEXTSPLIT(ubox[[#This Row],[FirstError - Location]],"."),1,1) -> core_coregp | O80: =_xlfn.XLOOKUP(ubox[[#This Row],[FirstError - IP]],Computes!$S$2:$S$22,Computes!$T$2:$T$22) -> CORE | P80: =INDEX(_xlfn.TEXTSPLIT(ubox[[#This Row],[FirstError - Location]],"."),1,3) -> cpucore | Q80: =_xlfn.XLOOKUP(ubox[[#This Row],[FirstError - Device]],Computes!$AB$2:$AB$22,Computes!$AC$2:$AC$22) -> CORE | R80: =_xlfn.XLOOKUP(ubox[[#This Row],[FirstError - Device]],Computes!$AB$1:$AB$22,Computes!$AD$1:$AD$22) -> 4 | S80: =INDEX(_xlfn.TEXTSPLIT(ubox[[#This Row],[FirstError - Location]],"."),1,4)-(ubox[[#This Row],[offset]]*(ubox[[#This Row],[FirstError - DIEID]]-9)) -> 44 | T80: =IF(OR(ubox[[#This Row],[FirstError - Device (Name)]]="CORE",ubox[[#This Row],[FirstError - Device (Name)]]="SCF"),ubox[[#This Row],[FirstError - IP (name)]],ubox[[#This Row],[FirstError - IP (name)]]&":"&ubox[[#This Row],[FirstError - Device (Name)]])&ubox[[#This Row],[FirstError - Physical Loc]] -> CORE44
A81: 75DE357100108 | B81: 5-1 | C81: 7682 | D81: DPMB_SOCKET0__IO0__UNCORE__UBOX__NCEVENTS__IERRLOGGINGREG | E81: 0X3503900035025 | F81: 10 | G81: 37 | H81: core_coregp.0.cpucore.101 | I81: 1 | J81: 10 | K81: 57 | L81: core_coregp.0.cpucore.121 | M81: 1 | N81: =INDEX(_xlfn.TEXTSPLIT(ubox[[#This Row],[FirstError - Location]],"."),1,1) -> core_coregp | O81: =_xlfn.XLOOKUP(ubox[[#This Row],[FirstError - IP]],Computes!$S$2:$S$22,Computes!$T$2:$T$22) -> CORE | P81: =INDEX(_xlfn.TEXTSPLIT(ubox[[#This Row],[FirstError - Location]],"."),1,3) -> cpucore | Q81: =_xlfn.XLOOKUP(ubox[[#This Row],[FirstError - Device]],Computes!$AB$2:$AB$22,Computes!$AC$2:$AC$22) -> CORE | R81: =_xlfn.XLOOKUP(ubox[[#This Row],[FirstError - Device]],Computes!$AB$1:$AB$22,Computes!$AD$1:$AD$22) -> 4 | S81: =INDEX(_xlfn.TEXTSPLIT(ubox[[#This Row],[FirstError - Location]],"."),1,4)-(ubox[[#This Row],[offset]]*(ubox[[#This Row],[FirstError - DIEID]]-9)) -> 97 | T81: =IF(OR(ubox[[#This Row],[FirstError - Device (Name)]]="CORE",ubox[[#This Row],[FirstError - Device (Name)]]="SCF"),ubox[[#This Row],[FirstError - IP (name)]],ubox[[#This Row],[FirstError - IP (name)]]&":"&ubox[[#This Row],[FirstError - Device (Name)]])&ubox[[#This Row],[FirstError - Physical Loc]] -> CORE97
A82: 75DE357100108 | B82: 5-1 | C82: 7682 | D82: DPMB_SOCKET1__IO0__UNCORE__UBOX__NCEVENTS__IERRLOGGINGREG | E82: 0X3501800035039 | F82: 10 | G82: 57 | H82: core_coregp.0.cpucore.121 | I82: 1 | J82: 10 | K82: 24 | L82: core_coregp.0.cpucore.88 | M82: 1 | N82: =INDEX(_xlfn.TEXTSPLIT(ubox[[#This Row],[FirstError - Location]],"."),1,1) -> core_coregp | O82: =_xlfn.XLOOKUP(ubox[[#This Row],[FirstError - IP]],Computes!$S$2:$S$22,Computes!$T$2:$T$22) -> CORE | P82: =INDEX(_xlfn.TEXTSPLIT(ubox[[#This Row],[FirstError - Location]],"."),1,3) -> cpucore | Q82: =_xlfn.XLOOKUP(ubox[[#This Row],[FirstError - Device]],Computes!$AB$2:$AB$22,Computes!$AC$2:$AC$22) -> CORE | R82: =_xlfn.XLOOKUP(ubox[[#This Row],[FirstError - Device]],Computes!$AB$1:$AB$22,Computes!$AD$1:$AD$22) -> 4 | S82: =INDEX(_xlfn.TEXTSPLIT(ubox[[#This Row],[FirstError - Location]],"."),1,4)-(ubox[[#This Row],[offset]]*(ubox[[#This Row],[FirstError - DIEID]]-9)) -> 117 | T82: =IF(OR(ubox[[#This Row],[FirstError - Device (Name)]]="CORE",ubox[[#This Row],[FirstError - Device (Name)]]="SCF"),ubox[[#This Row],[FirstError - IP (name)]],ubox[[#This Row],[FirstError - IP (name)]]&":"&ubox[[#This Row],[FirstError - Device (Name)]])&ubox[[#This Row],[FirstError - Physical Loc]] -> CORE117
... A84: 759Y5U8800863 | B84: 3-1 | C84: 8749 | D84: DPMB_SOCKET0__IO0__UNCORE__UBOX__NCEVENTS__MCERRLOGGINGREG | E84: 0X3480D0003480D | F84: 9 | G84: 13 | H84: core_coregp.0.cpucore.13 | I84: 1 | J84: 9 | K84: 13 | L84: core_coregp.0.cpucore.13 | M84: 1 | N84: =INDEX(_xlfn.TEXTSPLIT(ubox[[#This Row],[FirstError - Location]],"."),1,1) -> core_coregp | O84: =_xlfn.XLOOKUP(ubox[[#This Row],[FirstError - IP]],Computes!$S$2:$S$22,Computes!$T$2:$T$22) -> CORE | P84: =INDEX(_xlfn.TEXTSPLIT(ubox[[#This Row],[FirstError - Location]],"."),1,3) -> cpucore | Q84: =_xlfn.XLOOKUP(ubox[[#This Row],[FirstError - Device]],Computes!$AB$2:$AB$22,Computes!$AC$2:$AC$22) -> CORE | R84: =_xlfn.XLOOKUP(ubox[[#This Row],[FirstError - Device]],Computes!$AB$1:$AB$22,Computes!$AD$1:$AD$22) -> 4 | S84: =INDEX(_xlfn.TEXTSPLIT(ubox[[#This Row],[FirstError - Location]],"."),1,4)-(ubox[[#This Row],[offset]]*(ubox[[#This Row],[FirstError - DIEID]]-9)) -> 13 | T84: =IF(OR(ubox[[#This Row],[FirstError - Device (Name)]]="CORE",ubox[[#This Row],[FirstError - Device (Name)]]="SCF"),ubox[[#This Row],[FirstError - IP (name)]],ubox[[#This Row],[FirstError - IP (name)]]&":"&ubox[[#This Row],[FirstError - Device (Name)]])&ubox[[#This Row],[FirstError - Physical Loc]] -> CORE13
A85: 759Y5U8800863 | B85: 5-1 | C85: 8748 | D85: DPMB_SOCKET0__IO0__UNCORE__UBOX__NCEVENTS__MCERRLOGGINGREG | E85: 0X15D98 | F85: 11 | G85: 1432 | H85: scf_cha.0.cpuscf.142 | I85: 0 | N85: =INDEX(_xlfn.TEXTSPLIT(ubox[[#This Row],[FirstError - Location]],"."),1,1) -> scf_cha | O85: =_xlfn.XLOOKUP(ubox[[#This Row],[FirstError - IP]],Computes!$S$2:$S$22,Computes!$T$2:$T$22) -> CHA | P85: =INDEX(_xlfn.TEXTSPLIT(ubox[[#This Row],[FirstError - Location]],"."),1,3) -> cpuscf | Q85: =_xlfn.XLOOKUP(ubox[[#This Row],[FirstError - Device]],Computes!$AB$2:$AB$22,Computes!$AC$2:$AC$22) -> SCF | R85: =_xlfn.XLOOKUP(ubox[[#This Row],[FirstError - Device]],Computes!$AB$1:$AB$22,Computes!$AD$1:$AD$22) -> 4 | S85: =INDEX(_xlfn.TEXTSPLIT(ubox[[#This Row],[FirstError - Location]],"."),1,4)-(ubox[[#This Row],[offset]]*(ubox[[#This Row],[FirstError - DIEID]]-9)) -> 134 | T85: =IF(OR(ubox[[#This Row],[FirstError - Device (Name)]]="CORE",ubox[[#This Row],[FirstError - Device (Name)]]="SCF"),ubox[[#This Row],[FirstError - IP (name)]],ubox[[#This Row],[FirstError - IP (name)]]&":"&ubox[[#This Row],[FirstError - Device (Name)]])&ubox[[#This Row],[FirstError - Physical Loc]] -> CHA134
A86: 759Y5U8800863 | B86: 5-1 | C86: 8748 | D86: DPMB_SOCKET0__IO0__UNCORE__UBOX__NCEVENTS__MCERRLOGGINGREG | E86: 0X348250003480D | F86: 9 | G86: 13 | H86: core_coregp.0.cpucore.13 | I86: 1 | J86: 9 | K86: 37 | L86: core_coregp.0.cpucore.37 | M86: 1 | N86: =INDEX(_xlfn.TEXTSPLIT(ubox[[#This Row],[FirstError - Location]],"."),1,1) -> core_coregp | O86: =_xlfn.XLOOKUP(ubox[[#This Row],[FirstError - IP]],Computes!$S$2:$S$22,Computes!$T$2:$T$22) -> CORE | P86: =INDEX(_xlfn.TEXTSPLIT(ubox[[#This Row],[FirstError - Location]],"."),1,3) -> cpucore | Q86: =_xlfn.XLOOKUP(ubox[[#This Row],[FirstError - Device]],Computes!$AB$2:$AB$22,Computes!$AC$2:$AC$22) -> CORE | R86: =_xlfn.XLOOKUP(ubox[[#This Row],[FirstError - Device]],Computes!$AB$1:$AB$22,Computes!$AD$1:$AD$22) -> 4 | S86: =INDEX(_xlfn.TEXTSPLIT(ubox[[#This Row],[FirstError - Location]],"."),1,4)-(ubox[[#This Row],[offset]]*(ubox[[#This Row],[FirstError - DIEID]]-9)) -> 13 | T86: =IF(OR(ubox[[#This Row],[FirstError - Device (Name)]]="CORE",ubox[[#This Row],[FirstError - Device (Name)]]="SCF"),ubox[[#This Row],[FirstError - IP (name)]],ubox[[#This Row],[FirstError - IP (name)]]&":"&ubox[[#This Row],[FirstError - Device (Name)]])&ubox[[#This Row],[FirstError - Physical Loc]] -> CORE13
A87: 759Y5U8800863 | B87: 4-1 | C87: 8749 | D87: DPMB_SOCKET0__IO0__UNCORE__UBOX__NCEVENTS__IERRLOGGINGREG | E87: 0X348020003480D | F87: 9 | G87: 13 | H87: core_coregp.0.cpucore.13 | I87: 1 | J87: 9 | K87: 2 | L87: core_coregp.0.cpucore.2 | M87: 1 | N87: =INDEX(_xlfn.TEXTSPLIT(ubox[[#This Row],[FirstError - Location]],"."),1,1) -> core_coregp | O87: =_xlfn.XLOOKUP(ubox[[#This Row],[FirstError - IP]],Computes!$S$2:$S$22,Computes!$T$2:$T$22) -> CORE | P87: =INDEX(_xlfn.TEXTSPLIT(ubox[[#This Row],[FirstError - Location]],"."),1,3) -> cpucore | Q87: =_xlfn.XLOOKUP(ubox[[#This Row],[FirstError - Device]],Computes!$AB$2:$AB$22,Computes!$AC$2:$AC$22) -> CORE | R87: =_xlfn.XLOOKUP(ubox[[#This Row],[FirstError - Device]],Computes!$AB$1:$AB$22,Computes!$AD$1:$AD$22) -> 4 | S87: =INDEX(_xlfn.TEXTSPLIT(ubox[[#This Row],[FirstError - Location]],"."),1,4)-(ubox[[#This Row],[offset]]*(ubox[[#This Row],[FirstError - DIEID]]-9)) -> 13 | T87: =IF(OR(ubox[[#This Row],[FirstError - Device (Name)]]="CORE",ubox[[#This Row],[FirstError - Device (Name)]]="SCF"),ubox[[#This Row],[FirstError - IP (name)]],ubox[[#This Row],[FirstError - IP (name)]]&":"&ubox[[#This Row],[FirstError - Device (Name)]])&ubox[[#This Row],[FirstError - Physical Loc]] -> CORE13
A88: 759Y5U8800863 | B88: 3-1 | C88: 8749 | D88: DPMB_SOCKET0__IO0__UNCORE__UBOX__NCEVENTS__IERRLOGGINGREG | E88: 0X3480D0003480D | F88: 9 | G88: 13 | H88: core_coregp.0.cpucore.13 | I88: 1 | J88: 9 | K88: 13 | L88: core_coregp.0.cpucore.13 | M88: 1 | N88: =INDEX(_xlfn.TEXTSPLIT(ubox[[#This Row],[FirstError - Location]],"."),1,1) -> core_coregp | O88: =_xlfn.XLOOKUP(ubox[[#This Row],[FirstError - IP]],Computes!$S$2:$S$22,Computes!$T$2:$T$22) -> CORE | P88: =INDEX(_xlfn.TEXTSPLIT(ubox[[#This Row],[FirstError - Location]],"."),1,3) -> cpucore | Q88: =_xlfn.XLOOKUP(ubox[[#This Row],[FirstError - Device]],Computes!$AB$2:$AB$22,Computes!$AC$2:$AC$22) -> CORE | R88: =_xlfn.XLOOKUP(ubox[[#This Row],[FirstError - Device]],Computes!$AB$1:$AB$22,Computes!$AD$1:$AD$22) -> 4 | S88: =INDEX(_xlfn.TEXTSPLIT(ubox[[#This Row],[FirstError - Location]],"."),1,4)-(ubox[[#This Row],[offset]]*(ubox[[#This Row],[FirstError - DIEID]]-9)) -> 13 | T88: =IF(OR(ubox[[#This Row],[FirstError - Device (Name)]]="CORE",ubox[[#This Row],[FirstError - Device (Name)]]="SCF"),ubox[[#This Row],[FirstError - IP (name)]],ubox[[#This Row],[FirstError - IP (name)]]&":"&ubox[[#This Row],[FirstError - Device (Name)]])&ubox[[#This Row],[FirstError - Physical Loc]] -> CORE13
A89: 759Y5U8800863 | B89: 5-1 | C89: 8748 | D89: DPMB_SOCKET0__IO0__UNCORE__UBOX__NCEVENTS__IERRLOGGINGREG | E89: 0X348250003480D | F89: 9 | G89: 13 | H89: core_coregp.0.cpucore.13 | I89: 1 | J89: 9 | K89: 37 | L89: core_coregp.0.cpucore.37 | M89: 1 | N89: =INDEX(_xlfn.TEXTSPLIT(ubox[[#This Row],[FirstError - Location]],"."),1,1) -> core_coregp | O89: =_xlfn.XLOOKUP(ubox[[#This Row],[FirstError - IP]],Computes!$S$2:$S$22,Computes!$T$2:$T$22) -> CORE | P89: =INDEX(_xlfn.TEXTSPLIT(ubox[[#This Row],[FirstError - Location]],"."),1,3) -> cpucore | Q89: =_xlfn.XLOOKUP(ubox[[#This Row],[FirstError - Device]],Computes!$AB$2:$AB$22,Computes!$AC$2:$AC$22) -> CORE | R89: =_xlfn.XLOOKUP(ubox[[#This Row],[FirstError - Device]],Computes!$AB$1:$AB$22,Computes!$AD$1:$AD$22) -> 4 | S89: =INDEX(_xlfn.TEXTSPLIT(ubox[[#This Row],[FirstError - Location]],"."),1,4)-(ubox[[#This Row],[offset]]*(ubox[[#This Row],[FirstError - DIEID]]-9)) -> 13 | T89: =IF(OR(ubox[[#This Row],[FirstError - Device (Name)]]="CORE",ubox[[#This Row],[FirstError - Device (Name)]]="SCF"),ubox[[#This Row],[FirstError - IP (name)]],ubox[[#This Row],[FirstError - IP (name)]]&":"&ubox[[#This Row],[FirstError - Device (Name)]])&ubox[[#This Row],[FirstError - Physical Loc]] -> CORE13
A90: 74N24C5300241 | B90: 2-1 | C90: 7681 | D90: DPMB_SOCKET0__IO0__UNCORE__UBOX__NCEVENTS__MCERRLOGGINGREG | E90: 0X1251700012517 | F90: 4 | G90: 1303 | H90: upiagent:lnmacmisc.0.pc5_5u2.6 | I90: 0 | J90: 4 | K90: 1303 | L90: upiagent:lnmacmisc.0.pc5_5u2.6 | M90: 0 | N90: =INDEX(_xlfn.TEXTSPLIT(ubox[[#This Row],[FirstError - Location]],"."),1,1) -> upiagent:lnmacmisc | O90: =_xlfn.XLOOKUP(ubox[[#This Row],[FirstError - IP]],Computes!$S$2:$S$22,Computes!$T$2:$T$22) -> UPI | P90: =INDEX(_xlfn.TEXTSPLIT(ubox[[#This Row],[FirstError - Location]],"."),1,3) -> pc5_5u2 | Q90: =_xlfn.XLOOKUP(ubox[[#This Row],[FirstError - Device]],Computes!$AB$2:$AB$22,Computes!$AC$2:$AC$22) -> pcie | R90: =_xlfn.XLOOKUP(ubox[[#This Row],[FirstError - Device]],Computes!$AB$1:$AB$22,Computes!$AD$1:$AD$22) -> 0 | S90: =INDEX(_xlfn.TEXTSPLIT(ubox[[#This Row],[FirstError - Location]],"."),1,4)-(ubox[[#This Row],[offset]]*(ubox[[#This Row],[FirstError - DIEID]]-9)) -> 6 | T90: =IF(OR(ubox[[#This Row],[FirstError - Device (Name)]]="CORE",ubox[[#This Row],[FirstError - Device (Name)]]="SCF"),ubox[[#This Row],[FirstError - IP (name)]],ubox[[#This Row],[FirstError - IP (name)]]&":"&ubox[[#This Row],[FirstError - Device (Name)]])&ubox[[#This Row],[FirstError - Physical Loc]] -> UPI:pcie6
A91: 74N24C5300241 | B91: 2-1 | C91: 7681 | D91: DPMB_SOCKET1__IO0__UNCORE__UBOX__NCEVENTS__MCERRLOGGINGREG | E91: 0X1570000014EBA | F91: 9 | G91: 1722 | H91: scf_cha.0.cpuscf.43 | I91: 0 | J91: 10 | K91: 1792 | L91: scf_cha.0.cpuscf.114 | M91: 0 | N91: =INDEX(_xlfn.TEXTSPLIT(ubox[[#This Row],[FirstError - Location]],"."),1,1) -> scf_cha | O91: =_xlfn.XLOOKUP(ubox[[#This Row],[FirstError - IP]],Computes!$S$2:$S$22,Computes!$T$2:$T$22) -> CHA | P91: =INDEX(_xlfn.TEXTSPLIT(ubox[[#This Row],[FirstError - Location]],"."),1,3) -> cpuscf | Q91: =_xlfn.XLOOKUP(ubox[[#This Row],[FirstError - Device]],Computes!$AB$2:$AB$22,Computes!$AC$2:$AC$22) -> SCF | R91: =_xlfn.XLOOKUP(ubox[[#This Row],[FirstError - Device]],Computes!$AB$1:$AB$22,Computes!$AD$1:$AD$22) -> 4 | S91: =INDEX(_xlfn.TEXTSPLIT(ubox[[#This Row],[FirstError - Location]],"."),1,4)-(ubox[[#This Row],[offset]]*(ubox[[#This Row],[FirstError - DIEID]]-9)) -> 43 | T91: =IF(OR(ubox[[#This Row],[FirstError - Device (Name)]]="CORE",ubox[[#This Row],[FirstError - Device (Name)]]="SCF"),ubox[[#This Row],[FirstError - IP (name)]],ubox[[#This Row],[FirstError - IP (name)]]&":"&ubox[[#This Row],[FirstError - Device (Name)]])&ubox[[#This Row],[FirstError - Physical Loc]] -> CHA43
A92: 74N24C5300241 | B92: 3-1 | C92: 8749 | D92: DPMB_SOCKET0__IO0__UNCORE__UBOX__NCEVENTS__MCERRLOGGINGREG | E92: 0X34811 | F92: 9 | G92: 17 | H92: core_coregp.0.cpucore.17 | I92: 1 | N92: =INDEX(_xlfn.TEXTSPLIT(ubox[[#This Row],[FirstError - Location]],"."),1,1) -> core_coregp | O92: =_xlfn.XLOOKUP(ubox[[#This Row],[FirstError - IP]],Computes!$S$2:$S$22,Computes!$T$2:$T$22) -> CORE | P92: =INDEX(_xlfn.TEXTSPLIT(ubox[[#This Row],[FirstError - Location]],"."),1,3) -> cpucore | Q92: =_xlfn.XLOOKUP(ubox[[#This Row],[FirstError - Device]],Computes!$AB$2:$AB$22,Computes!$AC$2:$AC$22) -> CORE | R92: =_xlfn.XLOOKUP(ubox[[#This Row],[FirstError - Device]],Computes!$AB$1:$AB$22,Computes!$AD$1:$AD$22) -> 4 | S92: =INDEX(_xlfn.TEXTSPLIT(ubox[[#This Row],[FirstError - Location]],"."),1,4)-(ubox[[#This Row],[offset]]*(ubox[[#This Row],[FirstError - DIEID]]-9)) -> 17 | T92: =IF(OR(ubox[[#This Row],[FirstError - Device (Name)]]="CORE",ubox[[#This Row],[FirstError - Device (Name)]]="SCF"),ubox[[#This Row],[FirstError - IP (name)]],ubox[[#This Row],[FirstError - IP (name)]]&":"&ubox[[#This Row],[FirstError - Device (Name)]])&ubox[[#This Row],[FirstError - Physical Loc]] -> CORE17
A93: 74N24C5300241 | B93: 6-1 | C93: 7682 | D93: DPMB_SOCKET1__IO0__UNCORE__UBOX__NCEVENTS__MCERRLOGGINGREG | E93: 0X15566 | F93: 10 | G93: 1382 | H93: scf_cha.0.cpuscf.73 | I93: 0 | N93: =INDEX(_xlfn.TEXTSPLIT(ubox[[#This Row],[FirstError - Location]],"."),1,1) -> scf_cha | O93: =_xlfn.XLOOKUP(ubox[[#This Row],[FirstError - IP]],Computes!$S$2:$S$22,Computes!$T$2:$T$22) -> CHA | P93: =INDEX(_xlfn.TEXTSPLIT(ubox[[#This Row],[FirstError - Location]],"."),1,3) -> cpuscf | Q93: =_xlfn.XLOOKUP(ubox[[#This Row],[FirstError - Device]],Computes!$AB$2:$AB$22,Computes!$AC$2:$AC$22) -> SCF | R93: =_xlfn.XLOOKUP(ubox[[#This Row],[FirstError - Device]],Computes!$AB$1:$AB$22,Computes!$AD$1:$AD$22) -> 4 | S93: =INDEX(_xlfn.TEXTSPLIT(ubox[[#This Row],[FirstError - Location]],"."),1,4)-(ubox[[#This Row],[offset]]*(ubox[[#This Row],[FirstError - DIEID]]-9)) -> 69 | T93: =IF(OR(ubox[[#This Row],[FirstError - Device (Name)]]="CORE",ubox[[#This Row],[FirstError - Device (Name)]]="SCF"),ubox[[#This Row],[FirstError - IP (name)]],ubox[[#This Row],[FirstError - IP (name)]]&":"&ubox[[#This Row],[FirstError - Device (Name)]])&ubox[[#This Row],[FirstError - Physical Loc]] -> CHA69
A94: 74N24C5300241 | B94: 6-1 | C94: 7681 | D94: DPMB_SOCKET0__IO0__UNCORE__UBOX__NCEVENTS__MCERRLOGGINGREG | E94: 0X14D66 | F94: 9 | G94: 1382 | H94: scf_cha.0.cpuscf.9 | I94: 0 | N94: =INDEX(_xlfn.TEXTSPLIT(ubox[[#This Row],[FirstError - Location]],"."),1,1) -> scf_cha | O94: =_xlfn.XLOOKUP(ubox[[#This Row],[FirstError - IP]],Computes!$S$2:$S$22,Computes!$T$2:$T$22) -> CHA | P94: =INDEX(_xlfn.TEXTSPLIT(ubox[[#This Row],[FirstError - Location]],"."),1,3) -> cpuscf | Q94: =_xlfn.XLOOKUP(ubox[[#This Row],[FirstError - Device]],Computes!$AB$2:$AB$22,Computes!$AC$2:$AC$22) -> SCF | R94: =_xlfn.XLOOKUP(ubox[[#This Row],[FirstError - Device]],Computes!$AB$1:$AB$22,Computes!$AD$1:$AD$22) -> 4 | S94: =INDEX(_xlfn.TEXTSPLIT(ubox[[#This Row],[FirstError - Location]],"."),1,4)-(ubox[[#This Row],[offset]]*(ubox[[#This Row],[FirstError - DIEID]]-9)) -> 9 | T94: =IF(OR(ubox[[#This Row],[FirstError - Device (Name)]]="CORE",ubox[[#This Row],[FirstError - Device (Name)]]="SCF"),ubox[[#This Row],[FirstError - IP (name)]],ubox[[#This Row],[FirstError - IP (name)]]&":"&ubox[[#This Row],[FirstError - Device (Name)]])&ubox[[#This Row],[FirstError - Physical Loc]] -> CHA9
A95: 74N24C5300241 | B95: 6-1 | C95: 7681 | D95: DPMB_SOCKET1__IO0__UNCORE__UBOX__NCEVENTS__MCERRLOGGINGREG | E95: 0X14D66 | F95: 9 | G95: 1382 | H95: scf_cha.0.cpuscf.9 | I95: 0 | N95: =INDEX(_xlfn.TEXTSPLIT(ubox[[#This Row],[FirstError - Location]],"."),1,1) -> scf_cha | O95: =_xlfn.XLOOKUP(ubox[[#This Row],[FirstError - IP]],Computes!$S$2:$S$22,Computes!$T$2:$T$22) -> CHA | P95: =INDEX(_xlfn.TEXTSPLIT(ubox[[#This Row],[FirstError - Location]],"."),1,3) -> cpuscf | Q95: =_xlfn.XLOOKUP(ubox[[#This Row],[FirstError - Device]],Computes!$AB$2:$AB$22,Computes!$AC$2:$AC$22) -> SCF | R95: =_xlfn.XLOOKUP(ubox[[#This Row],[FirstError - Device]],Computes!$AB$1:$AB$22,Computes!$AD$1:$AD$22) -> 4 | S95: =INDEX(_xlfn.TEXTSPLIT(ubox[[#This Row],[FirstError - Location]],"."),1,4)-(ubox[[#This Row],[offset]]*(ubox[[#This Row],[FirstError - DIEID]]-9)) -> 9 | T95: =IF(OR(ubox[[#This Row],[FirstError - Device (Name)]]="CORE",ubox[[#This Row],[FirstError - Device (Name)]]="SCF"),ubox[[#This Row],[FirstError - IP (name)]],ubox[[#This Row],[FirstError - IP (name)]]&":"&ubox[[#This Row],[FirstError - Device (Name)]])&ubox[[#This Row],[FirstError - Physical Loc]] -> CHA9
A96: 74N24C5300241 | B96: 3-1 | C96: 8749 | D96: DPMB_SOCKET0__IO0__UNCORE__UBOX__NCEVENTS__MCERRLOGGINGREG | E96: 0X34811 | F96: 9 | G96: 17 | H96: core_coregp.0.cpucore.17 | I96: 1 | N96: =INDEX(_xlfn.TEXTSPLIT(ubox[[#This Row],[FirstError - Location]],"."),1,1) -> core_coregp | O96: =_xlfn.XLOOKUP(ubox[[#This Row],[FirstError - IP]],Computes!$S$2:$S$22,Computes!$T$2:$T$22) -> CORE | P96: =INDEX(_xlfn.TEXTSPLIT(ubox[[#This Row],[FirstError - Location]],"."),1,3) -> cpucore | Q96: =_xlfn.XLOOKUP(ubox[[#This Row],[FirstError - Device]],Computes!$AB$2:$AB$22,Computes!$AC$2:$AC$22) -> CORE | R96: =_xlfn.XLOOKUP(ubox[[#This Row],[FirstError - Device]],Computes!$AB$1:$AB$22,Computes!$AD$1:$AD$22) -> 4 | S96: =INDEX(_xlfn.TEXTSPLIT(ubox[[#This Row],[FirstError - Location]],"."),1,4)-(ubox[[#This Row],[offset]]*(ubox[[#This Row],[FirstError - DIEID]]-9)) -> 17 | T96: =IF(OR(ubox[[#This Row],[FirstError - Device (Name)]]="CORE",ubox[[#This Row],[FirstError - Device (Name)]]="SCF"),ubox[[#This Row],[FirstError - IP (name)]],ubox[[#This Row],[FirstError - IP (name)]]&":"&ubox[[#This Row],[FirstError - Device (Name)]])&ubox[[#This Row],[FirstError - Physical Loc]] -> CORE17
A97: 74N24C5300241 | B97: 7-1 | C97: 7682 | D97: DPMB_SOCKET1__IO0__UNCORE__UBOX__NCEVENTS__MCERRLOGGINGREG | E97: 0X15566 | F97: 10 | G97: 1382 | H97: scf_cha.0.cpuscf.73 | I97: 0 | N97: =INDEX(_xlfn.TEXTSPLIT(ubox[[#This Row],[FirstError - Location]],"."),1,1) -> scf_cha | O97: =_xlfn.XLOOKUP(ubox[[#This Row],[FirstError - IP]],Computes!$S$2:$S$22,Computes!$T$2:$T$22) -> CHA | P97: =INDEX(_xlfn.TEXTSPLIT(ubox[[#This Row],[FirstError - Location]],"."),1,3) -> cpuscf | Q97: =_xlfn.XLOOKUP(ubox[[#This Row],[FirstError - Device]],Computes!$AB$2:$AB$22,Computes!$AC$2:$AC$22) -> SCF | R97: =_xlfn.XLOOKUP(ubox[[#This Row],[FirstError - Device]],Computes!$AB$1:$AB$22,Computes!$AD$1:$AD$22) -> 4 | S97: =INDEX(_xlfn.TEXTSPLIT(ubox[[#This Row],[FirstError - Location]],"."),1,4)-(ubox[[#This Row],[offset]]*(ubox[[#This Row],[FirstError - DIEID]]-9)) -> 69 | T97: =IF(OR(ubox[[#This Row],[FirstError - Device (Name)]]="CORE",ubox[[#This Row],[FirstError - Device (Name)]]="SCF"),ubox[[#This Row],[FirstError - IP (name)]],ubox[[#This Row],[FirstError - IP (name)]]&":"&ubox[[#This Row],[FirstError - Device (Name)]])&ubox[[#This Row],[FirstError - Physical Loc]] -> CHA69
A98: 74N24C5300241 | B98: 2-1 | C98: 7681 | D98: DPMB_SOCKET0__IO0__UNCORE__UBOX__NCEVENTS__IERRLOGGINGREG | E98: 0X350160003482D | F98: 9 | G98: 45 | H98: core_coregp.0.cpucore.45 | I98: 1 | J98: 10 | K98: 22 | L98: core_coregp.0.cpucore.86 | M98: 1 | N98: =INDEX(_xlfn.TEXTSPLIT(ubox[[#This Row],[FirstError - Location]],"."),1,1) -> core_coregp | O98: =_xlfn.XLOOKUP(ubox[[#This Row],[FirstError - IP]],Computes!$S$2:$S$22,Computes!$T$2:$T$22) -> CORE | P98: =INDEX(_xlfn.TEXTSPLIT(ubox[[#This Row],[FirstError - Location]],"."),1,3) -> cpucore | Q98: =_xlfn.XLOOKUP(ubox[[#This Row],[FirstError - Device]],Computes!$AB$2:$AB$22,Computes!$AC$2:$AC$22) -> CORE | R98: =_xlfn.XLOOKUP(ubox[[#This Row],[FirstError - Device]],Computes!$AB$1:$AB$22,Computes!$AD$1:$AD$22) -> 4 | S98: =INDEX(_xlfn.TEXTSPLIT(ubox[[#This Row],[FirstError - Location]],"."),1,4)-(ubox[[#This Row],[offset]]*(ubox[[#This Row],[FirstError - DIEID]]-9)) -> 45 | T98: =IF(OR(ubox[[#This Row],[FirstError - Device (Name)]]="CORE",ubox[[#This Row],[FirstError - Device (Name)]]="SCF"),ubox[[#This Row],[FirstError - IP (name)]],ubox[[#This Row],[FirstError - IP (name)]]&":"&ubox[[#This Row],[FirstError - Device (Name)]])&ubox[[#This Row],[FirstError - Physical Loc]] -> CORE45
A99: 74N24C5300241 | B99: 2-1 | C99: 7681 | D99: DPMB_SOCKET1__IO0__UNCORE__UBOX__NCEVENTS__IERRLOGGINGREG | E99: 0X3503100035830 | F99: 11 | G99: 48 | H99: core_coregp.0.cpucore.176 | I99: 1 | J99: 10 | K99: 49 | L99: core_coregp.0.cpucore.113 | M99: 1 | N99: =INDEX(_xlfn.TEXTSPLIT(ubox[[#This Row],[FirstError - Location]],"."),1,1) -> core_coregp | O99: =_xlfn.XLOOKUP(ubox[[#This Row],[FirstError - IP]],Computes!$S$2:$S$22,Computes!$T$2:$T$22) -> CORE | P99: =INDEX(_xlfn.TEXTSPLIT(ubox[[#This Row],[FirstError - Location]],"."),1,3) -> cpucore | Q99: =_xlfn.XLOOKUP(ubox[[#This Row],[FirstError - Device]],Computes!$AB$2:$AB$22,Computes!$AC$2:$AC$22) -> CORE | R99: =_xlfn.XLOOKUP(ubox[[#This Row],[FirstError - Device]],Computes!$AB$1:$AB$22,Computes!$AD$1:$AD$22) -> 4 | S99: =INDEX(_xlfn.TEXTSPLIT(ubox[[#This Row],[FirstError - Location]],"."),1,4)-(ubox[[#This Row],[offset]]*(ubox[[#This Row],[FirstError - DIEID]]-9)) -> 168 | T99: =IF(OR(ubox[[#This Row],[FirstError - Device (Name)]]="CORE",ubox[[#This Row],[FirstError - Device (Name)]]="SCF"),ubox[[#This Row],[FirstError - IP (name)]],ubox[[#This Row],[FirstError - IP (name)]]&":"&ubox[[#This Row],[FirstError - Device (Name)]])&ubox[[#This Row],[FirstError - Physical Loc]] -> CORE168
A100: 759B5H7700068 | B100: 4-1 | C100: 7682 | D100: DPMB_SOCKET1__IO0__UNCORE__UBOX__NCEVENTS__MCERRLOGGINGREG | E100: 0X14D8E | F100: 9 | G100: 1422 | H100: scf_cha.0.cpuscf.13 | I100: 0 | N100: =INDEX(_xlfn.TEXTSPLIT(ubox[[#This Row],[FirstError - Location]],"."),1,1) -> scf_cha | O100: =_xlfn.XLOOKUP(ubox[[#This Row],[FirstError - IP]],Computes!$S$2:$S$22,Computes!$T$2:$T$22) -> CHA | P100: =INDEX(_xlfn.TEXTSPLIT(ubox[[#This Row],[FirstError - Location]],"."),1,3) -> cpuscf | Q100: =_xlfn.XLOOKUP(ubox[[#This Row],[FirstError - Device]],Computes!$AB$2:$AB$22,Computes!$AC$2:$AC$22) -> SCF | R100: =_xlfn.XLOOKUP(ubox[[#This Row],[FirstError - Device]],Computes!$AB$1:$AB$22,Computes!$AD$1:$AD$22) -> 4 | S100: =INDEX(_xlfn.TEXTSPLIT(ubox[[#This Row],[FirstError - Location]],"."),1,4)-(ubox[[#This Row],[offset]]*(ubox[[#This Row],[FirstError - DIEID]]-9)) -> 13 | T100: =IF(OR(ubox[[#This Row],[FirstError - Device (Name)]]="CORE",ubox[[#This Row],[FirstError - Device (Name)]]="SCF"),ubox[[#This Row],[FirstError - IP (name)]],ubox[[#This Row],[FirstError - IP (name)]]&":"&ubox[[#This Row],[FirstError - Device (Name)]])&ubox[[#This Row],[FirstError - Physical Loc]] -> CHA13
A101: 759B5H7700068 | B101: 3-1 | C101: 7681 | D101: DPMB_SOCKET0__IO0__UNCORE__UBOX__NCEVENTS__MCERRLOGGINGREG | E101: 0X14DAC00012517 | F101: 4 | G101: 1303 | H101: upiagent:lnmacmisc.0.pc5_5u2.6 | I101: 0 | J101: 9 | K101: 1452 | L101: scf_cha.0.cpuscf.16 | M101: 0 | N101: =INDEX(_xlfn.TEXTSPLIT(ubox[[#This Row],[FirstError - Location]],"."),1,1) -> upiagent:lnmacmisc | O101: =_xlfn.XLOOKUP(ubox[[#This Row],[FirstError - IP]],Computes!$S$2:$S$22,Computes!$T$2:$T$22) -> UPI | P101: =INDEX(_xlfn.TEXTSPLIT(ubox[[#This Row],[FirstError - Location]],"."),1,3) -> pc5_5u2 | Q101: =_xlfn.XLOOKUP(ubox[[#This Row],[FirstError - Device]],Computes!$AB$2:$AB$22,Computes!$AC$2:$AC$22) -> pcie | R101: =_xlfn.XLOOKUP(ubox[[#This Row],[FirstError - Device]],Computes!$AB$1:$AB$22,Computes!$AD$1:$AD$22) -> 0 | S101: =INDEX(_xlfn.TEXTSPLIT(ubox[[#This Row],[FirstError - Location]],"."),1,4)-(ubox[[#This Row],[offset]]*(ubox[[#This Row],[FirstError - DIEID]]-9)) -> 6 | T101: =IF(OR(ubox[[#This Row],[FirstError - Device (Name)]]="CORE",ubox[[#This Row],[FirstError - Device (Name)]]="SCF"),ubox[[#This Row],[FirstError - IP (name)]],ubox[[#This Row],[FirstError - IP (name)]]&":"&ubox[[#This Row],[FirstError - Device (Name)]])&ubox[[#This Row],[FirstError - Physical Loc]] -> UPI:pcie6
A102: 759B5H7700068 | B102: 3-1 | C102: 7681 | D102: DPMB_SOCKET1__IO0__UNCORE__UBOX__NCEVENTS__MCERRLOGGINGREG | E102: 0X14D6600015700 | F102: 10 | G102: 1792 | H102: scf_cha.0.cpuscf.114 | I102: 0 | J102: 9 | K102: 1382 | L102: scf_cha.0.cpuscf.9 | M102: 0 | N102: =INDEX(_xlfn.TEXTSPLIT(ubox[[#This Row],[FirstError - Location]],"."),1,1) -> scf_cha | O102: =_xlfn.XLOOKUP(ubox[[#This Row],[FirstError - IP]],Computes!$S$2:$S$22,Computes!$T$2:$T$22) -> CHA | P102: =INDEX(_xlfn.TEXTSPLIT(ubox[[#This Row],[FirstError - Location]],"."),1,3) -> cpuscf | Q102: =_xlfn.XLOOKUP(ubox[[#This Row],[FirstError - Device]],Computes!$AB$2:$AB$22,Computes!$AC$2:$AC$22) -> SCF | R102: =_xlfn.XLOOKUP(ubox[[#This Row],[FirstError - Device]],Computes!$AB$1:$AB$22,Computes!$AD$1:$AD$22) -> 4 | S102: =INDEX(_xlfn.TEXTSPLIT(ubox[[#This Row],[FirstError - Location]],"."),1,4)-(ubox[[#This Row],[offset]]*(ubox[[#This Row],[FirstError - DIEID]]-9)) -> 110 | T102: =IF(OR(ubox[[#This Row],[FirstError - Device (Name)]]="CORE",ubox[[#This Row],[FirstError - Device (Name)]]="SCF"),ubox[[#This Row],[FirstError - IP (name)]],ubox[[#This Row],[FirstError - IP (name)]]&":"&ubox[[#This Row],[FirstError - Device (Name)]])&ubox[[#This Row],[FirstError - Physical Loc]] -> CHA110
A103: 759B5H7700068 | B103: 1-1 | C103: 7681 | D103: DPMB_SOCKET0__IO0__UNCORE__UBOX__NCEVENTS__MCERRLOGGINGREG | E103: 0X14DAC00012217 | F103: 4 | G103: 535 | H103: upiagent:lnmacmisc.0.pc5_5u2.5 | I103: 0 | J103: 9 | K103: 1452 | L103: scf_cha.0.cpuscf.16 | M103: 0 | N103: =INDEX(_xlfn.TEXTSPLIT(ubox[[#This Row],[FirstError - Location]],"."),1,1) -> upiagent:lnmacmisc | O103: =_xlfn.XLOOKUP(ubox[[#This Row],[FirstError - IP]],Computes!$S$2:$S$22,Computes!$T$2:$T$22) -> UPI | P103: =INDEX(_xlfn.TEXTSPLIT(ubox[[#This Row],[FirstError - Location]],"."),1,3) -> pc5_5u2 | Q103: =_xlfn.XLOOKUP(ubox[[#This Row],[FirstError - Device]],Computes!$AB$2:$AB$22,Computes!$AC$2:$AC$22) -> pcie | R103: =_xlfn.XLOOKUP(ubox[[#This Row],[FirstError - Device]],Computes!$AB$1:$AB$22,Computes!$AD$1:$AD$22) -> 0 | S103: =INDEX(_xlfn.TEXTSPLIT(ubox[[#This Row],[FirstError - Location]],"."),1,4)-(ubox[[#This Row],[offset]]*(ubox[[#This Row],[FirstError - DIEID]]-9)) -> 5 | T103: =IF(OR(ubox[[#This Row],[FirstError - Device (Name)]]="CORE",ubox[[#This Row],[FirstError - Device (Name)]]="SCF"),ubox[[#This Row],[FirstError - IP (name)]],ubox[[#This Row],[FirstError - IP (name)]]&":"&ubox[[#This Row],[FirstError - Device (Name)]])&ubox[[#This Row],[FirstError - Physical Loc]] -> UPI:pcie5
A104: 759B5H7700068 | B104: 1-1 | C104: 7681 | D104: DPMB_SOCKET1__IO0__UNCORE__UBOX__NCEVENTS__MCERRLOGGINGREG | E104: 0X14D6600015E2E | F104: 11 | G104: 1582 | H104: scf_cha.0.cpuscf.157 | I104: 0 | J104: 9 | K104: 1382 | L104: scf_cha.0.cpuscf.9 | M104: 0 | N104: =INDEX(_xlfn.TEXTSPLIT(ubox[[#This Row],[FirstError - Location]],"."),1,1) -> scf_cha | O104: =_xlfn.XLOOKUP(ubox[[#This Row],[FirstError - IP]],Computes!$S$2:$S$22,Computes!$T$2:$T$22) -> CHA | P104: =INDEX(_xlfn.TEXTSPLIT(ubox[[#This Row],[FirstError - Location]],"."),1,3) -> cpuscf | Q104: =_xlfn.XLOOKUP(ubox[[#This Row],[FirstError - Device]],Computes!$AB$2:$AB$22,Computes!$AC$2:$AC$22) -> SCF | R104: =_xlfn.XLOOKUP(ubox[[#This Row],[FirstError - Device]],Computes!$AB$1:$AB$22,Computes!$AD$1:$AD$22) -> 4 | S104: =INDEX(_xlfn.TEXTSPLIT(ubox[[#This Row],[FirstError - Location]],"."),1,4)-(ubox[[#This Row],[offset]]*(ubox[[#This Row],[FirstError - DIEID]]-9)) -> 149 | T104: =IF(OR(ubox[[#This Row],[FirstError - Device (Name)]]="CORE",ubox[[#This Row],[FirstError - Device (Name)]]="SCF"),ubox[[#This Row],[FirstError - IP (name)]],ubox[[#This Row],[FirstError - IP (name)]]&":"&ubox[[#This Row],[FirstError - Device (Name)]])&ubox[[#This Row],[FirstError - Physical Loc]] -> CHA149
A105: 759B5H7700068 | B105: 4-1 | C105: 7682 | D105: DPMB_SOCKET0__IO0__UNCORE__UBOX__NCEVENTS__MCERRLOGGINGREG | E105: 0X14E1A00012217 | F105: 4 | G105: 535 | H105: upiagent:lnmacmisc.0.pc5_5u2.5 | I105: 0 | J105: 9 | K105: 1562 | L105: scf_cha.0.cpuscf.27 | M105: 0 | N105: =INDEX(_xlfn.TEXTSPLIT(ubox[[#This Row],[FirstError - Location]],"."),1,1) -> upiagent:lnmacmisc | O105: =_xlfn.XLOOKUP(ubox[[#This Row],[FirstError - IP]],Computes!$S$2:$S$22,Computes!$T$2:$T$22) -> UPI | P105: =INDEX(_xlfn.TEXTSPLIT(ubox[[#This Row],[FirstError - Location]],"."),1,3) -> pc5_5u2 | Q105: =_xlfn.XLOOKUP(ubox[[#This Row],[FirstError - Device]],Computes!$AB$2:$AB$22,Computes!$AC$2:$AC$22) -> pcie | R105: =_xlfn.XLOOKUP(ubox[[#This Row],[FirstError - Device]],Computes!$AB$1:$AB$22,Computes!$AD$1:$AD$22) -> 0 | S105: =INDEX(_xlfn.TEXTSPLIT(ubox[[#This Row],[FirstError - Location]],"."),1,4)-(ubox[[#This Row],[offset]]*(ubox[[#This Row],[FirstError - DIEID]]-9)) -> 5 | T105: =IF(OR(ubox[[#This Row],[FirstError - Device (Name)]]="CORE",ubox[[#This Row],[FirstError - Device (Name)]]="SCF"),ubox[[#This Row],[FirstError - IP (name)]],ubox[[#This Row],[FirstError - IP (name)]]&":"&ubox[[#This Row],[FirstError - Device (Name)]])&ubox[[#This Row],[FirstError - Physical Loc]] -> UPI:pcie5
A106: 759B5H7700068 | B106: 4-1 | C106: 7682 | D106: DPMB_SOCKET1__IO0__UNCORE__UBOX__NCEVENTS__MCERRLOGGINGREG | E106: 0X15F3200014DF2 | F106: 9 | G106: 1522 | H106: scf_cha.0.cpuscf.23 | I106: 0 | J106: 11 | K106: 1842 | L106: scf_cha.0.cpuscf.183 | M106: 0 | N106: =INDEX(_xlfn.TEXTSPLIT(ubox[[#This Row],[FirstError - Location]],"."),1,1) -> scf_cha | O106: =_xlfn.XLOOKUP(ubox[[#This Row],[FirstError - IP]],Computes!$S$2:$S$22,Computes!$T$2:$T$22) -> CHA | P106: =INDEX(_xlfn.TEXTSPLIT(ubox[[#This Row],[FirstError - Location]],"."),1,3) -> cpuscf | Q106: =_xlfn.XLOOKUP(ubox[[#This Row],[FirstError - Device]],Computes!$AB$2:$AB$22,Computes!$AC$2:$AC$22) -> SCF | R106: =_xlfn.XLOOKUP(ubox[[#This Row],[FirstError - Device]],Computes!$AB$1:$AB$22,Computes!$AD$1:$AD$22) -> 4 | S106: =INDEX(_xlfn.TEXTSPLIT(ubox[[#This Row],[FirstError - Location]],"."),1,4)-(ubox[[#This Row],[offset]]*(ubox[[#This Row],[FirstError - DIEID]]-9)) -> 23 | T106: =IF(OR(ubox[[#This Row],[FirstError - Device (Name)]]="CORE",ubox[[#This Row],[FirstError - Device (Name)]]="SCF"),ubox[[#This Row],[FirstError - IP (name)]],ubox[[#This Row],[FirstError - IP (name)]]&":"&ubox[[#This Row],[FirstError - Device (Name)]])&ubox[[#This Row],[FirstError - Physical Loc]] -> CHA23
A107: 759B5H7700068 | B107: 3-1 | C107: 7681 | D107: DPMB_SOCKET0__IO0__UNCORE__UBOX__NCEVENTS__MCERRLOGGINGREG | E107: 0X15566 | F107: 10 | G107: 1382 | H107: scf_cha.0.cpuscf.73 | I107: 0 | N107: =INDEX(_xlfn.TEXTSPLIT(ubox[[#This Row],[FirstError - Location]],"."),1,1) -> scf_cha | O107: =_xlfn.XLOOKUP(ubox[[#This Row],[FirstError - IP]],Computes!$S$2:$S$22,Computes!$T$2:$T$22) -> CHA | P107: =INDEX(_xlfn.TEXTSPLIT(ubox[[#This Row],[FirstError - Location]],"."),1,3) -> cpuscf | Q107: =_xlfn.XLOOKUP(ubox[[#This Row],[FirstError - Device]],Computes!$AB$2:$AB$22,Computes!$AC$2:$AC$22) -> SCF | R107: =_xlfn.XLOOKUP(ubox[[#This Row],[FirstError - Device]],Computes!$AB$1:$AB$22,Computes!$AD$1:$AD$22) -> 4 | S107: =INDEX(_xlfn.TEXTSPLIT(ubox[[#This Row],[FirstError - Location]],"."),1,4)-(ubox[[#This Row],[offset]]*(ubox[[#This Row],[FirstError - DIEID]]-9)) -> 69 | T107: =IF(OR(ubox[[#This Row],[FirstError - Device (Name)]]="CORE",ubox[[#This Row],[FirstError - Device (Name)]]="SCF"),ubox[[#This Row],[FirstError - IP (name)]],ubox[[#This Row],[FirstError - IP (name)]]&":"&ubox[[#This Row],[FirstError - Device (Name)]])&ubox[[#This Row],[FirstError - Physical Loc]] -> CHA69
A108: 759B5H7700068 | B108: 3-1 | C108: 7681 | D108: DPMB_SOCKET1__IO0__UNCORE__UBOX__NCEVENTS__MCERRLOGGINGREG | E108: 0X15566 | F108: 10 | G108: 1382 | H108: scf_cha.0.cpuscf.73 | I108: 0 | N108: =INDEX(_xlfn.TEXTSPLIT(ubox[[#This Row],[FirstError - Location]],"."),1,1) -> scf_cha | O108: =_xlfn.XLOOKUP(ubox[[#This Row],[FirstError - IP]],Computes!$S$2:$S$22,Computes!$T$2:$T$22) -> CHA | P108: =INDEX(_xlfn.TEXTSPLIT(ubox[[#This Row],[FirstError - Location]],"."),1,3) -> cpuscf | Q108: =_xlfn.XLOOKUP(ubox[[#This Row],[FirstError - Device]],Computes!$AB$2:$AB$22,Computes!$AC$2:$AC$22) -> SCF | R108: =_xlfn.XLOOKUP(ubox[[#This Row],[FirstError - Device]],Computes!$AB$1:$AB$22,Computes!$AD$1:$AD$22) -> 4 | S108: =INDEX(_xlfn.TEXTSPLIT(ubox[[#This Row],[FirstError - Location]],"."),1,4)-(ubox[[#This Row],[offset]]*(ubox[[#This Row],[FirstError - DIEID]]-9)) -> 69 | T108: =IF(OR(ubox[[#This Row],[FirstError - Device (Name)]]="CORE",ubox[[#This Row],[FirstError - Device (Name)]]="SCF"),ubox[[#This Row],[FirstError - IP (name)]],ubox[[#This Row],[FirstError - IP (name)]]&":"&ubox[[#This Row],[FirstError - Device (Name)]])&ubox[[#This Row],[FirstError - Physical Loc]] -> CHA69
A109: 759B5H7700068 | B109: 3-1 | C109: 7681 | D109: DPMB_SOCKET0__IO0__UNCORE__UBOX__NCEVENTS__IERRLOGGINGREG | E109: 0X3481B0003581D | F109: 11 | G109: 29 | H109: core_coregp.0.cpucore.157 | I109: 1 | J109: 9 | K109: 27 | L109: core_coregp.0.cpucore.27 | M109: 1 | N109: =INDEX(_xlfn.TEXTSPLIT(ubox[[#This Row],[FirstError - Location]],"."),1,1) -> core_coregp | O109: =_xlfn.XLOOKUP(ubox[[#This Row],[FirstError - IP]],Computes!$S$2:$S$22,Computes!$T$2:$T$22) -> CORE | P109: =INDEX(_xlfn.TEXTSPLIT(ubox[[#This Row],[FirstError - Location]],"."),1,3) -> cpucore | Q109: =_xlfn.XLOOKUP(ubox[[#This Row],[FirstError - Device]],Computes!$AB$2:$AB$22,Computes!$AC$2:$AC$22) -> CORE | R109: =_xlfn.XLOOKUP(ubox[[#This Row],[FirstError - Device]],Computes!$AB$1:$AB$22,Computes!$AD$1:$AD$22) -> 4 | S109: =INDEX(_xlfn.TEXTSPLIT(ubox[[#This Row],[FirstError - Location]],"."),1,4)-(ubox[[#This Row],[offset]]*(ubox[[#This Row],[FirstError - DIEID]]-9)) -> 149 | T109: =IF(OR(ubox[[#This Row],[FirstError - Device (Name)]]="CORE",ubox[[#This Row],[FirstError - Device (Name)]]="SCF"),ubox[[#This Row],[FirstError - IP (name)]],ubox[[#This Row],[FirstError - IP (name)]]&":"&ubox[[#This Row],[FirstError - Device (Name)]])&ubox[[#This Row],[FirstError - Physical Loc]] -> CORE149
A110: 759B5H7700068 | B110: 3-1 | C110: 7681 | D110: DPMB_SOCKET1__IO0__UNCORE__UBOX__NCEVENTS__IERRLOGGINGREG | E110: 0X3480000035022 | F110: 10 | G110: 34 | H110: core_coregp.0.cpucore.98 | I110: 1 | J110: 9 | K110: 0 | L110: core_coregp.0.cpucore.0 | M110: 1 | N110: =INDEX(_xlfn.TEXTSPLIT(ubox[[#This Row],[FirstError - Location]],"."),1,1) -> core_coregp | O110: =_xlfn.XLOOKUP(ubox[[#This Row],[FirstError - IP]],Computes!$S$2:$S$22,Computes!$T$2:$T$22) -> CORE | P110: =INDEX(_xlfn.TEXTSPLIT(ubox[[#This Row],[FirstError - Location]],"."),1,3) -> cpucore | Q110: =_xlfn.XLOOKUP(ubox[[#This Row],[FirstError - Device]],Computes!$AB$2:$AB$22,Computes!$AC$2:$AC$22) -> CORE | R110: =_xlfn.XLOOKUP(ubox[[#This Row],[FirstError - Device]],Computes!$AB$1:$AB$22,Computes!$AD$1:$AD$22) -> 4 | S110: =INDEX(_xlfn.TEXTSPLIT(ubox[[#This Row],[FirstError - Location]],"."),1,4)-(ubox[[#This Row],[offset]]*(ubox[[#This Row],[FirstError - DIEID]]-9)) -> 94 | T110: =IF(OR(ubox[[#This Row],[FirstError - Device (Name)]]="CORE",ubox[[#This Row],[FirstError - Device (Name)]]="SCF"),ubox[[#This Row],[FirstError - IP (name)]],ubox[[#This Row],[FirstError - IP (name)]]&":"&ubox[[#This Row],[FirstError - Device (Name)]])&ubox[[#This Row],[FirstError - Physical Loc]] -> CORE94
A111: 759B5H7700068 | B111: 1-1 | C111: 7681 | D111: DPMB_SOCKET0__IO0__UNCORE__UBOX__NCEVENTS__IERRLOGGINGREG | E111: 0X3481E00034801 | F111: 9 | G111: 1 | H111: core_coregp.0.cpucore.1 | I111: 1 | J111: 9 | K111: 30 | L111: core_coregp.0.cpucore.30 | M111: 1 | N111: =INDEX(_xlfn.TEXTSPLIT(ubox[[#This Row],[FirstError - Location]],"."),1,1) -> core_coregp | O111: =_xlfn.XLOOKUP(ubox[[#This Row],[FirstError - IP]],Computes!$S$2:$S$22,Computes!$T$2:$T$22) -> CORE | P111: =INDEX(_xlfn.TEXTSPLIT(ubox[[#This Row],[FirstError - Location]],"."),1,3) -> cpucore | Q111: =_xlfn.XLOOKUP(ubox[[#This Row],[FirstError - Device]],Computes!$AB$2:$AB$22,Computes!$AC$2:$AC$22) -> CORE | R111: =_xlfn.XLOOKUP(ubox[[#This Row],[FirstError - Device]],Computes!$AB$1:$AB$22,Computes!$AD$1:$AD$22) -> 4 | S111: =INDEX(_xlfn.TEXTSPLIT(ubox[[#This Row],[FirstError - Location]],"."),1,4)-(ubox[[#This Row],[offset]]*(ubox[[#This Row],[FirstError - DIEID]]-9)) -> 1 | T111: =IF(OR(ubox[[#This Row],[FirstError - Device (Name)]]="CORE",ubox[[#This Row],[FirstError - Device (Name)]]="SCF"),ubox[[#This Row],[FirstError - IP (name)]],ubox[[#This Row],[FirstError - IP (name)]]&":"&ubox[[#This Row],[FirstError - Device (Name)]])&ubox[[#This Row],[FirstError - Physical Loc]] -> CORE1
A112: 759B5H7700068 | B112: 1-1 | C112: 7681 | D112: DPMB_SOCKET1__IO0__UNCORE__UBOX__NCEVENTS__IERRLOGGINGREG | E112: 0X3502200035806 | F112: 11 | G112: 6 | H112: core_coregp.0.cpucore.134 | I112: 1 | J112: 10 | K112: 34 | L112: core_coregp.0.cpucore.98 | M112: 1 | N112: =INDEX(_xlfn.TEXTSPLIT(ubox[[#This Row],[FirstError - Location]],"."),1,1) -> core_coregp | O112: =_xlfn.XLOOKUP(ubox[[#This Row],[FirstError - IP]],Computes!$S$2:$S$22,Computes!$T$2:$T$22) -> CORE | P112: =INDEX(_xlfn.TEXTSPLIT(ubox[[#This Row],[FirstError - Location]],"."),1,3) -> cpucore | Q112: =_xlfn.XLOOKUP(ubox[[#This Row],[FirstError - Device]],Computes!$AB$2:$AB$22,Computes!$AC$2:$AC$22) -> CORE | R112: =_xlfn.XLOOKUP(ubox[[#This Row],[FirstError - Device]],Computes!$AB$1:$AB$22,Computes!$AD$1:$AD$22) -> 4 | S112: =INDEX(_xlfn.TEXTSPLIT(ubox[[#This Row],[FirstError - Location]],"."),1,4)-(ubox[[#This Row],[offset]]*(ubox[[#This Row],[FirstError - DIEID]]-9)) -> 126 | T112: =IF(OR(ubox[[#This Row],[FirstError - Device (Name)]]="CORE",ubox[[#This Row],[FirstError - Device (Name)]]="SCF"),ubox[[#This Row],[FirstError - IP (name)]],ubox[[#This Row],[FirstError - IP (name)]]&":"&ubox[[#This Row],[FirstError - Device (Name)]])&ubox[[#This Row],[FirstError - Physical Loc]] -> CORE126
A113: 759B5H7700068 | B113: 4-1 | C113: 7682 | D113: DPMB_SOCKET0__IO0__UNCORE__UBOX__NCEVENTS__IERRLOGGINGREG | E113: 0X3501C0003581D | F113: 11 | G113: 29 | H113: core_coregp.0.cpucore.157 | I113: 1 | J113: 10 | K113: 28 | L113: core_coregp.0.cpucore.92 | M113: 1 | N113: =INDEX(_xlfn.TEXTSPLIT(ubox[[#This Row],[FirstError - Location]],"."),1,1) -> core_coregp | O113: =_xlfn.XLOOKUP(ubox[[#This Row],[FirstError - IP]],Computes!$S$2:$S$22,Computes!$T$2:$T$22) -> CORE | P113: =INDEX(_xlfn.TEXTSPLIT(ubox[[#This Row],[FirstError - Location]],"."),1,3) -> cpucore | Q113: =_xlfn.XLOOKUP(ubox[[#This Row],[FirstError - Device]],Computes!$AB$2:$AB$22,Computes!$AC$2:$AC$22) -> CORE | R113: =_xlfn.XLOOKUP(ubox[[#This Row],[FirstError - Device]],Computes!$AB$1:$AB$22,Computes!$AD$1:$AD$22) -> 4 | S113: =INDEX(_xlfn.TEXTSPLIT(ubox[[#This Row],[FirstError - Location]],"."),1,4)-(ubox[[#This Row],[offset]]*(ubox[[#This Row],[FirstError - DIEID]]-9)) -> 149 | T113: =IF(OR(ubox[[#This Row],[FirstError - Device (Name)]]="CORE",ubox[[#This Row],[FirstError - Device (Name)]]="SCF"),ubox[[#This Row],[FirstError - IP (name)]],ubox[[#This Row],[FirstError - IP (name)]]&":"&ubox[[#This Row],[FirstError - Device (Name)]])&ubox[[#This Row],[FirstError - Physical Loc]] -> CORE149
