Workbook
Name splitchar: ErrorData!$G$1

Sheet CHA
A1: VisualId | B1: Lot | C1: LatoStartWW | D1: LotsSeqKey | E1: UnitTestingSeqKey | F1: TestName | G1: TestValue | H1: Operation | I1: TestNameNumber | J1: TestNameWithoutNumeric | K1: PPVRun_MC

Sheet CORE
A1: VisualId | B1: Lot | C1: LatoStartWW | D1: LotsSeqKey | E1: UnitTestingSeqKey | F1: TestName | G1: TestValue | H1: Operation | I1: TestNameNumber | J1: TestNameWithoutNumeric | K1: PPVRun_MC

Sheet PPV
B3: Final Bucket Data
B4: VisualId | C4: DpmBucket | D4: DecimaSite | E4: DecimaWW | F4: DecimaBucket | G4: DpmBucketAccuracy | H4: ProductConfigurationName | I4: BinDesc | J4: SubBucket | K4: Comments | L4: NextSteps

Sheet MC_Check
B1: Bucket | C1: All | K1: Bin | L1: =_xlfn.XLOOKUP(H2,ppv[VisualId],ppv[BinDesc],"")
B2: Units | C2: PPV | D2: Comments | E2: Next Steps | G2: Unit | H2: D5R858J700147 | AA2: Data Format | AE2: DPMB | AG2: Show Top | AJ2: 10 | AK2: Module Format | AN2: PHY
B3: {=IF(C1="All",_xlfn.UNIQUE(ppv[VisualId]),_xlfn._xlws.FILTER(ppv[VisualId],(ppv[SubBucket]=C1)*(IF(D1<>"",ISNUMBER(SEARCH(D1, ppv[Comments])),TRUE))))} -> 0 | C3: =_xlfn.XLOOKUP(B3,ppv[VisualId],ppv[DpmBucket],"") | G3: Accuracy | H3: =_xlfn.XLOOKUP(H2,ppv[VisualId],ppv[DpmBucketAccuracy],"") | AA3: Other | AC3: MEMORY | AF3: MODULE | AJ3: CBO | AM3: LLC (N/A)
C4: =_xlfn.XLOOKUP(B4,ppv[VisualId],ppv[DpmBucket],"") -> 0 | G4: WW | H4: =_xlfn.XLOOKUP(H2,ppv[VisualId],ppv[DecimaWW],"") | L4: XB: | N4: CrossBar | AA4: Punit | AC4: MEM | AD4: Fail(s) | AF4: Top Failing Core(s) | AG4: Fail(s) | AH4: Type(s) | AJ4: Top Failing CBO(s) | AK4: Fail(s) | AM4: TopFailing LLC | AN4: Fail(s)
C5: =_xlfn.XLOOKUP(B5,ppv[VisualId],ppv[DpmBucket],"") -> 0 | G5: Bucket | H5: =_xlfn.XLOOKUP(H2,ppv[VisualId],ppv[DpmBucket]) -> #N/A | L5: CBB: | N5: Core Building Block | AA5: {=IFERROR(_xlfn._xlws.FILTER(punitmcas[type],punitmcas[Counter]>0),"")} | AC5: {=IFERROR(_xlfn._xlws.FILTER(memss[Name],memss[MEMSS_Hitter_Count]>0),"")} | AD5: {=IFERROR(_xlfn._xlws.FILTER(memss[MEMSS_Hitter_Count],memss[MEMSS_Hitter_Count]>0),"")} | AF5: {=IFERROR("PHY"&_xlfn._xlws.FILTER(misc[location],misc[Core_Hitter_Count]>=MAX(misc[Core_Hitter_Count]-$AJ$2,1)),"")&":"&IFERROR("MODULE"&_xlfn._xlws.FILTER(misc[Module],misc[Core_Hitter_Count]>=MAX(misc[Core_Hitter_Count]-$AJ$2,1)),"")} -> : | AG5: {=IFERROR(_xlfn._xlws.FILTER(misc[Core_Hitter_Count],misc[Core_Hitter_Count]>=MAX(misc[Core_Hitter_Count]-$AJ$2,1)),"")} | AH5: {=IFERROR(_xlfn._xlws.FILTER(misc[Core_FAILS],misc[Core_Hitter_Count]>=MAX(misc[Core_Hitter_Count]-$AJ$2,1)),"")} | AJ5: {=IFERROR("CBO"&_xlfn._xlws.FILTER(misc[location],misc[CHA_Hitter_Count]>=MAX(misc[CHA_Hitter_Count]-$AJ$2,1)),"")} | AK5: {=IFERROR(_xlfn._xlws.FILTER(misc[CHA_Hitter_Count],misc[CHA_Hitter_Count]>=MAX(misc[CHA_Hitter_Count]-$AJ$2,1)),"")} | AM5: {=IFERROR("LLC"&_xlfn._xlws.FILTER(misc[location],misc[LLC_Hitter_Count]>=MAX(misc[LLC_Hitter_Count]-$AJ$2,1)),"")} | AN5: {=IFERROR(_xlfn._xlws.FILTER(misc[LLC_Hitter_Count],misc[LLC_Hitter_Count]>=MAX(misc[LLC_Hitter_Count]-$AJ$2,1)),"")}
C6: =_xlfn.XLOOKUP(B6,ppv[VisualId],ppv[DpmBucket],"") -> 0 | G6: =_xlfn.XLOOKUP(H2,ppv[VisualId],ppv[Comments]) -> #N/A | L6: D2D: | N6: Die-to-Die Interconnect
C7: =_xlfn.XLOOKUP(B7,ppv[VisualId],ppv[DpmBucket],"") -> 0 | G7: Postcodes | L7: Cluster/Module for TOP and Base DIE
C8: =_xlfn.XLOOKUP(B8,ppv[VisualId],ppv[DpmBucket],"") -> 0 | G8: {=_xlfn._xlws.FILTER(cha_mc[PPVRun_MC],((cha_mc[VisualId]=H2)*(ISNUMBER(SEARCH("BIOSNONSTICKYSCRATCHPAD",cha_mc[TestName])))),"")} | H8: {=_xlfn._xlws.FILTER(cha_mc[TestValue],((cha_mc[VisualId]=H2)*(ISNUMBER(SEARCH("BIOSNONSTICKYSCRATCHPAD",cha_mc[TestName])))),"")} | J8: FAILS | L8: CBB | N8: DCM (CORE) | T8: CLUSTER (CBO)
C9: =_xlfn.XLOOKUP(B9,ppv[VisualId],ppv[DpmBucket],"") -> 0 | J9: LLC | L9: 0 | N9: R/C | O9: 0 | P9: 1 | Q9: 2 | R9: 3 | S9: TOP | T9: BASE | U9: 0 | V9: 1 | W9: 2 | X9: 3 | Y9: R/C
C10: =_xlfn.XLOOKUP(B10,ppv[VisualId],ppv[DpmBucket],"") -> 0 | J10: MODULE | L10: COMPUTE | M10: 0 | N10: 0 | O10: =L9*(32)+O9 -> 0 | P10: =L9*(32)+P9 -> 1 | Q10: =L9*(32)+Q9 -> 2 | R10: =L9*(32)+R9 -> 3 | S10: XB | T10: XB | U10: =L9*(32)+U9 -> 0 | V10: =L9*(32)+V9 -> 1 | W10: =L9*(32)+W9 -> 2 | X10: =L9*(32)+X9 -> 3 | Y10: 0
C11: =_xlfn.XLOOKUP(B11,ppv[VisualId],ppv[DpmBucket],"") -> 0 | J11: CHA | N11: 1 | O11: =O10+4 -> 4 | P11: =P10+4 -> 5 | Q11: =Q10+4 -> 6 | R11: =R10+4 -> 7 | S11: XB | T11: XB | U11: =U10+4 -> 4 | V11: =V10+4 -> 5 | W11: =W10+4 -> 6 | X11: =X10+4 -> 7 | Y11: 1 | AA11: S3M
C12: =_xlfn.XLOOKUP(B12,ppv[VisualId],ppv[DpmBucket],"") -> 0 | J12: MEM | M12: 1 | N12: 2 | O12: =O11+4 -> 8 | P12: =P11+4 -> 9 | Q12: =Q11+4 -> 10 | R12: =R11+4 -> 11 | S12: XB | T12: XB | U12: =U11+4 -> 8 | V12: =V11+4 -> 9 | W12: =W11+4 -> 10 | X12: =X11+4 -> 11 | Y12: 2
C13: =_xlfn.XLOOKUP(B13,ppv[VisualId],ppv[DpmBucket],"") -> 0 | N13: 3 | O13: =O12+4 -> 12 | P13: =P12+4 -> 13 | Q13: =Q12+4 -> 14 | R13: =R12+4 -> 15 | S13: XB | T13: XB | U13: =U12+4 -> 12 | V13: =V12+4 -> 13 | W13: =W12+4 -> 14 | X13: =X12+4 -> 15 | Y13: 3
C14: =_xlfn.XLOOKUP(B14,ppv[VisualId],ppv[DpmBucket],"") -> 0 | M14: 2 | N14: 4 | O14: =O13+4 -> 16 | P14: =P13+4 -> 17 | Q14: =Q13+4 -> 18 | R14: =R13+4 -> 19 | S14: XB | T14: XB | U14: =U13+4 -> 16 | V14: =V13+4 -> 17 | W14: =W13+4 -> 18 | X14: =X13+4 -> 19 | Y14: 4
C15: =_xlfn.XLOOKUP(B15,ppv[VisualId],ppv[DpmBucket],"") -> 0 | N15: 5 | O15: =O14+4 -> 20 | P15: =P14+4 -> 21 | Q15: =Q14+4 -> 22 | R15: =R14+4 -> 23 | S15: XB | T15: XB | U15: =U14+4 -> 20 | V15: =V14+4 -> 21 | W15: =W14+4 -> 22 | X15: =X14+4 -> 23 | Y15: 5
C16: =_xlfn.XLOOKUP(B16,ppv[VisualId],ppv[DpmBucket],"") -> 0 | M16: 3 | N16: 6 | O16: =O15+4 -> 24 | P16: =P15+4 -> 25 | Q16: =Q15+4 -> 26 | R16: =R15+4 -> 27 | S16: XB | T16: XB | U16: =U15+4 -> 24 | V16: =V15+4 -> 25 | W16: =W15+4 -> 26 | X16: =X15+4 -> 27 | Y16: 6
C17: =_xlfn.XLOOKUP(B17,ppv[VisualId],ppv[DpmBucket],"") -> 0 | N17: 7 | O17: =O16+4 -> 28 | P17: =P16+4 -> 29 | Q17: =Q16+4 -> 30 | R17: =R16+4 -> 31 | S17: XB | T17: XB | U17: =U16+4 -> 28 | V17: =V16+4 -> 29 | W17: =W16+4 -> 30 | X17: =X16+4 -> 31 | Y17: 7
C18: =_xlfn.XLOOKUP(B18,ppv[VisualId],ppv[DpmBucket],"") -> 0 | U18: UXI SWITCH
C19: =_xlfn.XLOOKUP(B19,ppv[VisualId],ppv[DpmBucket],"") -> 0 | U19: D2D | V19: D2D | W19: D2D | X19: D2D
C20: =_xlfn.XLOOKUP(B20,ppv[VisualId],ppv[DpmBucket],"") -> 0
C21: =_xlfn.XLOOKUP(B21,ppv[VisualId],ppv[DpmBucket],"") -> 0 | J21: FAILS | L21: CBB | N21: DCM (CORE) | T21: CLUSTER (CBO)
C22: =_xlfn.XLOOKUP(B22,ppv[VisualId],ppv[DpmBucket],"") -> 0 | J22: LLC | L22: 1 | N22: R/C | O22: 0 | P22: 1 | Q22: 2 | R22: 3 | S22: TOP | T22: BASE | U22: 0 | V22: 1 | W22: 2 | X22: 3 | Y22: R/C
C23: =_xlfn.XLOOKUP(B23,ppv[VisualId],ppv[DpmBucket],"") -> 0 | J23: MODULE | L23: COMPUTE | M23: 0 | N23: 0 | O23: =L22*(32)+O22 -> 32 | P23: =L22*(32)+P22 -> 33 | Q23: =L22*(32)+Q22 -> 34 | R23: =L22*(32)+R22 -> 35 | S23: XB | T23: XB | U23: =L22*(32)+U22 -> 32 | V23: =L22*(32)+V22 -> 33 | W23: =L22*(32)+W22 -> 34 | X23: =L22*(32)+X22 -> 35 | Y23: 0
C24: =_xlfn.XLOOKUP(B24,ppv[VisualId],ppv[DpmBucket],"") -> 0 | J24: CHA | N24: 1 | O24: =O23+4 -> 36 | P24: =P23+4 -> 37 | Q24: =Q23+4 -> 38 | R24: =R23+4 -> 39 | S24: XB | T24: XB | U24: =U23+4 -> 36 | V24: =V23+4 -> 37 | W24: =W23+4 -> 38 | X24: =X23+4 -> 39 | Y24: 1
C25: =_xlfn.XLOOKUP(B25,ppv[VisualId],ppv[DpmBucket],"") -> 0 | J25: MEM | M25: 1 | N25: 2 | O25: =O24+4 -> 40 | P25: =P24+4 -> 41 | Q25: =Q24+4 -> 42 | R25: =R24+4 -> 43 | S25: XB | T25: XB | U25: =U24+4 -> 40 | V25: =V24+4 -> 41 | W25: =W24+4 -> 42 | X25: =X24+4 -> 43 | Y25: 2
C26: =_xlfn.XLOOKUP(B26,ppv[VisualId],ppv[DpmBucket],"") -> 0 | N26: 3 | O26: =O25+4 -> 44 | P26: =P25+4 -> 45 | Q26: =Q25+4 -> 46 | R26: =R25+4 -> 47 | S26: XB | T26: XB | U26: =U25+4 -> 44 | V26: =V25+4 -> 45 | W26: =W25+4 -> 46 | X26: =X25+4 -> 47 | Y26: 3
C27: =_xlfn.XLOOKUP(B27,ppv[VisualId],ppv[DpmBucket],"") -> 0 | M27: 2 | N27: 4 | O27: =O26+4 -> 48 | P27: =P26+4 -> 49 | Q27: =Q26+4 -> 50 | R27: =R26+4 -> 51 | S27: XB | T27: XB | U27: =U26+4 -> 48 | V27: =V26+4 -> 49 | W27: =W26+4 -> 50 | X27: =X26+4 -> 51 | Y27: 4
C28: =_xlfn.XLOOKUP(B28,ppv[VisualId],ppv[DpmBucket],"") -> 0 | N28: 5 | O28: =O27+4 -> 52 | P28: =P27+4 -> 53 | Q28: =Q27+4 -> 54 | R28: =R27+4 -> 55 | S28: XB | T28: XB | U28: =U27+4 -> 52 | V28: =V27+4 -> 53 | W28: =W27+4 -> 54 | X28: =X27+4 -> 55 | Y28: 5
C29: =_xlfn.XLOOKUP(B29,ppv[VisualId],ppv[DpmBucket],"") -> 0 | M29: 3 | N29: 6 | O29: =O28+4 -> 56 | P29: =P28+4 -> 57 | Q29: =Q28+4 -> 58 | R29: =R28+4 -> 59 | S29: XB | T29: XB | U29: =U28+4 -> 56 | V29: =V28+4 -> 57 | W29: =W28+4 -> 58 | X29: =X28+4 -> 59 | Y29: 6
C30: =_xlfn.XLOOKUP(B30,ppv[VisualId],ppv[DpmBucket],"") -> 0 | N30: 7 | O30: =O29+4 -> 60 | P30: =P29+4 -> 61 | Q30: =Q29+4 -> 62 | R30: =R29+4 -> 63 | S30: XB | T30: XB | U30: =U29+4 -> 60 | V30: =V29+4 -> 61 | W30: =W29+4 -> 62 | X30: =X29+4 -> 63 | Y30: 7
C31: =_xlfn.XLOOKUP(B31,ppv[VisualId],ppv[DpmBucket],"") -> 0 | U31: UXI SWITCH
C32: =_xlfn.XLOOKUP(B32,ppv[VisualId],ppv[DpmBucket],"") -> 0 | U32: D2D | V32: D2D | W32: D2D | X32: D2D
C33: =_xlfn.XLOOKUP(B33,ppv[VisualId],ppv[DpmBucket],"") -> 0
C34: =_xlfn.XLOOKUP(B34,ppv[VisualId],ppv[DpmBucket],"") -> 0 | J34: FAILS | L34: CBB | N34: DCM (CORE) | T34: CLUSTER (CBO)
C35: =_xlfn.XLOOKUP(B35,ppv[VisualId],ppv[DpmBucket],"") -> 0 | J35: LLC | L35: 2 | N35: R/C | O35: 0 | P35: 1 | Q35: 2 | R35: 3 | S35: TOP | T35: BASE | U35: 0 | V35: 1 | W35: 2 | X35: 3 | Y35: R/C
C36: =_xlfn.XLOOKUP(B36,ppv[VisualId],ppv[DpmBucket],"") -> 0 | J36: MODULE | L36: COMPUTE | M36: 0 | N36: 0 | O36: =L35*(32)+O35 -> 64 | P36: =L35*(32)+P35 -> 65 | Q36: =L35*(32)+Q35 -> 66 | R36: =L35*(32)+R35 -> 67 | S36: XB | T36: XB | U36: =L35*(32)+U35 -> 64 | V36: =L35*(32)+V35 -> 65 | W36: =L35*(32)+W35 -> 66 | X36: =L35*(32)+X35 -> 67 | Y36: 0
C37: =_xlfn.XLOOKUP(B37,ppv[VisualId],ppv[DpmBucket],"") -> 0 | J37: CHA | N37: 1 | O37: =O36+4 -> 68 | P37: =P36+4 -> 69 | Q37: =Q36+4 -> 70 | R37: =R36+4 -> 71 | S37: XB | T37: XB | U37: =U36+4 -> 68 | V37: =V36+4 -> 69 | W37: =W36+4 -> 70 | X37: =X36+4 -> 71 | Y37: 1
J38: MEM | M38: 1 | N38: 2 | O38: =O37+4 -> 72 | P38: =P37+4 -> 73 | Q38: =Q37+4 -> 74 | R38: =R37+4 -> 75 | S38: XB | T38: XB | U38: =U37+4 -> 72 | V38: =V37+4 -> 73 | W38: =W37+4 -> 74 | X38: =X37+4 -> 75 | Y38: 2
N39: 3 | O39: =O38+4 -> 76 | P39: =P38+4 -> 77 | Q39: =Q38+4 -> 78 | R39: =R38+4 -> 79 | S39: XB | T39: XB | U39: =U38+4 -> 76 | V39: =V38+4 -> 77 | W39: =W38+4 -> 78 | X39: =X38+4 -> 79 | Y39: 3
M40: 2 | N40: 4 | O40: =O39+4 -> 80 | P40: =P39+4 -> 81 | Q40: =Q39+4 -> 82 | R40: =R39+4 -> 83 | S40: XB | T40: XB | U40: =U39+4 -> 80 | V40: =V39+4 -> 81 | W40: =W39+4 -> 82 | X40: =X39+4 -> 83 | Y40: 4
N41: 5 | O41: =O40+4 -> 84 | P41: =P40+4 -> 85 | Q41: =Q40+4 -> 86 | R41: =R40+4 -> 87 | S41: XB | T41: XB | U41: =U40+4 -> 84 | V41: =V40+4 -> 85 | W41: =W40+4 -> 86 | X41: =X40+4 -> 87 | Y41: 5
M42: 3 | N42: 6 | O42: =O41+4 -> 88 | P42: =P41+4 -> 89 | Q42: =Q41+4 -> 90 | R42: =R41+4 -> 91 | S42: XB | T42: XB | U42: =U41+4 -> 88 | V42: =V41+4 -> 89 | W42: =W41+4 -> 90 | X42: =X41+4 -> 91 | Y42: 6
N43: 7 | O43: =O42+4 -> 92 | P43: =P42+4 -> 93 | Q43: =Q42+4 -> 94 | R43: =R42+4 -> 95 | S43: XB | T43: XB | U43: =U42+4 -> 92 | V43: =V42+4 -> 93 | W43: =W42+4 -> 94 | X43: =X42+4 -> 95 | Y43: 7
U44: UXI SWITCH
U45: D2D | V45: D2D | W45: D2D | X45: D2D
J47: FAILS | L47: CBB | N47: DCM (CORE) | T47: CLUSTER (CBO)
J48: LLC | L48: 3 | N48: R/C | O48: 0 | P48: 1 | Q48: 2 | R48: 3 | S48: TOP | T48: BASE | U48: 0 | V48: 1 | W48: 2 | X48: 3 | Y48: R/C
J49: MODULE | L49: COMPUTE | M49: 0 | N49: 0 | O49: =L48*(32)+O48 -> 96 | P49: =L48*(32)+P48 -> 97 | Q49: =L48*(32)+Q48 -> 98 | R49: =L48*(32)+R48 -> 99 | S49: XB | T49: XB | U49: =L48*(32)+U48 -> 96 | V49: =L48*(32)+V48 -> 97 | W49: =L48*(32)+W48 -> 98 | X49: =L48*(32)+X48 -> 99 | Y49: 0
J50: CHA | N50: 1 | O50: =O49+4 -> 100 | P50: =P49+4 -> 101 | Q50: =Q49+4 -> 102 | R50: =R49+4 -> 103 | S50: XB | T50: XB | U50: =U49+4 -> 100 | V50: =V49+4 -> 101 | W50: =W49+4 -> 102 | X50: =X49+4 -> 103 | Y50: 1
J51: MEM | M51: 1 | N51: 2 | O51: =O50+4 -> 104 | P51: =P50+4 -> 105 | Q51: =Q50+4 -> 106 | R51: =R50+4 -> 107 | S51: XB | T51: XB | U51: =U50+4 -> 104 | V51: =V50+4 -> 105 | W51: =W50+4 -> 106 | X51: =X50+4 -> 107 | Y51: 2
N52: 3 | O52: =O51+4 -> 108 | P52: =P51+4 -> 109 | Q52: =Q51+4 -> 110 | R52: =R51+4 -> 111 | S52: XB | T52: XB | U52: =U51+4 -> 108 | V52: =V51+4 -> 109 | W52: =W51+4 -> 110 | X52: =X51+4 -> 111 | Y52: 3
M53: 2 | N53: 4 | O53: =O52+4 -> 112 | P53: =P52+4 -> 113 | Q53: =Q52+4 -> 114 | R53: =R52+4 -> 115 | S53: XB | T53: XB | U53: =U52+4 -> 112 | V53: =V52+4 -> 113 | W53: =W52+4 -> 114 | X53: =X52+4 -> 115 | Y53: 4
N54: 5 | O54: =O53+4 -> 116 | P54: =P53+4 -> 117 | Q54: =Q53+4 -> 118 | R54: =R53+4 -> 119 | S54: XB | T54: XB | U54: =U53+4 -> 116 | V54: =V53+4 -> 117 | W54: =W53+4 -> 118 | X54: =X53+4 -> 119 | Y54: 5
M55: 3 | N55: 6 | O55: =O54+4 -> 120 | P55: =P54+4 -> 121 | Q55: =Q54+4 -> 122 | R55: =R54+4 -> 123 | S55: XB | T55: XB | U55: =U54+4 -> 120 | V55: =V54+4 -> 121 | W55: =W54+4 -> 122 | X55: =X54+4 -> 123 | Y55: 6
N56: 7 | O56: =O55+4 -> 124 | P56: =P55+4 -> 125 | Q56: =Q55+4 -> 126 | R56: =R55+4 -> 127 | S56: XB | T56: XB | U56: =U55+4 -> 124 | V56: =V55+4 -> 125 | W56: =W55+4 -> 126 | X56: =X55+4 -> 127 | Y56: 7
U57: UXI SWITCH
U58: D2D | V58: D2D | W58: D2D | X58: D2D
J60: FAILS | N60: IMH0 | O60: 0 | P60: 1 | Q60: 2 | R60: 3 | S60: 4 | T60: 5 | U60: 6 | V60: 7 | W60: 8 | X60: IMH0
J61: LLC | N61: 0 | O61: CH12 | P61: D2D0 | V61: D2D2 | W61: CH4 | X61: 0
J62: MODULE | N62: 1 | O62: CH14 | Q62: SCA | R62: UBOX | S62: HIO | T62: HIO | U62: SCA | W62: CH6 | X62: 1
J63: CHA | N63: 2 | O63: CH10 | P63: UXI | Q63: SCA | R63: HIO | S63: HIO | T63: HIO | U63: SCA | W63: CH2 | X63: 2
J64: MEM | N64: 3 | O64: CH8 | P64: D2D1 | V64: D2D3 | W64: CH0 | X64: 3
N65: IMH0 | X65: IMH0
N67: IMH1 | O67: 0 | P67: 1 | Q67: 2 | R67: 3 | S67: 4 | T67: 5 | U67: 6 | V67: 7 | W67: 8 | X67: IMH1
N68: 0 | O68: CH9 | P68: D2D0 | V68: D2D2 | W68: CH1 | X68: 0
N69: 1 | O69: CH11 | Q69: SCA | R69: UBOX | S69: HIO | T69: HIO | U69: SCA | W69: CH3 | X69: 1
N70: 2 | O70: CH13 | P70: UXI | Q70: SCA | R70: HIO | S70: HIO | T70: HIO | U70: SCA | W70: CH5 | X70: 2
N71: 3 | O71: CH15 | P71: D2D1 | V71: D2D3 | W71: CH7 | X71: 3
N72: IMH1 | X72: IMH1

Sheet ErrorData
A1: This Sheet is for miscelanous calculations, avoid modifying it unless necessary as it might end up giving wrong data analysis if not managed carefully. | F1: char | G1: =IF(MC_Check!AE2="DPMB","__",".") -> __ | I1: LOG = PHY | AK1: WIP | AT1: S3M | AX1: PUNIT
A2: Failing_LLC | B2: Failing_CHA | C2: Failing_Core | D2: Formats | F2: CBB | G2: location | H2: Module | I2: Module_log | J2: Compute | K2: ROW | L2: ENV | M2: CBO | N2: corefail | O2: llcfail | P2: chafail | Q2: CBO_MCA_String | R2: CHA_Hitter_Count | S2: IFU_MCA_String | T2: Core_IFU_Count | U2: ROB_MCA_String | V2: Core_ROB_Count | W2: DCU_MCA_String | X2: Core_DCU_Count | Y2: CORE_DTLB_String | Z2: Core_DTLB_Count | AA2: Core_ML2_String | AB2: Core_ML2_Count | AC2: Core_L2_String - SPARE | AD2: Core_L2_Count - SPARE | AE2: Core_Hitter_Count | AF2: Core_FAILS | AG2: LLC_MCA_String - Not Used | AH2: LLC_Hitter_Count | AK2: Compute | AL2: location | AM2: Name | AN2: fail | AO2: MEMMS_MCA_String | AP2: MEMSS_Hitter_Count | AT2: type | AU2: MCA_String | AV2: Counter | AX2: type | AY2: MCA_String | AZ2: Counter
A3: {=IFERROR(SUBSTITUTE(_xlfn._xlws.FILTER(_xlfn.UNIQUE(cha_mc[VisualId]&cha_mc[TestName]),ISNUMBER(SEARCH(MC_Check!H2 & "*LLC*__MCI_STATUS*", _xlfn.UNIQUE(cha_mc[VisualId]&cha_mc[TestName])))),MC_Check!H2,""),"No LLC Data Found")} -> No LLC Data Found | B3: {=IFERROR(SUBSTITUTE(_xlfn._xlws.FILTER(_xlfn.UNIQUE(cha_mc[VisualId]&cha_mc[TestName]),ISNUMBER(SEARCH(MC_Check!H2 & "*CBREGS*__MC_STATUS*", _xlfn.UNIQUE(cha_mc[VisualId]&cha_mc[TestName])))),MC_Check!H2,""), "No CHA Data Found")} -> No CHA Data Found | C3: {=IFERROR(SUBSTITUTE(_xlfn._xlws.FILTER(_xlfn.UNIQUE(core_mc[VisualId]&core_mc[TestName]),ISNUMBER(SEARCH(MC_Check!H2 & "**CR_MC3_STATUS*", _xlfn.UNIQUE(core_mc[VisualId]&core_mc[TestName])))),MC_Check!H2,""), "No CORE Data Found")} -> No CORE Data Found | D3: DPMB | F3: 0 | G3: 0 | H3: =IF(MC_Check!$AN$2="PHY",misc[[#This Row],[location]],misc[[#This Row],[Module_log]]) -> 0 | I3: =misc[[#This Row],[Module]] -> 0 | J3: 0 | K3: 0 | L3: 0 | M3: =_xlfn.TEXTJOIN("",,misc[[#This Row],[ROW]],misc[[#This Row],[ROW]]) -> 00 | N3: =misc[[#This Row],[Core_Hitter_Count]]>0 -> FALSE | O3: =misc[[#This Row],[LLC_Hitter_Count]]>0 -> FALSE | P3: =misc[[#This Row],[CHA_Hitter_Count]]>0 -> FALSE | Q3: =_xlfn.TEXTJOIN("",,"*SOCKET0**CBB",misc[[#This Row],[CBB]],"**BASE**I_CCF_ENV",misc[[#This Row],[ENV]],splitchar,"CBREGS_ALL",misc[[#This Row],[CBO]],splitchar,"MC_STATUS*") -> *SOCKET0**CBB0**BASE**I_CCF_ENV0__CBREGS_ALL00__MC_STATUS* | R3: =COUNTIFS(cha_mc[TestName],misc[[#This Row],[CBO_MCA_String]],cha_mc[VisualId],MC_Check!$H$2) -> 0 | S3: =_xlfn.TEXTJOIN("",,"*SOCKET0**CBB",misc[[#This Row],[CBB]],"**COMPUTE",misc[[#This Row],[Compute]],"**MODULE",misc[[#This Row],[Module]],splitchar,"**CORE**IFU*CR*MC0*STATUS**") -> *SOCKET0**CBB0**COMPUTE0**MODULE0__**CORE**IFU*CR*MC0*STATUS** | T3: =COUNTIFS(core_mc[TestName],misc[[#This Row],[IFU_MCA_String]],core_mc[VisualId],MC_Check!$H$2) -> 0 | U3: =_xlfn.TEXTJOIN("",,"*SOCKET0**CBB",misc[[#This Row],[CBB]],"**COMPUTE",misc[[#This Row],[Compute]],"**MODULE",misc[[#This Row],[Module]],splitchar,"**CORE**ROB1*CR*MC*STATUS**") -> *SOCKET0**CBB0**COMPUTE0**MODULE0__**CORE**ROB1*CR*MC*STATUS** | V3: =COUNTIFS(core_mc[TestName],misc[[#This Row],[ROB_MCA_String]],core_mc[VisualId],MC_Check!$H$2) -> 0 | W3: =_xlfn.TEXTJOIN("",,"*SOCKET0**CBB",misc[[#This Row],[CBB]],"**COMPUTE",misc[[#This Row],[Compute]],"**MODULE",misc[[#This Row],[Module]],splitchar,"**CORE**DCU*CR*MC1*STATUS**") -> *SOCKET0**CBB0**COMPUTE0**MODULE0__**CORE**DCU*CR*MC1*STATUS** | X3: =COUNTIFS(core_mc[TestName],misc[[#This Row],[DCU_MCA_String]],core_mc[VisualId],MC_Check!$H$2) -> 0 | Y3: =_xlfn.TEXTJOIN("",,"*SOCKET0**CBB",misc[[#This Row],[CBB]],"**COMPUTE",misc[[#This Row],[Compute]],"**MODULE",misc[[#This Row],[Module]],splitchar,"**CORE**DTLB*CR*MC2*STATUS**") -> *SOCKET0**CBB0**COMPUTE0**MODULE0__**CORE**DTLB*CR*MC2*STATUS** | Z3: =COUNTIFS(core_mc[TestName],misc[[#This Row],[CORE_DTLB_String]],core_mc[VisualId],MC_Check!$H$2) -> 0 | AA3: =_xlfn.TEXTJOIN("",,"*SOCKET0**CBB",misc[[#This Row],[CBB]],"**COMPUTE",misc[[#This Row],[Compute]],"**MODULE",misc[[#This Row],[Module]],splitchar,"**ML2*CR*MC3*STATUS**") -> *SOCKET0**CBB0**COMPUTE0**MODULE0__**ML2*CR*MC3*STATUS** | AB3: =COUNTIFS(core_mc[TestName],misc[[#This Row],[Core_ML2_String]],core_mc[VisualId],MC_Check!$H$2) -> 0 | AC3: =_xlfn.TEXTJOIN("",,"*SOCKET0**CBB",misc[[#This Row],[CBB]],"**COMPUTE",misc[[#This Row],[Compute]],"**MODULE",misc[[#This Row],[Module]],splitchar,"SPARE") -> *SOCKET0**CBB0**COMPUTE0**MODULE0__SPARE | AD3: =COUNTIFS(core_mc[TestName],misc[[#This Row],[Core_L2_String - SPARE]],core_mc[VisualId],MC_Check!$H$2) -> 0 | AE3: =misc[[#This Row],[Core_DTLB_Count]]+misc[[#This Row],[Core_DCU_Count]]+misc[[#This Row],[Core_IFU_Count]]+misc[[#This Row],[Core_ROB_Count]]+misc[[#This Row],[Core_L2_Count - SPARE]]+misc[[#This Row],[Core_ML2_Count]] -> 0 | AF3: =_xlfn.TEXTJOIN(", ",,IF(misc[[#This Row],[Core_IFU_Count]]>0,"IFU",""),IF(misc[[#This Row],[Core_DCU_Count]]>0,"DCU",""),IF(misc[[#This Row],[Core_DTLB_Count]]>0,"DTLB",""),IF(misc[[#This Row],[Core_ROB_Count]]>0,"ROB",""),IF(misc[[#This Row],[Core_ML2_Count]]>0,"ML2",""),IF(misc[[#This Row],[Core_L2_Count - SPARE]]>0,"L2","")) | AG3: =_xlfn.TEXTJOIN("",,"*SOCKET0**CBB",misc[[#This Row],[CBB]],"**BASE**I_CCF**ENV",misc[[#This Row],[ENV]],splitchar,"CBREGS_ALL",misc[[#This Row],[CBO]],splitchar,"SPARE") -> *SOCKET0**CBB0**BASE**I_CCF**ENV0__CBREGS_ALL00__SPARE | AH3: =COUNTIFS(cha_mc[TestName],misc[[#This Row],[LLC_MCA_String - Not Used]],cha_mc[VisualId],MC_Check!$H$2) -> 0 | AK3: 1 | AL3: 0 | AM3: ="CH"&memss[[#This Row],[location]] -> CH0 | AN3: =memss[[#This Row],[MEMSS_Hitter_Count]]>0 -> FALSE | AO3: =_xlfn.TEXTJOIN("",,"*SOCKET0**SOC**MEMSS**B2CMI",memss[[#This Row],[location]],splitchar,"MCI*STATUS*SHADOW*") -> *SOCKET0**SOC**MEMSS**B2CMI0__MCI*STATUS*SHADOW* | AP3: =COUNTIFS(cha_mc[TestName],memss[[#This Row],[MEMMS_MCA_String]],cha_mc[VisualId],MC_Check!$H$2) -> 0 | AT3: io0 | AU3: ="*SOCKET0**IO0**TAPS**IOW*GLBW*IS3M*IBL*TOP110"&splitchar&"TAP*S3M*ERR*STS*" -> *SOCKET0**IO0**TAPS**IOW*GLBW*IS3M*IBL*TOP110__TAP*S3M*ERR*STS* | AV3: =COUNTIFS(cha_mc[TestName],s3errors[[#This Row],[MCA_String]],cha_mc[VisualId],MC_Check!$H$2) -> 0 | AX3: io0 | AY3: ="*SOCKET0**IO0**UNCORE**PUNIT**PTPCFSMS**PTPCFSMS"&splitchar&"MC*STATUS*" -> *SOCKET0**IO0**UNCORE**PUNIT**PTPCFSMS**PTPCFSMS__MC*STATUS* | AZ3: =COUNTIFS(cha_mc[TestName],punitmcas[[#This Row],[MCA_String]],cha_mc[VisualId],MC_Check!$H$2) -> 0
D4: REGISTERS | F4: 0 | G4: 1 | H4: =IF(MC_Check!$AN$2="PHY",misc[[#This Row],[location]],misc[[#This Row],[Module_log]]) -> 1 | I4: =misc[[#This Row],[Module]] -> 1 | J4: 0 | K4: 0 | L4: 1 | M4: =_xlfn.TEXTJOIN("",,misc[[#This Row],[ROW]],misc[[#This Row],[ROW]]) -> 00 | N4: =misc[[#This Row],[Core_Hitter_Count]]>0 -> FALSE | O4: =misc[[#This Row],[LLC_Hitter_Count]]>0 -> FALSE | P4: =misc[[#This Row],[CHA_Hitter_Count]]>0 -> FALSE | Q4: =_xlfn.TEXTJOIN("",,"*SOCKET0**CBB",misc[[#This Row],[CBB]],"**BASE**I_CCF_ENV",misc[[#This Row],[ENV]],splitchar,"CBREGS_ALL",misc[[#This Row],[CBO]],splitchar,"MC_STATUS*") -> *SOCKET0**CBB0**BASE**I_CCF_ENV1__CBREGS_ALL00__MC_STATUS* | R4: =COUNTIFS(cha_mc[TestName],misc[[#This Row],[CBO_MCA_String]],cha_mc[VisualId],MC_Check!$H$2) -> 0 | S4: =_xlfn.TEXTJOIN("",,"*SOCKET0**CBB",misc[[#This Row],[CBB]],"**COMPUTE",misc[[#This Row],[Compute]],"**MODULE",misc[[#This Row],[Module]],splitchar,"**CORE**IFU*CR*MC0*STATUS**") -> *SOCKET0**CBB0**COMPUTE0**MODULE1__**CORE**IFU*CR*MC0*STATUS** | T4: =COUNTIFS(core_mc[TestName],misc[[#This Row],[IFU_MCA_String]],core_mc[VisualId],MC_Check!$H$2) -> 0 | U4: =_xlfn.TEXTJOIN("",,"*SOCKET0**CBB",misc[[#This Row],[CBB]],"**COMPUTE",misc[[#This Row],[Compute]],"**MODULE",misc[[#This Row],[Module]],splitchar,"**CORE**ROB1*CR*MC*STATUS**") -> *SOCKET0**CBB0**COMPUTE0**MODULE1__**CORE**ROB1*CR*MC*STATUS** | V4: =COUNTIFS(core_mc[TestName],misc[[#This Row],[ROB_MCA_String]],core_mc[VisualId],MC_Check!$H$2) -> 0 | W4: =_xlfn.TEXTJOIN("",,"*SOCKET0**CBB",misc[[#This Row],[CBB]],"**COMPUTE",misc[[#This Row],[Compute]],"**MODULE",misc[[#This Row],[Module]],splitchar,"**CORE**DCU*CR*MC1*STATUS**") -> *SOCKET0**CBB0**COMPUTE0**MODULE1__**CORE**DCU*CR*MC1*STATUS** | X4: =COUNTIFS(core_mc[TestName],misc[[#This Row],[DCU_MCA_String]],core_mc[VisualId],MC_Check!$H$2) -> 0 | Y4: =_xlfn.TEXTJOIN("",,"*SOCKET0**CBB",misc[[#This Row],[CBB]],"**COMPUTE",misc[[#This Row],[Compute]],"**MODULE",misc[[#This Row],[Module]],splitchar,"**CORE**DTLB*CR*MC2*STATUS**") -> *SOCKET0**CBB0**COMPUTE0**MODULE1__**CORE**DTLB*CR*MC2*STATUS** | Z4: =COUNTIFS(core_mc[TestName],misc[[#This Row],[CORE_DTLB_String]],core_mc[VisualId],MC_Check!$H$2) -> 0 | AA4: =_xlfn.TEXTJOIN("",,"*SOCKET0**CBB",misc[[#This Row],[CBB]],"**COMPUTE",misc[[#This Row],[Compute]],"**MODULE",misc[[#This Row],[Module]],splitchar,"**ML2*CR*MC3*STATUS**") -> *SOCKET0**CBB0**COMPUTE0**MODULE1__**ML2*CR*MC3*STATUS** | AB4: =COUNTIFS(core_mc[TestName],misc[[#This Row],[Core_ML2_String]],core_mc[VisualId],MC_Check!$H$2) -> 0 | AC4: =_xlfn.TEXTJOIN("",,"*SOCKET0**CBB",misc[[#This Row],[CBB]],"**COMPUTE",misc[[#This Row],[Compute]],"**MODULE",misc[[#This Row],[Module]],splitchar,"SPARE") -> *SOCKET0**CBB0**COMPUTE0**MODULE1__SPARE | AD4: =COUNTIFS(core_mc[TestName],misc[[#This Row],[Core_L2_String - SPARE]],core_mc[VisualId],MC_Check!$H$2) -> 0 | AE4: =misc[[#This Row],[Core_DTLB_Count]]+misc[[#This Row],[Core_DCU_Count]]+misc[[#This Row],[Core_IFU_Count]]+misc[[#This Row],[Core_ROB_Count]]+misc[[#This Row],[Core_L2_Count - SPARE]]+misc[[#This Row],[Core_ML2_Count]] -> 0 | AF4: =_xlfn.TEXTJOIN(", ",,IF(misc[[#This Row],[Core_IFU_Count]]>0,"IFU",""),IF(misc[[#This Row],[Core_DCU_Count]]>0,"DCU",""),IF(misc[[#This Row],[Core_DTLB_Count]]>0,"DTLB",""),IF(misc[[#This Row],[Core_ROB_Count]]>0,"ROB",""),IF(misc[[#This Row],[Core_ML2_Count]]>0,"ML2",""),IF(misc[[#This Row],[Core_L2_Count - SPARE]]>0,"L2","")) | AG4: =_xlfn.TEXTJOIN("",,"*SOCKET0**CBB",misc[[#This Row],[CBB]],"**BASE**I_CCF**ENV",misc[[#This Row],[ENV]],splitchar,"CBREGS_ALL",misc[[#This Row],[CBO]],splitchar,"SPARE") -> *SOCKET0**CBB0**BASE**I_CCF**ENV1__CBREGS_ALL00__SPARE | AH4: =COUNTIFS(cha_mc[TestName],misc[[#This Row],[LLC_MCA_String - Not Used]],cha_mc[VisualId],MC_Check!$H$2) -> 0 | AK4: 1 | AL4: 1 | AM4: ="CH"&memss[[#This Row],[location]] -> CH1 | AN4: =memss[[#This Row],[MEMSS_Hitter_Count]]>0 -> FALSE | AO4: =_xlfn.TEXTJOIN("",,"*SOCKET0**SOC**MEMSS**B2CMI",memss[[#This Row],[location]],splitchar,"MCI*STATUS*SHADOW*") -> *SOCKET0**SOC**MEMSS**B2CMI1__MCI*STATUS*SHADOW* | AP4: =COUNTIFS(cha_mc[TestName],memss[[#This Row],[MEMMS_MCA_String]],cha_mc[VisualId],MC_Check!$H$2) -> 0 | AT4: io1 | AU4: ="*SOCKET0**IO1**TAPS**IOW*GLBW*IS3M*IBL*TOP110"&splitchar&"TAP*S3M*ERR*STS**" -> *SOCKET0**IO1**TAPS**IOW*GLBW*IS3M*IBL*TOP110__TAP*S3M*ERR*STS** | AV4: =COUNTIFS(cha_mc[TestName],s3errors[[#This Row],[MCA_String]],cha_mc[VisualId],MC_Check!$H$2) -> 0 | AX4: io1 | AY4: ="*SOCKET0**IO1**UNCORE**PUNIT**PTPCFSMS**PTPCFSMS"&splitchar&"MC*STATUS*" -> *SOCKET0**IO1**UNCORE**PUNIT**PTPCFSMS**PTPCFSMS__MC*STATUS* | AZ4: =COUNTIFS(cha_mc[TestName],punitmcas[[#This Row],[MCA_String]],cha_mc[VisualId],MC_Check!$H$2) -> 0
F5: 0 | G5: 2 | H5: =IF(MC_Check!$AN$2="PHY",misc[[#This Row],[location]],misc[[#This Row],[Module_log]]) -> 2 | I5: =misc[[#This Row],[Module]] -> 2 | J5: 0 | K5: 0 | L5: 2 | M5: =_xlfn.TEXTJOIN("",,misc[[#This Row],[ROW]],misc[[#This Row],[ROW]]) -> 00 | N5: =misc[[#This Row],[Core_Hitter_Count]]>0 -> FALSE | O5: =misc[[#This Row],[LLC_Hitter_Count]]>0 -> FALSE | P5: =misc[[#This Row],[CHA_Hitter_Count]]>0 -> FALSE | Q5: =_xlfn.TEXTJOIN("",,"*SOCKET0**CBB",misc[[#This Row],[CBB]],"**BASE**I_CCF_ENV",misc[[#This Row],[ENV]],splitchar,"CBREGS_ALL",misc[[#This Row],[CBO]],splitchar,"MC_STATUS*") -> *SOCKET0**CBB0**BASE**I_CCF_ENV2__CBREGS_ALL00__MC_STATUS* | R5: =COUNTIFS(cha_mc[TestName],misc[[#This Row],[CBO_MCA_String]],cha_mc[VisualId],MC_Check!$H$2) -> 0 | S5: =_xlfn.TEXTJOIN("",,"*SOCKET0**CBB",misc[[#This Row],[CBB]],"**COMPUTE",misc[[#This Row],[Compute]],"**MODULE",misc[[#This Row],[Module]],splitchar,"**CORE**IFU*CR*MC0*STATUS**") -> *SOCKET0**CBB0**COMPUTE0**MODULE2__**CORE**IFU*CR*MC0*STATUS** | T5: =COUNTIFS(core_mc[TestName],misc[[#This Row],[IFU_MCA_String]],core_mc[VisualId],MC_Check!$H$2) -> 0 | U5: =_xlfn.TEXTJOIN("",,"*SOCKET0**CBB",misc[[#This Row],[CBB]],"**COMPUTE",misc[[#This Row],[Compute]],"**MODULE",misc[[#This Row],[Module]],splitchar,"**CORE**ROB1*CR*MC*STATUS**") -> *SOCKET0**CBB0**COMPUTE0**MODULE2__**CORE**ROB1*CR*MC*STATUS** | V5: =COUNTIFS(core_mc[TestName],misc[[#This Row],[ROB_MCA_String]],core_mc[VisualId],MC_Check!$H$2) -> 0 | W5: =_xlfn.TEXTJOIN("",,"*SOCKET0**CBB",misc[[#This Row],[CBB]],"**COMPUTE",misc[[#This Row],[Compute]],"**MODULE",misc[[#This Row],[Module]],splitchar,"**CORE**DCU*CR*MC1*STATUS**") -> *SOCKET0**CBB0**COMPUTE0**MODULE2__**CORE**DCU*CR*MC1*STATUS** | X5: =COUNTIFS(core_mc[TestName],misc[[#This Row],[DCU_MCA_String]],core_mc[VisualId],MC_Check!$H$2) -> 0 | Y5: =_xlfn.TEXTJOIN("",,"*SOCKET0**CBB",misc[[#This Row],[CBB]],"**COMPUTE",misc[[#This Row],[Compute]],"**MODULE",misc[[#This Row],[Module]],splitchar,"**CORE**DTLB*CR*MC2*STATUS**") -> *SOCKET0**CBB0**COMPUTE0**MODULE2__**CORE**DTLB*CR*MC2*STATUS** | Z5: =COUNTIFS(core_mc[TestName],misc[[#This Row],[CORE_DTLB_String]],core_mc[VisualId],MC_Check!$H$2) -> 0 | AA5: =_xlfn.TEXTJOIN("",,"*SOCKET0**CBB",misc[[#This Row],[CBB]],"**COMPUTE",misc[[#This Row],[Compute]],"**MODULE",misc[[#This Row],[Module]],splitchar,"**ML2*CR*MC3*STATUS**") -> *SOCKET0**CBB0**COMPUTE0**MODULE2__**ML2*CR*MC3*STATUS** | AB5: =COUNTIFS(core_mc[TestName],misc[[#This Row],[Core_ML2_String]],core_mc[VisualId],MC_Check!$H$2) -> 0 | AC5: =_xlfn.TEXTJOIN("",,"*SOCKET0**CBB",misc[[#This Row],[CBB]],"**COMPUTE",misc[[#This Row],[Compute]],"**MODULE",misc[[#This Row],[Module]],splitchar,"SPARE") -> *SOCKET0**CBB0**COMPUTE0**MODULE2__SPARE | AD5: =COUNTIFS(core_mc[TestName],misc[[#This Row],[Core_L2_String - SPARE]],core_mc[VisualId],MC_Check!$H$2) -> 0 | AE5: =misc[[#This Row],[Core_DTLB_Count]]+misc[[#This Row],[Core_DCU_Count]]+misc[[#This Row],[Core_IFU_Count]]+misc[[#This Row],[Core_ROB_Count]]+misc[[#This Row],[Core_L2_Count - SPARE]]+misc[[#This Row],[Core_ML2_Count]] -> 0 | AF5: =_xlfn.TEXTJOIN(", ",,IF(misc[[#This Row],[Core_IFU_Count]]>0,"IFU",""),IF(misc[[#This Row],[Core_DCU_Count]]>0,"DCU",""),IF(misc[[#This Row],[Core_DTLB_Count]]>0,"DTLB",""),IF(misc[[#This Row],[Core_ROB_Count]]>0,"ROB",""),IF(misc[[#This Row],[Core_ML2_Count]]>0,"ML2",""),IF(misc[[#This Row],[Core_L2_Count - SPARE]]>0,"L2","")) | AG5: =_xlfn.TEXTJOIN("",,"*SOCKET0**CBB",misc[[#This Row],[CBB]],"**BASE**I_CCF**ENV",misc[[#This Row],[ENV]],splitchar,"CBREGS_ALL",misc[[#This Row],[CBO]],splitchar,"SPARE") -> *SOCKET0**CBB0**BASE**I_CCF**ENV2__CBREGS_ALL00__SPARE | AH5: =COUNTIFS(cha_mc[TestName],misc[[#This Row],[LLC_MCA_String - Not Used]],cha_mc[VisualId],MC_Check!$H$2) -> 0 | AK5: 0 | AL5: 2 | AM5: ="CH"&memss[[#This Row],[location]] -> CH2 | AN5: =memss[[#This Row],[MEMSS_Hitter_Count]]>0 -> FALSE | AO5: =_xlfn.TEXTJOIN("",,"*SOCKET0**SOC**MEMSS**B2CMI",memss[[#This Row],[location]],splitchar,"MCI*STATUS*SHADOW*") -> *SOCKET0**SOC**MEMSS**B2CMI2__MCI*STATUS*SHADOW* | AP5: =COUNTIFS(cha_mc[TestName],memss[[#This Row],[MEMMS_MCA_String]],cha_mc[VisualId],MC_Check!$H$2) -> 0 | AT5: cdie0 | AU5: ="*SOCKET0**COMPUTE0**TAPS**IOW*GLBW*IS3M*IBL*TOP110"&splitchar&"TAP*S3M*ERR*STS**" -> *SOCKET0**COMPUTE0**TAPS**IOW*GLBW*IS3M*IBL*TOP110__TAP*S3M*ERR*STS** | AV5: =COUNTIFS(cha_mc[TestName],s3errors[[#This Row],[MCA_String]],cha_mc[VisualId],MC_Check!$H$2) -> 0 | AX5: cdie0 | AY5: ="*SOCKET0**COMPUTE0**UNCORE**PUNIT**PTPCFSMS**PTPCFSMS"&splitchar&"MC*STATUS*" -> *SOCKET0**COMPUTE0**UNCORE**PUNIT**PTPCFSMS**PTPCFSMS__MC*STATUS* | AZ5: =COUNTIFS(cha_mc[TestName],punitmcas[[#This Row],[MCA_String]],cha_mc[VisualId],MC_Check!$H$2) -> 0
F6: 0 | G6: 3 | H6: =IF(MC_Check!$AN$2="PHY",misc[[#This Row],[location]],misc[[#This Row],[Module_log]]) -> 3 | I6: =misc[[#This Row],[Module]] -> 3 | J6: 0 | K6: 0 | L6: 3 | M6: =_xlfn.TEXTJOIN("",,misc[[#This Row],[ROW]],misc[[#This Row],[ROW]]) -> 00 | N6: =misc[[#This Row],[Core_Hitter_Count]]>0 -> FALSE | O6: =misc[[#This Row],[LLC_Hitter_Count]]>0 -> FALSE | P6: =misc[[#This Row],[CHA_Hitter_Count]]>0 -> FALSE | Q6: =_xlfn.TEXTJOIN("",,"*SOCKET0**CBB",misc[[#This Row],[CBB]],"**BASE**I_CCF_ENV",misc[[#This Row],[ENV]],splitchar,"CBREGS_ALL",misc[[#This Row],[CBO]],splitchar,"MC_STATUS*") -> *SOCKET0**CBB0**BASE**I_CCF_ENV3__CBREGS_ALL00__MC_STATUS* | R6: =COUNTIFS(cha_mc[TestName],misc[[#This Row],[CBO_MCA_String]],cha_mc[VisualId],MC_Check!$H$2) -> 0 | S6: =_xlfn.TEXTJOIN("",,"*SOCKET0**CBB",misc[[#This Row],[CBB]],"**COMPUTE",misc[[#This Row],[Compute]],"**MODULE",misc[[#This Row],[Module]],splitchar,"**CORE**IFU*CR*MC0*STATUS**") -> *SOCKET0**CBB0**COMPUTE0**MODULE3__**CORE**IFU*CR*MC0*STATUS** | T6: =COUNTIFS(core_mc[TestName],misc[[#This Row],[IFU_MCA_String]],core_mc[VisualId],MC_Check!$H$2) -> 0 | U6: =_xlfn.TEXTJOIN("",,"*SOCKET0**CBB",misc[[#This Row],[CBB]],"**COMPUTE",misc[[#This Row],[Compute]],"**MODULE",misc[[#This Row],[Module]],splitchar,"**CORE**ROB1*CR*MC*STATUS**") -> *SOCKET0**CBB0**COMPUTE0**MODULE3__**CORE**ROB1*CR*MC*STATUS** | V6: =COUNTIFS(core_mc[TestName],misc[[#This Row],[ROB_MCA_String]],core_mc[VisualId],MC_Check!$H$2) -> 0 | W6: =_xlfn.TEXTJOIN("",,"*SOCKET0**CBB",misc[[#This Row],[CBB]],"**COMPUTE",misc[[#This Row],[Compute]],"**MODULE",misc[[#This Row],[Module]],splitchar,"**CORE**DCU*CR*MC1*STATUS**") -> *SOCKET0**CBB0**COMPUTE0**MODULE3__**CORE**DCU*CR*MC1*STATUS** | X6: =COUNTIFS(core_mc[TestName],misc[[#This Row],[DCU_MCA_String]],core_mc[VisualId],MC_Check!$H$2) -> 0 | Y6: =_xlfn.TEXTJOIN("",,"*SOCKET0**CBB",misc[[#This Row],[CBB]],"**COMPUTE",misc[[#This Row],[Compute]],"**MODULE",misc[[#This Row],[Module]],splitchar,"**CORE**DTLB*CR*MC2*STATUS**") -> *SOCKET0**CBB0**COMPUTE0**MODULE3__**CORE**DTLB*CR*MC2*STATUS** | Z6: =COUNTIFS(core_mc[TestName],misc[[#This Row],[CORE_DTLB_String]],core_mc[VisualId],MC_Check!$H$2) -> 0 | AA6: =_xlfn.TEXTJOIN("",,"*SOCKET0**CBB",misc[[#This Row],[CBB]],"**COMPUTE",misc[[#This Row],[Compute]],"**MODULE",misc[[#This Row],[Module]],splitchar,"**ML2*CR*MC3*STATUS**") -> *SOCKET0**CBB0**COMPUTE0**MODULE3__**ML2*CR*MC3*STATUS** | AB6: =COUNTIFS(core_mc[TestName],misc[[#This Row],[Core_ML2_String]],core_mc[VisualId],MC_Check!$H$2) -> 0 | AC6: =_xlfn.TEXTJOIN("",,"*SOCKET0**CBB",misc[[#This Row],[CBB]],"**COMPUTE",misc[[#This Row],[Compute]],"**MODULE",misc[[#This Row],[Module]],splitchar,"SPARE") -> *SOCKET0**CBB0**COMPUTE0**MODULE3__SPARE | AD6: =COUNTIFS(core_mc[TestName],misc[[#This Row],[Core_L2_String - SPARE]],core_mc[VisualId],MC_Check!$H$2) -> 0 | AE6: =misc[[#This Row],[Core_DTLB_Count]]+misc[[#This Row],[Core_DCU_Count]]+misc[[#This Row],[Core_IFU_Count]]+misc[[#This Row],[Core_ROB_Count]]+misc[[#This Row],[Core_L2_Count - SPARE]]+misc[[#This Row],[Core_ML2_Count]] -> 0 | AF6: =_xlfn.TEXTJOIN(", ",,IF(misc[[#This Row],[Core_IFU_Count]]>0,"IFU",""),IF(misc[[#This Row],[Core_DCU_Count]]>0,"DCU",""),IF(misc[[#This Row],[Core_DTLB_Count]]>0,"DTLB",""),IF(misc[[#This Row],[Core_ROB_Count]]>0,"ROB",""),IF(misc[[#This Row],[Core_ML2_Count]]>0,"ML2",""),IF(misc[[#This Row],[Core_L2_Count - SPARE]]>0,"L2","")) | AG6: =_xlfn.TEXTJOIN("",,"*SOCKET0**CBB",misc[[#This Row],[CBB]],"**BASE**I_CCF**ENV",misc[[#This Row],[ENV]],splitchar,"CBREGS_ALL",misc[[#This Row],[CBO]],splitchar,"SPARE") -> *SOCKET0**CBB0**BASE**I_CCF**ENV3__CBREGS_ALL00__SPARE | AH6: =COUNTIFS(cha_mc[TestName],misc[[#This Row],[LLC_MCA_String - Not Used]],cha_mc[VisualId],MC_Check!$H$2) -> 0 | AK6: 0 | AL6: 3 | AM6: ="CH"&memss[[#This Row],[location]] -> CH3 | AN6: =memss[[#This Row],[MEMSS_Hitter_Count]]>0 -> FALSE | AO6: =_xlfn.TEXTJOIN("",,"*SOCKET0**SOC**MEMSS**B2CMI",memss[[#This Row],[location]],splitchar,"MCI*STATUS*SHADOW*") -> *SOCKET0**SOC**MEMSS**B2CMI3__MCI*STATUS*SHADOW* | AP6: =COUNTIFS(cha_mc[TestName],memss[[#This Row],[MEMMS_MCA_String]],cha_mc[VisualId],MC_Check!$H$2) -> 0 | AT6: cdie1 | AU6: ="*SOCKET0**COMPUTE1**TAPS**IOW*GLBW*IS3M*IBL*TOP110"&splitchar&"TAP*S3M*ERR*STS**" -> *SOCKET0**COMPUTE1**TAPS**IOW*GLBW*IS3M*IBL*TOP110__TAP*S3M*ERR*STS** | AV6: =COUNTIFS(cha_mc[TestName],s3errors[[#This Row],[MCA_String]],cha_mc[VisualId],MC_Check!$H$2) -> 0 | AX6: cdie1 | AY6: ="*SOCKET0**COMPUTE0**UNCORE**PUNIT**PTPCFSMS**PTPCFSMS"&splitchar&"MC*STATUS*" -> *SOCKET0**COMPUTE0**UNCORE**PUNIT**PTPCFSMS**PTPCFSMS__MC*STATUS* | AZ6: =COUNTIFS(cha_mc[TestName],punitmcas[[#This Row],[MCA_String]],cha_mc[VisualId],MC_Check!$H$2) -> 0
D7: ShowTop | F7: 0 | G7: 4 | H7: =IF(MC_Check!$AN$2="PHY",misc[[#This Row],[location]],misc[[#This Row],[Module_log]]) -> 4 | I7: =misc[[#This Row],[Module]] -> 4 | J7: 0 | K7: =K3+1 -> 1 | L7: 0 | M7: =_xlfn.TEXTJOIN("",,misc[[#This Row],[ROW]],misc[[#This Row],[ROW]]) -> 11 | N7: =misc[[#This Row],[Core_Hitter_Count]]>0 -> FALSE | O7: =misc[[#This Row],[LLC_Hitter_Count]]>0 -> FALSE | P7: =misc[[#This Row],[CHA_Hitter_Count]]>0 -> FALSE | Q7: =_xlfn.TEXTJOIN("",,"*SOCKET0**CBB",misc[[#This Row],[CBB]],"**BASE**I_CCF_ENV",misc[[#This Row],[ENV]],splitchar,"CBREGS_ALL",misc[[#This Row],[CBO]],splitchar,"MC_STATUS*") -> *SOCKET0**CBB0**BASE**I_CCF_ENV0__CBREGS_ALL11__MC_STATUS* | R7: =COUNTIFS(cha_mc[TestName],misc[[#This Row],[CBO_MCA_String]],cha_mc[VisualId],MC_Check!$H$2) -> 0 | S7: =_xlfn.TEXTJOIN("",,"*SOCKET0**CBB",misc[[#This Row],[CBB]],"**COMPUTE",misc[[#This Row],[Compute]],"**MODULE",misc[[#This Row],[Module]],splitchar,"**CORE**IFU*CR*MC0*STATUS**") -> *SOCKET0**CBB0**COMPUTE0**MODULE4__**CORE**IFU*CR*MC0*STATUS** | T7: =COUNTIFS(core_mc[TestName],misc[[#This Row],[IFU_MCA_String]],core_mc[VisualId],MC_Check!$H$2) -> 0 | U7: =_xlfn.TEXTJOIN("",,"*SOCKET0**CBB",misc[[#This Row],[CBB]],"**COMPUTE",misc[[#This Row],[Compute]],"**MODULE",misc[[#This Row],[Module]],splitchar,"**CORE**ROB1*CR*MC*STATUS**") -> *SOCKET0**CBB0**COMPUTE0**MODULE4__**CORE**ROB1*CR*MC*STATUS** | V7: =COUNTIFS(core_mc[TestName],misc[[#This Row],[ROB_MCA_String]],core_mc[VisualId],MC_Check!$H$2) -> 0 | W7: =_xlfn.TEXTJOIN("",,"*SOCKET0**CBB",misc[[#This Row],[CBB]],"**COMPUTE",misc[[#This Row],[Compute]],"**MODULE",misc[[#This Row],[Module]],splitchar,"**CORE**DCU*CR*MC1*STATUS**") -> *SOCKET0**CBB0**COMPUTE0**MODULE4__**CORE**DCU*CR*MC1*STATUS** | X7: =COUNTIFS(core_mc[TestName],misc[[#This Row],[DCU_MCA_String]],core_mc[VisualId],MC_Check!$H$2) -> 0 | Y7: =_xlfn.TEXTJOIN("",,"*SOCKET0**CBB",misc[[#This Row],[CBB]],"**COMPUTE",misc[[#This Row],[Compute]],"**MODULE",misc[[#This Row],[Module]],splitchar,"**CORE**DTLB*CR*MC2*STATUS**") -> *SOCKET0**CBB0**COMPUTE0**MODULE4__**CORE**DTLB*CR*MC2*STATUS** | Z7: =COUNTIFS(core_mc[TestName],misc[[#This Row],[CORE_DTLB_String]],core_mc[VisualId],MC_Check!$H$2) -> 0 | AA7: =_xlfn.TEXTJOIN("",,"*SOCKET0**CBB",misc[[#This Row],[CBB]],"**COMPUTE",misc[[#This Row],[Compute]],"**MODULE",misc[[#This Row],[Module]],splitchar,"**ML2*CR*MC3*STATUS**") -> *SOCKET0**CBB0**COMPUTE0**MODULE4__**ML2*CR*MC3*STATUS** | AB7: =COUNTIFS(core_mc[TestName],misc[[#This Row],[Core_ML2_String]],core_mc[VisualId],MC_Check!$H$2) -> 0 | AC7: =_xlfn.TEXTJOIN("",,"*SOCKET0**CBB",misc[[#This Row],[CBB]],"**COMPUTE",misc[[#This Row],[Compute]],"**MODULE",misc[[#This Row],[Module]],splitchar,"SPARE") -> *SOCKET0**CBB0**COMPUTE0**MODULE4__SPARE | AD7: =COUNTIFS(core_mc[TestName],misc[[#This Row],[Core_L2_String - SPARE]],core_mc[VisualId],MC_Check!$H$2) -> 0 | AE7: =misc[[#This Row],[Core_DTLB_Count]]+misc[[#This Row],[Core_DCU_Count]]+misc[[#This Row],[Core_IFU_Count]]+misc[[#This Row],[Core_ROB_Count]]+misc[[#This Row],[Core_L2_Count - SPARE]]+misc[[#This Row],[Core_ML2_Count]] -> 0 | AF7: =_xlfn.TEXTJOIN(", ",,IF(misc[[#This Row],[Core_IFU_Count]]>0,"IFU",""),IF(misc[[#This Row],[Core_DCU_Count]]>0,"DCU",""),IF(misc[[#This Row],[Core_DTLB_Count]]>0,"DTLB",""),IF(misc[[#This Row],[Core_ROB_Count]]>0,"ROB",""),IF(misc[[#This Row],[Core_ML2_Count]]>0,"ML2",""),IF(misc[[#This Row],[Core_L2_Count - SPARE]]>0,"L2","")) | AG7: =_xlfn.TEXTJOIN("",,"*SOCKET0**CBB",misc[[#This Row],[CBB]],"**BASE**I_CCF**ENV",misc[[#This Row],[ENV]],splitchar,"CBREGS_ALL",misc[[#This Row],[CBO]],splitchar,"SPARE") -> *SOCKET0**CBB0**BASE**I_CCF**ENV0__CBREGS_ALL11__SPARE | AH7: =COUNTIFS(cha_mc[TestName],misc[[#This Row],[LLC_MCA_String - Not Used]],cha_mc[VisualId],MC_Check!$H$2) -> 0 | AK7: 2 | AL7: 4 | AM7: ="CH"&memss[[#This Row],[location]] -> CH4 | AN7: =memss[[#This Row],[MEMSS_Hitter_Count]]>0 -> FALSE | AO7: =_xlfn.TEXTJOIN("",,"*SOCKET0**SOC**MEMSS**B2CMI",memss[[#This Row],[location]],splitchar,"MCI*STATUS*SHADOW*") -> *SOCKET0**SOC**MEMSS**B2CMI4__MCI*STATUS*SHADOW* | AP7: =COUNTIFS(cha_mc[TestName],memss[[#This Row],[MEMMS_MCA_String]],cha_mc[VisualId],MC_Check!$H$2) -> 0 | AT7: cdie2 | AU7: ="*SOCKET0**COMPUTE2**TAPS**IOW*GLBW*IS3M*IBL*TOP110"&splitchar&"TAP*S3M*ERR*STS**" -> *SOCKET0**COMPUTE2**TAPS**IOW*GLBW*IS3M*IBL*TOP110__TAP*S3M*ERR*STS** | AV7: =COUNTIFS(cha_mc[TestName],s3errors[[#This Row],[MCA_String]],cha_mc[VisualId],MC_Check!$H$2) -> 0 | AX7: cdie2 | AY7: ="*SOCKET0**COMPUTE0**UNCORE**PUNIT**PTPCFSMS**PTPCFSMS"&splitchar&"MC*STATUS*" -> *SOCKET0**COMPUTE0**UNCORE**PUNIT**PTPCFSMS**PTPCFSMS__MC*STATUS* | AZ7: =COUNTIFS(cha_mc[TestName],punitmcas[[#This Row],[MCA_String]],cha_mc[VisualId],MC_Check!$H$2) -> 0
D8: 1 | F8: 0 | G8: 5 | H8: =IF(MC_Check!$AN$2="PHY",misc[[#This Row],[location]],misc[[#This Row],[Module_log]]) -> 5 | I8: =misc[[#This Row],[Module]] -> 5 | J8: 0 | K8: =K4+1 -> 1 | L8: 1 | M8: =_xlfn.TEXTJOIN("",,misc[[#This Row],[ROW]],misc[[#This Row],[ROW]]) -> 11 | N8: =misc[[#This Row],[Core_Hitter_Count]]>0 -> FALSE | O8: =misc[[#This Row],[LLC_Hitter_Count]]>0 -> FALSE | P8: =misc[[#This Row],[CHA_Hitter_Count]]>0 -> FALSE | Q8: =_xlfn.TEXTJOIN("",,"*SOCKET0**CBB",misc[[#This Row],[CBB]],"**BASE**I_CCF_ENV",misc[[#This Row],[ENV]],splitchar,"CBREGS_ALL",misc[[#This Row],[CBO]],splitchar,"MC_STATUS*") -> *SOCKET0**CBB0**BASE**I_CCF_ENV1__CBREGS_ALL11__MC_STATUS* | R8: =COUNTIFS(cha_mc[TestName],misc[[#This Row],[CBO_MCA_String]],cha_mc[VisualId],MC_Check!$H$2) -> 0 | S8: =_xlfn.TEXTJOIN("",,"*SOCKET0**CBB",misc[[#This Row],[CBB]],"**COMPUTE",misc[[#This Row],[Compute]],"**MODULE",misc[[#This Row],[Module]],splitchar,"**CORE**IFU*CR*MC0*STATUS**") -> *SOCKET0**CBB0**COMPUTE0**MODULE5__**CORE**IFU*CR*MC0*STATUS** | T8: =COUNTIFS(core_mc[TestName],misc[[#This Row],[IFU_MCA_String]],core_mc[VisualId],MC_Check!$H$2) -> 0 | U8: =_xlfn.TEXTJOIN("",,"*SOCKET0**CBB",misc[[#This Row],[CBB]],"**COMPUTE",misc[[#This Row],[Compute]],"**MODULE",misc[[#This Row],[Module]],splitchar,"**CORE**ROB1*CR*MC*STATUS**") -> *SOCKET0**CBB0**COMPUTE0**MODULE5__**CORE**ROB1*CR*MC*STATUS** | V8: =COUNTIFS(core_mc[TestName],misc[[#This Row],[ROB_MCA_String]],core_mc[VisualId],MC_Check!$H$2) -> 0 | W8: =_xlfn.TEXTJOIN("",,"*SOCKET0**CBB",misc[[#This Row],[CBB]],"**COMPUTE",misc[[#This Row],[Compute]],"**MODULE",misc[[#This Row],[Module]],splitchar,"**CORE**DCU*CR*MC1*STATUS**") -> *SOCKET0**CBB0**COMPUTE0**MODULE5__**CORE**DCU*CR*MC1*STATUS** | X8: =COUNTIFS(core_mc[TestName],misc[[#This Row],[DCU_MCA_String]],core_mc[VisualId],MC_Check!$H$2) -> 0 | Y8: =_xlfn.TEXTJOIN("",,"*SOCKET0**CBB",misc[[#This Row],[CBB]],"**COMPUTE",misc[[#This Row],[Compute]],"**MODULE",misc[[#This Row],[Module]],splitchar,"**CORE**DTLB*CR*MC2*STATUS**") -> *SOCKET0**CBB0**COMPUTE0**MODULE5__**CORE**DTLB*CR*MC2*STATUS** | Z8: =COUNTIFS(core_mc[TestName],misc[[#This Row],[CORE_DTLB_String]],core_mc[VisualId],MC_Check!$H$2) -> 0 | AA8: =_xlfn.TEXTJOIN("",,"*SOCKET0**CBB",misc[[#This Row],[CBB]],"**COMPUTE",misc[[#This Row],[Compute]],"**MODULE",misc[[#This Row],[Module]],splitchar,"**ML2*CR*MC3*STATUS**") -> *SOCKET0**CBB0**COMPUTE0**MODULE5__**ML2*CR*MC3*STATUS** | AB8: =COUNTIFS(core_mc[TestName],misc[[#This Row],[Core_ML2_String]],core_mc[VisualId],MC_Check!$H$2) -> 0 | AC8: =_xlfn.TEXTJOIN("",,"*SOCKET0**CBB",misc[[#This Row],[CBB]],"**COMPUTE",misc[[#This Row],[Compute]],"**MODULE",misc[[#This Row],[Module]],splitchar,"SPARE") -> *SOCKET0**CBB0**COMPUTE0**MODULE5__SPARE | AD8: =COUNTIFS(core_mc[TestName],misc[[#This Row],[Core_L2_String - SPARE]],core_mc[VisualId],MC_Check!$H$2) -> 0 | AE8: =misc[[#This Row],[Core_DTLB_Count]]+misc[[#This Row],[Core_DCU_Count]]+misc[[#This Row],[Core_IFU_Count]]+misc[[#This Row],[Core_ROB_Count]]+misc[[#This Row],[Core_L2_Count - SPARE]]+misc[[#This Row],[Core_ML2_Count]] -> 0 | AF8: =_xlfn.TEXTJOIN(", ",,IF(misc[[#This Row],[Core_IFU_Count]]>0,"IFU",""),IF(misc[[#This Row],[Core_DCU_Count]]>0,"DCU",""),IF(misc[[#This Row],[Core_DTLB_Count]]>0,"DTLB",""),IF(misc[[#This Row],[Core_ROB_Count]]>0,"ROB",""),IF(misc[[#This Row],[Core_ML2_Count]]>0,"ML2",""),IF(misc[[#This Row],[Core_L2_Count - SPARE]]>0,"L2","")) | AG8: =_xlfn.TEXTJOIN("",,"*SOCKET0**CBB",misc[[#This Row],[CBB]],"**BASE**I_CCF**ENV",misc[[#This Row],[ENV]],splitchar,"CBREGS_ALL",misc[[#This Row],[CBO]],splitchar,"SPARE") -> *SOCKET0**CBB0**BASE**I_CCF**ENV1__CBREGS_ALL11__SPARE | AH8: =COUNTIFS(cha_mc[TestName],misc[[#This Row],[LLC_MCA_String - Not Used]],cha_mc[VisualId],MC_Check!$H$2) -> 0 | AK8: 2 | AL8: 5 | AM8: ="CH"&memss[[#This Row],[location]] -> CH5 | AN8: =memss[[#This Row],[MEMSS_Hitter_Count]]>0 -> FALSE | AO8: =_xlfn.TEXTJOIN("",,"*SOCKET0**SOC**MEMSS**B2CMI",memss[[#This Row],[location]],splitchar,"MCI*STATUS*SHADOW*") -> *SOCKET0**SOC**MEMSS**B2CMI5__MCI*STATUS*SHADOW* | AP8: =COUNTIFS(cha_mc[TestName],memss[[#This Row],[MEMMS_MCA_String]],cha_mc[VisualId],MC_Check!$H$2) -> 0
D9: 2 | F9: 0 | G9: 6 | H9: =IF(MC_Check!$AN$2="PHY",misc[[#This Row],[location]],misc[[#This Row],[Module_log]]) -> 6 | I9: =misc[[#This Row],[Module]] -> 6 | J9: 0 | K9: =K5+1 -> 1 | L9: 2 | M9: =_xlfn.TEXTJOIN("",,misc[[#This Row],[ROW]],misc[[#This Row],[ROW]]) -> 11 | N9: =misc[[#This Row],[Core_Hitter_Count]]>0 -> FALSE | O9: =misc[[#This Row],[LLC_Hitter_Count]]>0 -> FALSE | P9: =misc[[#This Row],[CHA_Hitter_Count]]>0 -> FALSE | Q9: =_xlfn.TEXTJOIN("",,"*SOCKET0**CBB",misc[[#This Row],[CBB]],"**BASE**I_CCF_ENV",misc[[#This Row],[ENV]],splitchar,"CBREGS_ALL",misc[[#This Row],[CBO]],splitchar,"MC_STATUS*") -> *SOCKET0**CBB0**BASE**I_CCF_ENV2__CBREGS_ALL11__MC_STATUS* | R9: =COUNTIFS(cha_mc[TestName],misc[[#This Row],[CBO_MCA_String]],cha_mc[VisualId],MC_Check!$H$2) -> 0 | S9: =_xlfn.TEXTJOIN("",,"*SOCKET0**CBB",misc[[#This Row],[CBB]],"**COMPUTE",misc[[#This Row],[Compute]],"**MODULE",misc[[#This Row],[Module]],splitchar,"**CORE**IFU*CR*MC0*STATUS**") -> *SOCKET0**CBB0**COMPUTE0**MODULE6__**CORE**IFU*CR*MC0*STATUS** | T9: =COUNTIFS(core_mc[TestName],misc[[#This Row],[IFU_MCA_String]],core_mc[VisualId],MC_Check!$H$2) -> 0 | U9: =_xlfn.TEXTJOIN("",,"*SOCKET0**CBB",misc[[#This Row],[CBB]],"**COMPUTE",misc[[#This Row],[Compute]],"**MODULE",misc[[#This Row],[Module]],splitchar,"**CORE**ROB1*CR*MC*STATUS**") -> *SOCKET0**CBB0**COMPUTE0**MODULE6__**CORE**ROB1*CR*MC*STATUS** | V9: =COUNTIFS(core_mc[TestName],misc[[#This Row],[ROB_MCA_String]],core_mc[VisualId],MC_Check!$H$2) -> 0 | W9: =_xlfn.TEXTJOIN("",,"*SOCKET0**CBB",misc[[#This Row],[CBB]],"**COMPUTE",misc[[#This Row],[Compute]],"**MODULE",misc[[#This Row],[Module]],splitchar,"**CORE**DCU*CR*MC1*STATUS**") -> *SOCKET0**CBB0**COMPUTE0**MODULE6__**CORE**DCU*CR*MC1*STATUS** | X9: =COUNTIFS(core_mc[TestName],misc[[#This Row],[DCU_MCA_String]],core_mc[VisualId],MC_Check!$H$2) -> 0 | Y9: =_xlfn.TEXTJOIN("",,"*SOCKET0**CBB",misc[[#This Row],[CBB]],"**COMPUTE",misc[[#This Row],[Compute]],"**MODULE",misc[[#This Row],[Module]],splitchar,"**CORE**DTLB*CR*MC2*STATUS**") -> *SOCKET0**CBB0**COMPUTE0**MODULE6__**CORE**DTLB*CR*MC2*STATUS** | Z9: =COUNTIFS(core_mc[TestName],misc[[#This Row],[CORE_DTLB_String]],core_mc[VisualId],MC_Check!$H$2) -> 0 | AA9: =_xlfn.TEXTJOIN("",,"*SOCKET0**CBB",misc[[#This Row],[CBB]],"**COMPUTE",misc[[#This Row],[Compute]],"**MODULE",misc[[#This Row],[Module]],splitchar,"**ML2*CR*MC3*STATUS**") -> *SOCKET0**CBB0**COMPUTE0**MODULE6__**ML2*CR*MC3*STATUS** | AB9: =COUNTIFS(core_mc[TestName],misc[[#This Row],[Core_ML2_String]],core_mc[VisualId],MC_Check!$H$2) -> 0 | AC9: =_xlfn.TEXTJOIN("",,"*SOCKET0**CBB",misc[[#This Row],[CBB]],"**COMPUTE",misc[[#This Row],[Compute]],"**MODULE",misc[[#This Row],[Module]],splitchar,"SPARE") -> *SOCKET0**CBB0**COMPUTE0**MODULE6__SPARE | AD9: =COUNTIFS(core_mc[TestName],misc[[#This Row],[Core_L2_String - SPARE]],core_mc[VisualId],MC_Check!$H$2) -> 0 | AE9: =misc[[#This Row],[Core_DTLB_Count]]+misc[[#This Row],[Core_DCU_Count]]+misc[[#This Row],[Core_IFU_Count]]+misc[[#This Row],[Core_ROB_Count]]+misc[[#This Row],[Core_L2_Count - SPARE]]+misc[[#This Row],[Core_ML2_Count]] -> 0 | AF9: =_xlfn.TEXTJOIN(", ",,IF(misc[[#This Row],[Core_IFU_Count]]>0,"IFU",""),IF(misc[[#This Row],[Core_DCU_Count]]>0,"DCU",""),IF(misc[[#This Row],[Core_DTLB_Count]]>0,"DTLB",""),IF(misc[[#This Row],[Core_ROB_Count]]>0,"ROB",""),IF(misc[[#This Row],[Core_ML2_Count]]>0,"ML2",""),IF(misc[[#This Row],[Core_L2_Count - SPARE]]>0,"L2","")) | AG9: =_xlfn.TEXTJOIN("",,"*SOCKET0**CBB",misc[[#This Row],[CBB]],"**BASE**I_CCF**ENV",misc[[#This Row],[ENV]],splitchar,"CBREGS_ALL",misc[[#This Row],[CBO]],splitchar,"SPARE") -> *SOCKET0**CBB0**BASE**I_CCF**ENV2__CBREGS_ALL11__SPARE | AH9: =COUNTIFS(cha_mc[TestName],misc[[#This Row],[LLC_MCA_String - Not Used]],cha_mc[VisualId],MC_Check!$H$2) -> 0 | AK9: 1 | AL9: 6 | AM9: ="CH"&memss[[#This Row],[location]] -> CH6 | AN9: =memss[[#This Row],[MEMSS_Hitter_Count]]>0 -> FALSE | AO9: =_xlfn.TEXTJOIN("",,"*SOCKET0**SOC**MEMSS**B2CMI",memss[[#This Row],[location]],splitchar,"MCI*STATUS*SHADOW*") -> *SOCKET0**SOC**MEMSS**B2CMI6__MCI*STATUS*SHADOW* | AP9: =COUNTIFS(cha_mc[TestName],memss[[#This Row],[MEMMS_MCA_String]],cha_mc[VisualId],MC_Check!$H$2) -> 0
D10: 3 | F10: 0 | G10: 7 | H10: =IF(MC_Check!$AN$2="PHY",misc[[#This Row],[location]],misc[[#This Row],[Module_log]]) -> 7 | I10: =misc[[#This Row],[Module]] -> 7 | J10: 0 | K10: =K6+1 -> 1 | L10: 3 | M10: =_xlfn.TEXTJOIN("",,misc[[#This Row],[ROW]],misc[[#This Row],[ROW]]) -> 11 | N10: =misc[[#This Row],[Core_Hitter_Count]]>0 -> FALSE | O10: =misc[[#This Row],[LLC_Hitter_Count]]>0 -> FALSE | P10: =misc[[#This Row],[CHA_Hitter_Count]]>0 -> FALSE | Q10: =_xlfn.TEXTJOIN("",,"*SOCKET0**CBB",misc[[#This Row],[CBB]],"**BASE**I_CCF_ENV",misc[[#This Row],[ENV]],splitchar,"CBREGS_ALL",misc[[#This Row],[CBO]],splitchar,"MC_STATUS*") -> *SOCKET0**CBB0**BASE**I_CCF_ENV3__CBREGS_ALL11__MC_STATUS* | R10: =COUNTIFS(cha_mc[TestName],misc[[#This Row],[CBO_MCA_String]],cha_mc[VisualId],MC_Check!$H$2) -> 0 | S10: =_xlfn.TEXTJOIN("",,"*SOCKET0**CBB",misc[[#This Row],[CBB]],"**COMPUTE",misc[[#This Row],[Compute]],"**MODULE",misc[[#This Row],[Module]],splitchar,"**CORE**IFU*CR*MC0*STATUS**") -> *SOCKET0**CBB0**COMPUTE0**MODULE7__**CORE**IFU*CR*MC0*STATUS** | T10: =COUNTIFS(core_mc[TestName],misc[[#This Row],[IFU_MCA_String]],core_mc[VisualId],MC_Check!$H$2) -> 0 | U10: =_xlfn.TEXTJOIN("",,"*SOCKET0**CBB",misc[[#This Row],[CBB]],"**COMPUTE",misc[[#This Row],[Compute]],"**MODULE",misc[[#This Row],[Module]],splitchar,"**CORE**ROB1*CR*MC*STATUS**") -> *SOCKET0**CBB0**COMPUTE0**MODULE7__**CORE**ROB1*CR*MC*STATUS** | V10: =COUNTIFS(core_mc[TestName],misc[[#This Row],[ROB_MCA_String]],core_mc[VisualId],MC_Check!$H$2) -> 0 | W10: =_xlfn.TEXTJOIN("",,"*SOCKET0**CBB",misc[[#This Row],[CBB]],"**COMPUTE",misc[[#This Row],[Compute]],"**MODULE",misc[[#This Row],[Module]],splitchar,"**CORE**DCU*CR*MC1*STATUS**") -> *SOCKET0**CBB0**COMPUTE0**MODULE7__**CORE**DCU*CR*MC1*STATUS** | X10: =COUNTIFS(core_mc[TestName],misc[[#This Row],[DCU_MCA_String]],core_mc[VisualId],MC_Check!$H$2) -> 0 | Y10: =_xlfn.TEXTJOIN("",,"*SOCKET0**CBB",misc[[#This Row],[CBB]],"**COMPUTE",misc[[#This Row],[Compute]],"**MODULE",misc[[#This Row],[Module]],splitchar,"**CORE**DTLB*CR*MC2*STATUS**") -> *SOCKET0**CBB0**COMPUTE0**MODULE7__**CORE**DTLB*CR*MC2*STATUS** | Z10: =COUNTIFS(core_mc[TestName],misc[[#This Row],[CORE_DTLB_String]],core_mc[VisualId],MC_Check!$H$2) -> 0 | AA10: =_xlfn.TEXTJOIN("",,"*SOCKET0**CBB",misc[[#This Row],[CBB]],"**COMPUTE",misc[[#This Row],[Compute]],"**MODULE",misc[[#This Row],[Module]],splitchar,"**ML2*CR*MC3*STATUS**") -> *SOCKET0**CBB0**COMPUTE0**MODULE7__**ML2*CR*MC3*STATUS** | AB10: =COUNTIFS(core_mc[TestName],misc[[#This Row],[Core_ML2_String]],core_mc[VisualId],MC_Check!$H$2) -> 0 | AC10: =_xlfn.TEXTJOIN("",,"*SOCKET0**CBB",misc[[#This Row],[CBB]],"**COMPUTE",misc[[#This Row],[Compute]],"**MODULE",misc[[#This Row],[Module]],splitchar,"SPARE") -> *SOCKET0**CBB0**COMPUTE0**MODULE7__SPARE | AD10: =COUNTIFS(core_mc[TestName],misc[[#This Row],[Core_L2_String - SPARE]],core_mc[VisualId],MC_Check!$H$2) -> 0 | AE10: =misc[[#This Row],[Core_DTLB_Count]]+misc[[#This Row],[Core_DCU_Count]]+misc[[#This Row],[Core_IFU_Count]]+misc[[#This Row],[Core_ROB_Count]]+misc[[#This Row],[Core_L2_Count - SPARE]]+misc[[#This Row],[Core_ML2_Count]] -> 0 | AF10: =_xlfn.TEXTJOIN(", ",,IF(misc[[#This Row],[Core_IFU_Count]]>0,"IFU",""),IF(misc[[#This Row],[Core_DCU_Count]]>0,"DCU",""),IF(misc[[#This Row],[Core_DTLB_Count]]>0,"DTLB",""),IF(misc[[#This Row],[Core_ROB_Count]]>0,"ROB",""),IF(misc[[#This Row],[Core_ML2_Count]]>0,"ML2",""),IF(misc[[#This Row],[Core_L2_Count - SPARE]]>0,"L2","")) | AG10: =_xlfn.TEXTJOIN("",,"*SOCKET0**CBB",misc[[#This Row],[CBB]],"**BASE**I_CCF**ENV",misc[[#This Row],[ENV]],splitchar,"CBREGS_ALL",misc[[#This Row],[CBO]],splitchar,"SPARE") -> *SOCKET0**CBB0**BASE**I_CCF**ENV3__CBREGS_ALL11__SPARE | AH10: =COUNTIFS(cha_mc[TestName],misc[[#This Row],[LLC_MCA_String - Not Used]],cha_mc[VisualId],MC_Check!$H$2) -> 0 | AK10: 1 | AL10: 7 | AM10: ="CH"&memss[[#This Row],[location]] -> CH7 | AN10: =memss[[#This Row],[MEMSS_Hitter_Count]]>0 -> FALSE | AO10: =_xlfn.TEXTJOIN("",,"*SOCKET0**SOC**MEMSS**B2CMI",memss[[#This Row],[location]],splitchar,"MCI*STATUS*SHADOW*") -> *SOCKET0**SOC**MEMSS**B2CMI7__MCI*STATUS*SHADOW* | AP10: =COUNTIFS(cha_mc[TestName],memss[[#This Row],[MEMMS_MCA_String]],cha_mc[VisualId],MC_Check!$H$2) -> 0
D11: 10 | F11: 0 | G11: 8 | H11: =IF(MC_Check!$AN$2="PHY",misc[[#This Row],[location]],misc[[#This Row],[Module_log]]) -> 8 | I11: =misc[[#This Row],[Module]] -> 8 | J11: =J3+1 -> 1 | K11: =K7+1 -> 2 | L11: 0 | M11: =_xlfn.TEXTJOIN("",,misc[[#This Row],[ROW]],misc[[#This Row],[ROW]]) -> 22 | N11: =misc[[#This Row],[Core_Hitter_Count]]>0 -> FALSE | O11: =misc[[#This Row],[LLC_Hitter_Count]]>0 -> FALSE | P11: =misc[[#This Row],[CHA_Hitter_Count]]>0 -> FALSE | Q11: =_xlfn.TEXTJOIN("",,"*SOCKET0**CBB",misc[[#This Row],[CBB]],"**BASE**I_CCF_ENV",misc[[#This Row],[ENV]],splitchar,"CBREGS_ALL",misc[[#This Row],[CBO]],splitchar,"MC_STATUS*") -> *SOCKET0**CBB0**BASE**I_CCF_ENV0__CBREGS_ALL22__MC_STATUS* | R11: =COUNTIFS(cha_mc[TestName],misc[[#This Row],[CBO_MCA_String]],cha_mc[VisualId],MC_Check!$H$2) -> 0 | S11: =_xlfn.TEXTJOIN("",,"*SOCKET0**CBB",misc[[#This Row],[CBB]],"**COMPUTE",misc[[#This Row],[Compute]],"**MODULE",misc[[#This Row],[Module]],splitchar,"**CORE**IFU*CR*MC0*STATUS**") -> *SOCKET0**CBB0**COMPUTE1**MODULE8__**CORE**IFU*CR*MC0*STATUS** | T11: =COUNTIFS(core_mc[TestName],misc[[#This Row],[IFU_MCA_String]],core_mc[VisualId],MC_Check!$H$2) -> 0 | U11: =_xlfn.TEXTJOIN("",,"*SOCKET0**CBB",misc[[#This Row],[CBB]],"**COMPUTE",misc[[#This Row],[Compute]],"**MODULE",misc[[#This Row],[Module]],splitchar,"**CORE**ROB1*CR*MC*STATUS**") -> *SOCKET0**CBB0**COMPUTE1**MODULE8__**CORE**ROB1*CR*MC*STATUS** | V11: =COUNTIFS(core_mc[TestName],misc[[#This Row],[ROB_MCA_String]],core_mc[VisualId],MC_Check!$H$2) -> 0 | W11: =_xlfn.TEXTJOIN("",,"*SOCKET0**CBB",misc[[#This Row],[CBB]],"**COMPUTE",misc[[#This Row],[Compute]],"**MODULE",misc[[#This Row],[Module]],splitchar,"**CORE**DCU*CR*MC1*STATUS**") -> *SOCKET0**CBB0**COMPUTE1**MODULE8__**CORE**DCU*CR*MC1*STATUS** | X11: =COUNTIFS(core_mc[TestName],misc[[#This Row],[DCU_MCA_String]],core_mc[VisualId],MC_Check!$H$2) -> 0 | Y11: =_xlfn.TEXTJOIN("",,"*SOCKET0**CBB",misc[[#This Row],[CBB]],"**COMPUTE",misc[[#This Row],[Compute]],"**MODULE",misc[[#This Row],[Module]],splitchar,"**CORE**DTLB*CR*MC2*STATUS**") -> *SOCKET0**CBB0**COMPUTE1**MODULE8__**CORE**DTLB*CR*MC2*STATUS** | Z11: =COUNTIFS(core_mc[TestName],misc[[#This Row],[CORE_DTLB_String]],core_mc[VisualId],MC_Check!$H$2) -> 0 | AA11: =_xlfn.TEXTJOIN("",,"*SOCKET0**CBB",misc[[#This Row],[CBB]],"**COMPUTE",misc[[#This Row],[Compute]],"**MODULE",misc[[#This Row],[Module]],splitchar,"**ML2*CR*MC3*STATUS**") -> *SOCKET0**CBB0**COMPUTE1**MODULE8__**ML2*CR*MC3*STATUS** | AB11: =COUNTIFS(core_mc[TestName],misc[[#This Row],[Core_ML2_String]],core_mc[VisualId],MC_Check!$H$2) -> 0 | AC11: =_xlfn.TEXTJOIN("",,"*SOCKET0**CBB",misc[[#This Row],[CBB]],"**COMPUTE",misc[[#This Row],[Compute]],"**MODULE",misc[[#This Row],[Module]],splitchar,"SPARE") -> *SOCKET0**CBB0**COMPUTE1**MODULE8__SPARE | AD11: =COUNTIFS(core_mc[TestName],misc[[#This Row],[Core_L2_String - SPARE]],core_mc[VisualId],MC_Check!$H$2) -> 0 | AE11: =misc[[#This Row],[Core_DTLB_Count]]+misc[[#This Row],[Core_DCU_Count]]+misc[[#This Row],[Core_IFU_Count]]+misc[[#This Row],[Core_ROB_Count]]+misc[[#This Row],[Core_L2_Count - SPARE]]+misc[[#This Row],[Core_ML2_Count]] -> 0 | AF11: =_xlfn.TEXTJOIN(", ",,IF(misc[[#This Row],[Core_IFU_Count]]>0,"IFU",""),IF(misc[[#This Row],[Core_DCU_Count]]>0,"DCU",""),IF(misc[[#This Row],[Core_DTLB_Count]]>0,"DTLB",""),IF(misc[[#This Row],[Core_ROB_Count]]>0,"ROB",""),IF(misc[[#This Row],[Core_ML2_Count]]>0,"ML2",""),IF(misc[[#This Row],[Core_L2_Count - SPARE]]>0,"L2","")) | AG11: =_xlfn.TEXTJOIN("",,"*SOCKET0**CBB",misc[[#This Row],[CBB]],"**BASE**I_CCF**ENV",misc[[#This Row],[ENV]],splitchar,"CBREGS_ALL",misc[[#This Row],[CBO]],splitchar,"SPARE") -> *SOCKET0**CBB0**BASE**I_CCF**ENV0__CBREGS_ALL22__SPARE | AH11: =COUNTIFS(cha_mc[TestName],misc[[#This Row],[LLC_MCA_String - Not Used]],cha_mc[VisualId],MC_Check!$H$2) -> 0 | AK11: 0 | AL11: 8 | AM11: ="CH"&memss[[#This Row],[location]] -> CH8 | AN11: =memss[[#This Row],[MEMSS_Hitter_Count]]>0 -> FALSE | AO11: =_xlfn.TEXTJOIN("",,"*SOCKET0**SOC**MEMSS**B2CMI",memss[[#This Row],[location]],splitchar,"MCI*STATUS*SHADOW*") -> *SOCKET0**SOC**MEMSS**B2CMI8__MCI*STATUS*SHADOW* | AP11: =COUNTIFS(cha_mc[TestName],memss[[#This Row],[MEMMS_MCA_String]],cha_mc[VisualId],MC_Check!$H$2) -> 0
F12: 0 | G12: 9 | H12: =IF(MC_Check!$AN$2="PHY",misc[[#This Row],[location]],misc[[#This Row],[Module_log]]) -> 9 | I12: =misc[[#This Row],[Module]] -> 9 | J12: =J4+1 -> 1 | K12: =K8+1 -> 2 | L12: 1 | M12: =_xlfn.TEXTJOIN("",,misc[[#This Row],[ROW]],misc[[#This Row],[ROW]]) -> 22 | N12: =misc[[#This Row],[Core_Hitter_Count]]>0 -> FALSE | O12: =misc[[#This Row],[LLC_Hitter_Count]]>0 -> FALSE | P12: =misc[[#This Row],[CHA_Hitter_Count]]>0 -> FALSE | Q12: =_xlfn.TEXTJOIN("",,"*SOCKET0**CBB",misc[[#This Row],[CBB]],"**BASE**I_CCF_ENV",misc[[#This Row],[ENV]],splitchar,"CBREGS_ALL",misc[[#This Row],[CBO]],splitchar,"MC_STATUS*") -> *SOCKET0**CBB0**BASE**I_CCF_ENV1__CBREGS_ALL22__MC_STATUS* | R12: =COUNTIFS(cha_mc[TestName],misc[[#This Row],[CBO_MCA_String]],cha_mc[VisualId],MC_Check!$H$2) -> 0 | S12: =_xlfn.TEXTJOIN("",,"*SOCKET0**CBB",misc[[#This Row],[CBB]],"**COMPUTE",misc[[#This Row],[Compute]],"**MODULE",misc[[#This Row],[Module]],splitchar,"**CORE**IFU*CR*MC0*STATUS**") -> *SOCKET0**CBB0**COMPUTE1**MODULE9__**CORE**IFU*CR*MC0*STATUS** | T12: =COUNTIFS(core_mc[TestName],misc[[#This Row],[IFU_MCA_String]],core_mc[VisualId],MC_Check!$H$2) -> 0 | U12: =_xlfn.TEXTJOIN("",,"*SOCKET0**CBB",misc[[#This Row],[CBB]],"**COMPUTE",misc[[#This Row],[Compute]],"**MODULE",misc[[#This Row],[Module]],splitchar,"**CORE**ROB1*CR*MC*STATUS**") -> *SOCKET0**CBB0**COMPUTE1**MODULE9__**CORE**ROB1*CR*MC*STATUS** | V12: =COUNTIFS(core_mc[TestName],misc[[#This Row],[ROB_MCA_String]],core_mc[VisualId],MC_Check!$H$2) -> 0 | W12: =_xlfn.TEXTJOIN("",,"*SOCKET0**CBB",misc[[#This Row],[CBB]],"**COMPUTE",misc[[#This Row],[Compute]],"**MODULE",misc[[#This Row],[Module]],splitchar,"**CORE**DCU*CR*MC1*STATUS**") -> *SOCKET0**CBB0**COMPUTE1**MODULE9__**CORE**DCU*CR*MC1*STATUS** | X12: =COUNTIFS(core_mc[TestName],misc[[#This Row],[DCU_MCA_String]],core_mc[VisualId],MC_Check!$H$2) -> 0 | Y12: =_xlfn.TEXTJOIN("",,"*SOCKET0**CBB",misc[[#This Row],[CBB]],"**COMPUTE",misc[[#This Row],[Compute]],"**MODULE",misc[[#This Row],[Module]],splitchar,"**CORE**DTLB*CR*MC2*STATUS**") -> *SOCKET0**CBB0**COMPUTE1**MODULE9__**CORE**DTLB*CR*MC2*STATUS** | Z12: =COUNTIFS(core_mc[TestName],misc[[#This Row],[CORE_DTLB_String]],core_mc[VisualId],MC_Check!$H$2) -> 0 | AA12: =_xlfn.TEXTJOIN("",,"*SOCKET0**CBB",misc[[#This Row],[CBB]],"**COMPUTE",misc[[#This Row],[Compute]],"**MODULE",misc[[#This Row],[Module]],splitchar,"**ML2*CR*MC3*STATUS**") -> *SOCKET0**CBB0**COMPUTE1**MODULE9__**ML2*CR*MC3*STATUS** | AB12: =COUNTIFS(core_mc[TestName],misc[[#This Row],[Core_ML2_String]],core_mc[VisualId],MC_Check!$H$2) -> 0 | AC12: =_xlfn.TEXTJOIN("",,"*SOCKET0**CBB",misc[[#This Row],[CBB]],"**COMPUTE",misc[[#This Row],[Compute]],"**MODULE",misc[[#This Row],[Module]],splitchar,"SPARE") -> *SOCKET0**CBB0**COMPUTE1**MODULE9__SPARE | AD12: =COUNTIFS(core_mc[TestName],misc[[#This Row],[Core_L2_String - SPARE]],core_mc[VisualId],MC_Check!$H$2) -> 0 | AE12: =misc[[#This Row],[Core_DTLB_Count]]+misc[[#This Row],[Core_DCU_Count]]+misc[[#This Row],[Core_IFU_Count]]+misc[[#This Row],[Core_ROB_Count]]+misc[[#This Row],[Core_L2_Count - SPARE]]+misc[[#This Row],[Core_ML2_Count]] -> 0 | AF12: =_xlfn.TEXTJOIN(", ",,IF(misc[[#This Row],[Core_IFU_Count]]>0,"IFU",""),IF(misc[[#This Row],[Core_DCU_Count]]>0,"DCU",""),IF(misc[[#This Row],[Core_DTLB_Count]]>0,"DTLB",""),IF(misc[[#This Row],[Core_ROB_Count]]>0,"ROB",""),IF(misc[[#This Row],[Core_ML2_Count]]>0,"ML2",""),IF(misc[[#This Row],[Core_L2_Count - SPARE]]>0,"L2","")) | AG12: =_xlfn.TEXTJOIN("",,"*SOCKET0**CBB",misc[[#This Row],[CBB]],"**BASE**I_CCF**ENV",misc[[#This Row],[ENV]],splitchar,"CBREGS_ALL",misc[[#This Row],[CBO]],splitchar,"SPARE") -> *SOCKET0**CBB0**BASE**I_CCF**ENV1__CBREGS_ALL22__SPARE | AH12: =COUNTIFS(cha_mc[TestName],misc[[#This Row],[LLC_MCA_String - Not Used]],cha_mc[VisualId],MC_Check!$H$2) -> 0 | AK12: 0 | AL12: 9 | AM12: ="CH"&memss[[#This Row],[location]] -> CH9 | AN12: =memss[[#This Row],[MEMSS_Hitter_Count]]>0 -> FALSE | AO12: =_xlfn.TEXTJOIN("",,"*SOCKET0**SOC**MEMSS**B2CMI",memss[[#This Row],[location]],splitchar,"MCI*STATUS*SHADOW*") -> *SOCKET0**SOC**MEMSS**B2CMI9__MCI*STATUS*SHADOW* | AP12: =COUNTIFS(cha_mc[TestName],memss[[#This Row],[MEMMS_MCA_String]],cha_mc[VisualId],MC_Check!$H$2) -> 0
D13: MODULE | F13: 0 | G13: 10 | H13: =IF(MC_Check!$AN$2="PHY",misc[[#This Row],[location]],misc[[#This Row],[Module_log]]) -> 10 | I13: =misc[[#This Row],[Module]] -> 10 | J13: =J5+1 -> 1 | K13: =K9+1 -> 2 | L13: 2 | M13: =_xlfn.TEXTJOIN("",,misc[[#This Row],[ROW]],misc[[#This Row],[ROW]]) -> 22 | N13: =misc[[#This Row],[Core_Hitter_Count]]>0 -> FALSE | O13: =misc[[#This Row],[LLC_Hitter_Count]]>0 -> FALSE | P13: =misc[[#This Row],[CHA_Hitter_Count]]>0 -> FALSE | Q13: =_xlfn.TEXTJOIN("",,"*SOCKET0**CBB",misc[[#This Row],[CBB]],"**BASE**I_CCF_ENV",misc[[#This Row],[ENV]],splitchar,"CBREGS_ALL",misc[[#This Row],[CBO]],splitchar,"MC_STATUS*") -> *SOCKET0**CBB0**BASE**I_CCF_ENV2__CBREGS_ALL22__MC_STATUS* | R13: =COUNTIFS(cha_mc[TestName],misc[[#This Row],[CBO_MCA_String]],cha_mc[VisualId],MC_Check!$H$2) -> 0 | S13: =_xlfn.TEXTJOIN("",,"*SOCKET0**CBB",misc[[#This Row],[CBB]],"**COMPUTE",misc[[#This Row],[Compute]],"**MODULE",misc[[#This Row],[Module]],splitchar,"**CORE**IFU*CR*MC0*STATUS**") -> *SOCKET0**CBB0**COMPUTE1**MODULE10__**CORE**IFU*CR*MC0*STATUS** | T13: =COUNTIFS(core_mc[TestName],misc[[#This Row],[IFU_MCA_String]],core_mc[VisualId],MC_Check!$H$2) -> 0 | U13: =_xlfn.TEXTJOIN("",,"*SOCKET0**CBB",misc[[#This Row],[CBB]],"**COMPUTE",misc[[#This Row],[Compute]],"**MODULE",misc[[#This Row],[Module]],splitchar,"**CORE**ROB1*CR*MC*STATUS**") -> *SOCKET0**CBB0**COMPUTE1**MODULE10__**CORE**ROB1*CR*MC*STATUS** | V13: =COUNTIFS(core_mc[TestName],misc[[#This Row],[ROB_MCA_String]],core_mc[VisualId],MC_Check!$H$2) -> 0 | W13: =_xlfn.TEXTJOIN("",,"*SOCKET0**CBB",misc[[#This Row],[CBB]],"**COMPUTE",misc[[#This Row],[Compute]],"**MODULE",misc[[#This Row],[Module]],splitchar,"**CORE**DCU*CR*MC1*STATUS**") -> *SOCKET0**CBB0**COMPUTE1**MODULE10__**CORE**DCU*CR*MC1*STATUS** | X13: =COUNTIFS(core_mc[TestName],misc[[#This Row],[DCU_MCA_String]],core_mc[VisualId],MC_Check!$H$2) -> 0 | Y13: =_xlfn.TEXTJOIN("",,"*SOCKET0**CBB",misc[[#This Row],[CBB]],"**COMPUTE",misc[[#This Row],[Compute]],"**MODULE",misc[[#This Row],[Module]],splitchar,"**CORE**DTLB*CR*MC2*STATUS**") -> *SOCKET0**CBB0**COMPUTE1**MODULE10__**CORE**DTLB*CR*MC2*STATUS** | Z13: =COUNTIFS(core_mc[TestName],misc[[#This Row],[CORE_DTLB_String]],core_mc[VisualId],MC_Check!$H$2) -> 0 | AA13: =_xlfn.TEXTJOIN("",,"*SOCKET0**CBB",misc[[#This Row],[CBB]],"**COMPUTE",misc[[#This Row],[Compute]],"**MODULE",misc[[#This Row],[Module]],splitchar,"**ML2*CR*MC3*STATUS**") -> *SOCKET0**CBB0**COMPUTE1**MODULE10__**ML2*CR*MC3*STATUS** | AB13: =COUNTIFS(core_mc[TestName],misc[[#This Row],[Core_ML2_String]],core_mc[VisualId],MC_Check!$H$2) -> 0 | AC13: =_xlfn.TEXTJOIN("",,"*SOCKET0**CBB",misc[[#This Row],[CBB]],"**COMPUTE",misc[[#This Row],[Compute]],"**MODULE",misc[[#This Row],[Module]],splitchar,"SPARE") -> *SOCKET0**CBB0**COMPUTE1**MODULE10__SPARE | AD13: =COUNTIFS(core_mc[TestName],misc[[#This Row],[Core_L2_String - SPARE]],core_mc[VisualId],MC_Check!$H$2) -> 0 | AE13: =misc[[#This Row],[Core_DTLB_Count]]+misc[[#This Row],[Core_DCU_Count]]+misc[[#This Row],[Core_IFU_Count]]+misc[[#This Row],[Core_ROB_Count]]+misc[[#This Row],[Core_L2_Count - SPARE]]+misc[[#This Row],[Core_ML2_Count]] -> 0 | AF13: =_xlfn.TEXTJOIN(", ",,IF(misc[[#This Row],[Core_IFU_Count]]>0,"IFU",""),IF(misc[[#This Row],[Core_DCU_Count]]>0,"DCU",""),IF(misc[[#This Row],[Core_DTLB_Count]]>0,"DTLB",""),IF(misc[[#This Row],[Core_ROB_Count]]>0,"ROB",""),IF(misc[[#This Row],[Core_ML2_Count]]>0,"ML2",""),IF(misc[[#This Row],[Core_L2_Count - SPARE]]>0,"L2","")) | AG13: =_xlfn.TEXTJOIN("",,"*SOCKET0**CBB",misc[[#This Row],[CBB]],"**BASE**I_CCF**ENV",misc[[#This Row],[ENV]],splitchar,"CBREGS_ALL",misc[[#This Row],[CBO]],splitchar,"SPARE") -> *SOCKET0**CBB0**BASE**I_CCF**ENV2__CBREGS_ALL22__SPARE | AH13: =COUNTIFS(cha_mc[TestName],misc[[#This Row],[LLC_MCA_String - Not Used]],cha_mc[VisualId],MC_Check!$H$2) -> 0 | AK13: 2 | AL13: 10 | AM13: ="CH"&memss[[#This Row],[location]] -> CH10 | AN13: =memss[[#This Row],[MEMSS_Hitter_Count]]>0 -> FALSE | AO13: =_xlfn.TEXTJOIN("",,"*SOCKET0**SOC**MEMSS**B2CMI",memss[[#This Row],[location]],splitchar,"MCI*STATUS*SHADOW*") -> *SOCKET0**SOC**MEMSS**B2CMI10__MCI*STATUS*SHADOW* | AP13: =COUNTIFS(cha_mc[TestName],memss[[#This Row],[MEMMS_MCA_String]],cha_mc[VisualId],MC_Check!$H$2) -> 0
D14: PHY | F14: 0 | G14: 11 | H14: =IF(MC_Check!$AN$2="PHY",misc[[#This Row],[location]],misc[[#This Row],[Module_log]]) -> 11 | I14: =misc[[#This Row],[Module]] -> 11 | J14: =J6+1 -> 1 | K14: =K10+1 -> 2 | L14: 3 | M14: =_xlfn.TEXTJOIN("",,misc[[#This Row],[ROW]],misc[[#This Row],[ROW]]) -> 22 | N14: =misc[[#This Row],[Core_Hitter_Count]]>0 -> FALSE | O14: =misc[[#This Row],[LLC_Hitter_Count]]>0 -> FALSE | P14: =misc[[#This Row],[CHA_Hitter_Count]]>0 -> FALSE | Q14: =_xlfn.TEXTJOIN("",,"*SOCKET0**CBB",misc[[#This Row],[CBB]],"**BASE**I_CCF_ENV",misc[[#This Row],[ENV]],splitchar,"CBREGS_ALL",misc[[#This Row],[CBO]],splitchar,"MC_STATUS*") -> *SOCKET0**CBB0**BASE**I_CCF_ENV3__CBREGS_ALL22__MC_STATUS* | R14: =COUNTIFS(cha_mc[TestName],misc[[#This Row],[CBO_MCA_String]],cha_mc[VisualId],MC_Check!$H$2) -> 0 | S14: =_xlfn.TEXTJOIN("",,"*SOCKET0**CBB",misc[[#This Row],[CBB]],"**COMPUTE",misc[[#This Row],[Compute]],"**MODULE",misc[[#This Row],[Module]],splitchar,"**CORE**IFU*CR*MC0*STATUS**") -> *SOCKET0**CBB0**COMPUTE1**MODULE11__**CORE**IFU*CR*MC0*STATUS** | T14: =COUNTIFS(core_mc[TestName],misc[[#This Row],[IFU_MCA_String]],core_mc[VisualId],MC_Check!$H$2) -> 0 | U14: =_xlfn.TEXTJOIN("",,"*SOCKET0**CBB",misc[[#This Row],[CBB]],"**COMPUTE",misc[[#This Row],[Compute]],"**MODULE",misc[[#This Row],[Module]],splitchar,"**CORE**ROB1*CR*MC*STATUS**") -> *SOCKET0**CBB0**COMPUTE1**MODULE11__**CORE**ROB1*CR*MC*STATUS** | V14: =COUNTIFS(core_mc[TestName],misc[[#This Row],[ROB_MCA_String]],core_mc[VisualId],MC_Check!$H$2) -> 0 | W14: =_xlfn.TEXTJOIN("",,"*SOCKET0**CBB",misc[[#This Row],[CBB]],"**COMPUTE",misc[[#This Row],[Compute]],"**MODULE",misc[[#This Row],[Module]],splitchar,"**CORE**DCU*CR*MC1*STATUS**") -> *SOCKET0**CBB0**COMPUTE1**MODULE11__**CORE**DCU*CR*MC1*STATUS** | X14: =COUNTIFS(core_mc[TestName],misc[[#This Row],[DCU_MCA_String]],core_mc[VisualId],MC_Check!$H$2) -> 0 | Y14: =_xlfn.TEXTJOIN("",,"*SOCKET0**CBB",misc[[#This Row],[CBB]],"**COMPUTE",misc[[#This Row],[Compute]],"**MODULE",misc[[#This Row],[Module]],splitchar,"**CORE**DTLB*CR*MC2*STATUS**") -> *SOCKET0**CBB0**COMPUTE1**MODULE11__**CORE**DTLB*CR*MC2*STATUS** | Z14: =COUNTIFS(core_mc[TestName],misc[[#This Row],[CORE_DTLB_String]],core_mc[VisualId],MC_Check!$H$2) -> 0 | AA14: =_xlfn.TEXTJOIN("",,"*SOCKET0**CBB",misc[[#This Row],[CBB]],"**COMPUTE",misc[[#This Row],[Compute]],"**MODULE",misc[[#This Row],[Module]],splitchar,"**ML2*CR*MC3*STATUS**") -> *SOCKET0**CBB0**COMPUTE1**MODULE11__**ML2*CR*MC3*STATUS** | AB14: =COUNTIFS(core_mc[TestName],misc[[#This Row],[Core_ML2_String]],core_mc[VisualId],MC_Check!$H$2) -> 0 | AC14: =_xlfn.TEXTJOIN("",,"*SOCKET0**CBB",misc[[#This Row],[CBB]],"**COMPUTE",misc[[#This Row],[Compute]],"**MODULE",misc[[#This Row],[Module]],splitchar,"SPARE") -> *SOCKET0**CBB0**COMPUTE1**MODULE11__SPARE | AD14: =COUNTIFS(core_mc[TestName],misc[[#This Row],[Core_L2_String - SPARE]],core_mc[VisualId],MC_Check!$H$2) -> 0 | AE14: =misc[[#This Row],[Core_DTLB_Count]]+misc[[#This Row],[Core_DCU_Count]]+misc[[#This Row],[Core_IFU_Count]]+misc[[#This Row],[Core_ROB_Count]]+misc[[#This Row],[Core_L2_Count - SPARE]]+misc[[#This Row],[Core_ML2_Count]] -> 0 | AF14: =_xlfn.TEXTJOIN(", ",,IF(misc[[#This Row],[Core_IFU_Count]]>0,"IFU",""),IF(misc[[#This Row],[Core_DCU_Count]]>0,"DCU",""),IF(misc[[#This Row],[Core_DTLB_Count]]>0,"DTLB",""),IF(misc[[#This Row],[Core_ROB_Count]]>0,"ROB",""),IF(misc[[#This Row],[Core_ML2_Count]]>0,"ML2",""),IF(misc[[#This Row],[Core_L2_Count - SPARE]]>0,"L2","")) | AG14: =_xlfn.TEXTJOIN("",,"*SOCKET0**CBB",misc[[#This Row],[CBB]],"**BASE**I_CCF**ENV",misc[[#This Row],[ENV]],splitchar,"CBREGS_ALL",misc[[#This Row],[CBO]],splitchar,"SPARE") -> *SOCKET0**CBB0**BASE**I_CCF**ENV3__CBREGS_ALL22__SPARE | AH14: =COUNTIFS(cha_mc[TestName],misc[[#This Row],[LLC_MCA_String - Not Used]],cha_mc[VisualId],MC_Check!$H$2) -> 0 | AK14: 2 | AL14: 11 | AM14: ="CH"&memss[[#This Row],[location]] -> CH11 | AN14: =memss[[#This Row],[MEMSS_Hitter_Count]]>0 -> FALSE | AO14: =_xlfn.TEXTJOIN("",,"*SOCKET0**SOC**MEMSS**B2CMI",memss[[#This Row],[location]],splitchar,"MCI*STATUS*SHADOW*") -> *SOCKET0**SOC**MEMSS**B2CMI11__MCI*STATUS*SHADOW* | AP14: =COUNTIFS(cha_mc[TestName],memss[[#This Row],[MEMMS_MCA_String]],cha_mc[VisualId],MC_Check!$H$2) -> 0
D15: LOG | F15: 0 | G15: 12 | H15: =IF(MC_Check!$AN$2="PHY",misc[[#This Row],[location]],misc[[#This Row],[Module_log]]) -> 12 | I15: =misc[[#This Row],[Module]] -> 12 | J15: =J7+1 -> 1 | K15: =K11+1 -> 3 | L15: 0 | M15: =_xlfn.TEXTJOIN("",,misc[[#This Row],[ROW]],misc[[#This Row],[ROW]]) -> 33 | N15: =misc[[#This Row],[Core_Hitter_Count]]>0 -> FALSE | O15: =misc[[#This Row],[LLC_Hitter_Count]]>0 -> FALSE | P15: =misc[[#This Row],[CHA_Hitter_Count]]>0 -> FALSE | Q15: =_xlfn.TEXTJOIN("",,"*SOCKET0**CBB",misc[[#This Row],[CBB]],"**BASE**I_CCF_ENV",misc[[#This Row],[ENV]],splitchar,"CBREGS_ALL",misc[[#This Row],[CBO]],splitchar,"MC_STATUS*") -> *SOCKET0**CBB0**BASE**I_CCF_ENV0__CBREGS_ALL33__MC_STATUS* | R15: =COUNTIFS(cha_mc[TestName],misc[[#This Row],[CBO_MCA_String]],cha_mc[VisualId],MC_Check!$H$2) -> 0 | S15: =_xlfn.TEXTJOIN("",,"*SOCKET0**CBB",misc[[#This Row],[CBB]],"**COMPUTE",misc[[#This Row],[Compute]],"**MODULE",misc[[#This Row],[Module]],splitchar,"**CORE**IFU*CR*MC0*STATUS**") -> *SOCKET0**CBB0**COMPUTE1**MODULE12__**CORE**IFU*CR*MC0*STATUS** | T15: =COUNTIFS(core_mc[TestName],misc[[#This Row],[IFU_MCA_String]],core_mc[VisualId],MC_Check!$H$2) -> 0 | U15: =_xlfn.TEXTJOIN("",,"*SOCKET0**CBB",misc[[#This Row],[CBB]],"**COMPUTE",misc[[#This Row],[Compute]],"**MODULE",misc[[#This Row],[Module]],splitchar,"**CORE**ROB1*CR*MC*STATUS**") -> *SOCKET0**CBB0**COMPUTE1**MODULE12__**CORE**ROB1*CR*MC*STATUS** | V15: =COUNTIFS(core_mc[TestName],misc[[#This Row],[ROB_MCA_String]],core_mc[VisualId],MC_Check!$H$2) -> 0 | W15: =_xlfn.TEXTJOIN("",,"*SOCKET0**CBB",misc[[#This Row],[CBB]],"**COMPUTE",misc[[#This Row],[Compute]],"**MODULE",misc[[#This Row],[Module]],splitchar,"**CORE**DCU*CR*MC1*STATUS**") -> *SOCKET0**CBB0**COMPUTE1**MODULE12__**CORE**DCU*CR*MC1*STATUS** | X15: =COUNTIFS(core_mc[TestName],misc[[#This Row],[DCU_MCA_String]],core_mc[VisualId],MC_Check!$H$2) -> 0 | Y15: =_xlfn.TEXTJOIN("",,"*SOCKET0**CBB",misc[[#This Row],[CBB]],"**COMPUTE",misc[[#This Row],[Compute]],"**MODULE",misc[[#This Row],[Module]],splitchar,"**CORE**DTLB*CR*MC2*STATUS**") -> *SOCKET0**CBB0**COMPUTE1**MODULE12__**CORE**DTLB*CR*MC2*STATUS** | Z15: =COUNTIFS(core_mc[TestName],misc[[#This Row],[CORE_DTLB_String]],core_mc[VisualId],MC_Check!$H$2) -> 0 | AA15: =_xlfn.TEXTJOIN("",,"*SOCKET0**CBB",misc[[#This Row],[CBB]],"**COMPUTE",misc[[#This Row],[Compute]],"**MODULE",misc[[#This Row],[Module]],splitchar,"**ML2*CR*MC3*STATUS**") -> *SOCKET0**CBB0**COMPUTE1**MODULE12__**ML2*CR*MC3*STATUS** | AB15: =COUNTIFS(core_mc[TestName],misc[[#This Row],[Core_ML2_String]],core_mc[VisualId],MC_Check!$H$2) -> 0 | AC15: =_xlfn.TEXTJOIN("",,"*SOCKET0**CBB",misc[[#This Row],[CBB]],"**COMPUTE",misc[[#This Row],[Compute]],"**MODULE",misc[[#This Row],[Module]],splitchar,"SPARE") -> *SOCKET0**CBB0**COMPUTE1**MODULE12__SPARE | AD15: =COUNTIFS(core_mc[TestName],misc[[#This Row],[Core_L2_String - SPARE]],core_mc[VisualId],MC_Check!$H$2) -> 0 | AE15: =misc[[#This Row],[Core_DTLB_Count]]+misc[[#This Row],[Core_DCU_Count]]+misc[[#This Row],[Core_IFU_Count]]+misc[[#This Row],[Core_ROB_Count]]+misc[[#This Row],[Core_L2_Count - SPARE]]+misc[[#This Row],[Core_ML2_Count]] -> 0 | AF15: =_xlfn.TEXTJOIN(", ",,IF(misc[[#This Row],[Core_IFU_Count]]>0,"IFU",""),IF(misc[[#This Row],[Core_DCU_Count]]>0,"DCU",""),IF(misc[[#This Row],[Core_DTLB_Count]]>0,"DTLB",""),IF(misc[[#This Row],[Core_ROB_Count]]>0,"ROB",""),IF(misc[[#This Row],[Core_ML2_Count]]>0,"ML2",""),IF(misc[[#This Row],[Core_L2_Count - SPARE]]>0,"L2","")) | AG15: =_xlfn.TEXTJOIN("",,"*SOCKET0**CBB",misc[[#This Row],[CBB]],"**BASE**I_CCF**ENV",misc[[#This Row],[ENV]],splitchar,"CBREGS_ALL",misc[[#This Row],[CBO]],splitchar,"SPARE") -> *SOCKET0**CBB0**BASE**I_CCF**ENV0__CBREGS_ALL33__SPARE | AH15: =COUNTIFS(cha_mc[TestName],misc[[#This Row],[LLC_MCA_String - Not Used]],cha_mc[VisualId],MC_Check!$H$2) -> 0
F16: 0 | G16: 13 | H16: =IF(MC_Check!$AN$2="PHY",misc[[#This Row],[location]],misc[[#This Row],[Module_log]]) -> 13 | I16: =misc[[#This Row],[Module]] -> 13 | J16: =J8+1 -> 1 | K16: =K12+1 -> 3 | L16: 1 | M16: =_xlfn.TEXTJOIN("",,misc[[#This Row],[ROW]],misc[[#This Row],[ROW]]) -> 33 | N16: =misc[[#This Row],[Core_Hitter_Count]]>0 -> FALSE | O16: =misc[[#This Row],[LLC_Hitter_Count]]>0 -> FALSE | P16: =misc[[#This Row],[CHA_Hitter_Count]]>0 -> FALSE | Q16: =_xlfn.TEXTJOIN("",,"*SOCKET0**CBB",misc[[#This Row],[CBB]],"**BASE**I_CCF_ENV",misc[[#This Row],[ENV]],splitchar,"CBREGS_ALL",misc[[#This Row],[CBO]],splitchar,"MC_STATUS*") -> *SOCKET0**CBB0**BASE**I_CCF_ENV1__CBREGS_ALL33__MC_STATUS* | R16: =COUNTIFS(cha_mc[TestName],misc[[#This Row],[CBO_MCA_String]],cha_mc[VisualId],MC_Check!$H$2) -> 0 | S16: =_xlfn.TEXTJOIN("",,"*SOCKET0**CBB",misc[[#This Row],[CBB]],"**COMPUTE",misc[[#This Row],[Compute]],"**MODULE",misc[[#This Row],[Module]],splitchar,"**CORE**IFU*CR*MC0*STATUS**") -> *SOCKET0**CBB0**COMPUTE1**MODULE13__**CORE**IFU*CR*MC0*STATUS** | T16: =COUNTIFS(core_mc[TestName],misc[[#This Row],[IFU_MCA_String]],core_mc[VisualId],MC_Check!$H$2) -> 0 | U16: =_xlfn.TEXTJOIN("",,"*SOCKET0**CBB",misc[[#This Row],[CBB]],"**COMPUTE",misc[[#This Row],[Compute]],"**MODULE",misc[[#This Row],[Module]],splitchar,"**CORE**ROB1*CR*MC*STATUS**") -> *SOCKET0**CBB0**COMPUTE1**MODULE13__**CORE**ROB1*CR*MC*STATUS** | V16: =COUNTIFS(core_mc[TestName],misc[[#This Row],[ROB_MCA_String]],core_mc[VisualId],MC_Check!$H$2) -> 0 | W16: =_xlfn.TEXTJOIN("",,"*SOCKET0**CBB",misc[[#This Row],[CBB]],"**COMPUTE",misc[[#This Row],[Compute]],"**MODULE",misc[[#This Row],[Module]],splitchar,"**CORE**DCU*CR*MC1*STATUS**") -> *SOCKET0**CBB0**COMPUTE1**MODULE13__**CORE**DCU*CR*MC1*STATUS** | X16: =COUNTIFS(core_mc[TestName],misc[[#This Row],[DCU_MCA_String]],core_mc[VisualId],MC_Check!$H$2) -> 0 | Y16: =_xlfn.TEXTJOIN("",,"*SOCKET0**CBB",misc[[#This Row],[CBB]],"**COMPUTE",misc[[#This Row],[Compute]],"**MODULE",misc[[#This Row],[Module]],splitchar,"**CORE**DTLB*CR*MC2*STATUS**") -> *SOCKET0**CBB0**COMPUTE1**MODULE13__**CORE**DTLB*CR*MC2*STATUS** | Z16: =COUNTIFS(core_mc[TestName],misc[[#This Row],[CORE_DTLB_String]],core_mc[VisualId],MC_Check!$H$2) -> 0 | AA16: =_xlfn.TEXTJOIN("",,"*SOCKET0**CBB",misc[[#This Row],[CBB]],"**COMPUTE",misc[[#This Row],[Compute]],"**MODULE",misc[[#This Row],[Module]],splitchar,"**ML2*CR*MC3*STATUS**") -> *SOCKET0**CBB0**COMPUTE1**MODULE13__**ML2*CR*MC3*STATUS** | AB16: =COUNTIFS(core_mc[TestName],misc[[#This Row],[Core_ML2_String]],core_mc[VisualId],MC_Check!$H$2) -> 0 | AC16: =_xlfn.TEXTJOIN("",,"*SOCKET0**CBB",misc[[#This Row],[CBB]],"**COMPUTE",misc[[#This Row],[Compute]],"**MODULE",misc[[#This Row],[Module]],splitchar,"SPARE") -> *SOCKET0**CBB0**COMPUTE1**MODULE13__SPARE | AD16: =COUNTIFS(core_mc[TestName],misc[[#This Row],[Core_L2_String - SPARE]],core_mc[VisualId],MC_Check!$H$2) -> 0 | AE16: =misc[[#This Row],[Core_DTLB_Count]]+misc[[#This Row],[Core_DCU_Count]]+misc[[#This Row],[Core_IFU_Count]]+misc[[#This Row],[Core_ROB_Count]]+misc[[#This Row],[Core_L2_Count - SPARE]]+misc[[#This Row],[Core_ML2_Count]] -> 0 | AF16: =_xlfn.TEXTJOIN(", ",,IF(misc[[#This Row],[Core_IFU_Count]]>0,"IFU",""),IF(misc[[#This Row],[Core_DCU_Count]]>0,"DCU",""),IF(misc[[#This Row],[Core_DTLB_Count]]>0,"DTLB",""),IF(misc[[#This Row],[Core_ROB_Count]]>0,"ROB",""),IF(misc[[#This Row],[Core_ML2_Count]]>0,"ML2",""),IF(misc[[#This Row],[Core_L2_Count - SPARE]]>0,"L2","")) | AG16: =_xlfn.TEXTJOIN("",,"*SOCKET0**CBB",misc[[#This Row],[CBB]],"**BASE**I_CCF**ENV",misc[[#This Row],[ENV]],splitchar,"CBREGS_ALL",misc[[#This Row],[CBO]],splitchar,"SPARE") -> *SOCKET0**CBB0**BASE**I_CCF**ENV1__CBREGS_ALL33__SPARE | AH16: =COUNTIFS(cha_mc[TestName],misc[[#This Row],[LLC_MCA_String - Not Used]],cha_mc[VisualId],MC_Check!$H$2) -> 0
F17: 0 | G17: 14 | H17: =IF(MC_Check!$AN$2="PHY",misc[[#This Row],[location]],misc[[#This Row],[Module_log]]) -> 14 | I17: =misc[[#This Row],[Module]] -> 14 | J17: =J9+1 -> 1 | K17: =K13+1 -> 3 | L17: 2 | M17: =_xlfn.TEXTJOIN("",,misc[[#This Row],[ROW]],misc[[#This Row],[ROW]]) -> 33 | N17: =misc[[#This Row],[Core_Hitter_Count]]>0 -> FALSE | O17: =misc[[#This Row],[LLC_Hitter_Count]]>0 -> FALSE | P17: =misc[[#This Row],[CHA_Hitter_Count]]>0 -> FALSE | Q17: =_xlfn.TEXTJOIN("",,"*SOCKET0**CBB",misc[[#This Row],[CBB]],"**BASE**I_CCF_ENV",misc[[#This Row],[ENV]],splitchar,"CBREGS_ALL",misc[[#This Row],[CBO]],splitchar,"MC_STATUS*") -> *SOCKET0**CBB0**BASE**I_CCF_ENV2__CBREGS_ALL33__MC_STATUS* | R17: =COUNTIFS(cha_mc[TestName],misc[[#This Row],[CBO_MCA_String]],cha_mc[VisualId],MC_Check!$H$2) -> 0 | S17: =_xlfn.TEXTJOIN("",,"*SOCKET0**CBB",misc[[#This Row],[CBB]],"**COMPUTE",misc[[#This Row],[Compute]],"**MODULE",misc[[#This Row],[Module]],splitchar,"**CORE**IFU*CR*MC0*STATUS**") -> *SOCKET0**CBB0**COMPUTE1**MODULE14__**CORE**IFU*CR*MC0*STATUS** | T17: =COUNTIFS(core_mc[TestName],misc[[#This Row],[IFU_MCA_String]],core_mc[VisualId],MC_Check!$H$2) -> 0 | U17: =_xlfn.TEXTJOIN("",,"*SOCKET0**CBB",misc[[#This Row],[CBB]],"**COMPUTE",misc[[#This Row],[Compute]],"**MODULE",misc[[#This Row],[Module]],splitchar,"**CORE**ROB1*CR*MC*STATUS**") -> *SOCKET0**CBB0**COMPUTE1**MODULE14__**CORE**ROB1*CR*MC*STATUS** | V17: =COUNTIFS(core_mc[TestName],misc[[#This Row],[ROB_MCA_String]],core_mc[VisualId],MC_Check!$H$2) -> 0 | W17: =_xlfn.TEXTJOIN("",,"*SOCKET0**CBB",misc[[#This Row],[CBB]],"**COMPUTE",misc[[#This Row],[Compute]],"**MODULE",misc[[#This Row],[Module]],splitchar,"**CORE**DCU*CR*MC1*STATUS**") -> *SOCKET0**CBB0**COMPUTE1**MODULE14__**CORE**DCU*CR*MC1*STATUS** | X17: =COUNTIFS(core_mc[TestName],misc[[#This Row],[DCU_MCA_String]],core_mc[VisualId],MC_Check!$H$2) -> 0 | Y17: =_xlfn.TEXTJOIN("",,"*SOCKET0**CBB",misc[[#This Row],[CBB]],"**COMPUTE",misc[[#This Row],[Compute]],"**MODULE",misc[[#This Row],[Module]],splitchar,"**CORE**DTLB*CR*MC2*STATUS**") -> *SOCKET0**CBB0**COMPUTE1**MODULE14__**CORE**DTLB*CR*MC2*STATUS** | Z17: =COUNTIFS(core_mc[TestName],misc[[#This Row],[CORE_DTLB_String]],core_mc[VisualId],MC_Check!$H$2) -> 0 | AA17: =_xlfn.TEXTJOIN("",,"*SOCKET0**CBB",misc[[#This Row],[CBB]],"**COMPUTE",misc[[#This Row],[Compute]],"**MODULE",misc[[#This Row],[Module]],splitchar,"**ML2*CR*MC3*STATUS**") -> *SOCKET0**CBB0**COMPUTE1**MODULE14__**ML2*CR*MC3*STATUS** | AB17: =COUNTIFS(core_mc[TestName],misc[[#This Row],[Core_ML2_String]],core_mc[VisualId],MC_Check!$H$2) -> 0 | AC17: =_xlfn.TEXTJOIN("",,"*SOCKET0**CBB",misc[[#This Row],[CBB]],"**COMPUTE",misc[[#This Row],[Compute]],"**MODULE",misc[[#This Row],[Module]],splitchar,"SPARE") -> *SOCKET0**CBB0**COMPUTE1**MODULE14__SPARE | AD17: =COUNTIFS(core_mc[TestName],misc[[#This Row],[Core_L2_String - SPARE]],core_mc[VisualId],MC_Check!$H$2) -> 0 | AE17: =misc[[#This Row],[Core_DTLB_Count]]+misc[[#This Row],[Core_DCU_Count]]+misc[[#This Row],[Core_IFU_Count]]+misc[[#This Row],[Core_ROB_Count]]+misc[[#This Row],[Core_L2_Count - SPARE]]+misc[[#This Row],[Core_ML2_Count]] -> 0 | AF17: =_xlfn.TEXTJOIN(", ",,IF(misc[[#This Row],[Core_IFU_Count]]>0,"IFU",""),IF(misc[[#This Row],[Core_DCU_Count]]>0,"DCU",""),IF(misc[[#This Row],[Core_DTLB_Count]]>0,"DTLB",""),IF(misc[[#This Row],[Core_ROB_Count]]>0,"ROB",""),IF(misc[[#This Row],[Core_ML2_Count]]>0,"ML2",""),IF(misc[[#This Row],[Core_L2_Count - SPARE]]>0,"L2","")) | AG17: =_xlfn.TEXTJOIN("",,"*SOCKET0**CBB",misc[[#This Row],[CBB]],"**BASE**I_CCF**ENV",misc[[#This Row],[ENV]],splitchar,"CBREGS_ALL",misc[[#This Row],[CBO]],splitchar,"SPARE") -> *SOCKET0**CBB0**BASE**I_CCF**ENV2__CBREGS_ALL33__SPARE | AH17: =COUNTIFS(cha_mc[TestName],misc[[#This Row],[LLC_MCA_String - Not Used]],cha_mc[VisualId],MC_Check!$H$2) -> 0
F18: 0 | G18: 15 | H18: =IF(MC_Check!$AN$2="PHY",misc[[#This Row],[location]],misc[[#This Row],[Module_log]]) -> 15 | I18: =misc[[#This Row],[Module]] -> 15 | J18: =J10+1 -> 1 | K18: =K14+1 -> 3 | L18: 3 | M18: =_xlfn.TEXTJOIN("",,misc[[#This Row],[ROW]],misc[[#This Row],[ROW]]) -> 33 | N18: =misc[[#This Row],[Core_Hitter_Count]]>0 -> FALSE | O18: =misc[[#This Row],[LLC_Hitter_Count]]>0 -> FALSE | P18: =misc[[#This Row],[CHA_Hitter_Count]]>0 -> FALSE | Q18: =_xlfn.TEXTJOIN("",,"*SOCKET0**CBB",misc[[#This Row],[CBB]],"**BASE**I_CCF_ENV",misc[[#This Row],[ENV]],splitchar,"CBREGS_ALL",misc[[#This Row],[CBO]],splitchar,"MC_STATUS*") -> *SOCKET0**CBB0**BASE**I_CCF_ENV3__CBREGS_ALL33__MC_STATUS* | R18: =COUNTIFS(cha_mc[TestName],misc[[#This Row],[CBO_MCA_String]],cha_mc[VisualId],MC_Check!$H$2) -> 0 | S18: =_xlfn.TEXTJOIN("",,"*SOCKET0**CBB",misc[[#This Row],[CBB]],"**COMPUTE",misc[[#This Row],[Compute]],"**MODULE",misc[[#This Row],[Module]],splitchar,"**CORE**IFU*CR*MC0*STATUS**") -> *SOCKET0**CBB0**COMPUTE1**MODULE15__**CORE**IFU*CR*MC0*STATUS** | T18: =COUNTIFS(core_mc[TestName],misc[[#This Row],[IFU_MCA_String]],core_mc[VisualId],MC_Check!$H$2) -> 0 | U18: =_xlfn.TEXTJOIN("",,"*SOCKET0**CBB",misc[[#This Row],[CBB]],"**COMPUTE",misc[[#This Row],[Compute]],"**MODULE",misc[[#This Row],[Module]],splitchar,"**CORE**ROB1*CR*MC*STATUS**") -> *SOCKET0**CBB0**COMPUTE1**MODULE15__**CORE**ROB1*CR*MC*STATUS** | V18: =COUNTIFS(core_mc[TestName],misc[[#This Row],[ROB_MCA_String]],core_mc[VisualId],MC_Check!$H$2) -> 0 | W18: =_xlfn.TEXTJOIN("",,"*SOCKET0**CBB",misc[[#This Row],[CBB]],"**COMPUTE",misc[[#This Row],[Compute]],"**MODULE",misc[[#This Row],[Module]],splitchar,"**CORE**DCU*CR*MC1*STATUS**") -> *SOCKET0**CBB0**COMPUTE1**MODULE15__**CORE**DCU*CR*MC1*STATUS** | X18: =COUNTIFS(core_mc[TestName],misc[[#This Row],[DCU_MCA_String]],core_mc[VisualId],MC_Check!$H$2) -> 0 | Y18: =_xlfn.TEXTJOIN("",,"*SOCKET0**CBB",misc[[#This Row],[CBB]],"**COMPUTE",misc[[#This Row],[Compute]],"**MODULE",misc[[#This Row],[Module]],splitchar,"**CORE**DTLB*CR*MC2*STATUS**") -> *SOCKET0**CBB0**COMPUTE1**MODULE15__**CORE**DTLB*CR*MC2*STATUS** | Z18: =COUNTIFS(core_mc[TestName],misc[[#This Row],[CORE_DTLB_String]],core_mc[VisualId],MC_Check!$H$2) -> 0 | AA18: =_xlfn.TEXTJOIN("",,"*SOCKET0**CBB",misc[[#This Row],[CBB]],"**COMPUTE",misc[[#This Row],[Compute]],"**MODULE",misc[[#This Row],[Module]],splitchar,"**ML2*CR*MC3*STATUS**") -> *SOCKET0**CBB0**COMPUTE1**MODULE15__**ML2*CR*MC3*STATUS** | AB18: =COUNTIFS(core_mc[TestName],misc[[#This Row],[Core_ML2_String]],core_mc[VisualId],MC_Check!$H$2) -> 0 | AC18: =_xlfn.TEXTJOIN("",,"*SOCKET0**CBB",misc[[#This Row],[CBB]],"**COMPUTE",misc[[#This Row],[Compute]],"**MODULE",misc[[#This Row],[Module]],splitchar,"SPARE") -> *SOCKET0**CBB0**COMPUTE1**MODULE15__SPARE | AD18: =COUNTIFS(core_mc[TestName],misc[[#This Row],[Core_L2_String - SPARE]],core_mc[VisualId],MC_Check!$H$2) -> 0 | AE18: =misc[[#This Row],[Core_DTLB_Count]]+misc[[#This Row],[Core_DCU_Count]]+misc[[#This Row],[Core_IFU_Count]]+misc[[#This Row],[Core_ROB_Count]]+misc[[#This Row],[Core_L2_Count - SPARE]]+misc[[#This Row],[Core_ML2_Count]] -> 0 | AF18: =_xlfn.TEXTJOIN(", ",,IF(misc[[#This Row],[Core_IFU_Count]]>0,"IFU",""),IF(misc[[#This Row],[Core_DCU_Count]]>0,"DCU",""),IF(misc[[#This Row],[Core_DTLB_Count]]>0,"DTLB",""),IF(misc[[#This Row],[Core_ROB_Count]]>0,"ROB",""),IF(misc[[#This Row],[Core_ML2_Count]]>0,"ML2",""),IF(misc[[#This Row],[Core_L2_Count - SPARE]]>0,"L2","")) | AG18: =_xlfn.TEXTJOIN("",,"*SOCKET0**CBB",misc[[#This Row],[CBB]],"**BASE**I_CCF**ENV",misc[[#This Row],[ENV]],splitchar,"CBREGS_ALL",misc[[#This Row],[CBO]],splitchar,"SPARE") -> *SOCKET0**CBB0**BASE**I_CCF**ENV3__CBREGS_ALL33__SPARE | AH18: =COUNTIFS(cha_mc[TestName],misc[[#This Row],[LLC_MCA_String - Not Used]],cha_mc[VisualId],MC_Check!$H$2) -> 0
F19: 0 | G19: 16 | H19: =IF(MC_Check!$AN$2="PHY",misc[[#This Row],[location]],misc[[#This Row],[Module_log]]) -> 16 | I19: =misc[[#This Row],[Module]] -> 16 | J19: =J11+1 -> 2 | K19: =K15+1 -> 4 | L19: 0 | M19: =_xlfn.TEXTJOIN("",,misc[[#This Row],[ROW]],misc[[#This Row],[ROW]]) -> 44 | N19: =misc[[#This Row],[Core_Hitter_Count]]>0 -> FALSE | O19: =misc[[#This Row],[LLC_Hitter_Count]]>0 -> FALSE | P19: =misc[[#This Row],[CHA_Hitter_Count]]>0 -> FALSE | Q19: =_xlfn.TEXTJOIN("",,"*SOCKET0**CBB",misc[[#This Row],[CBB]],"**BASE**I_CCF_ENV",misc[[#This Row],[ENV]],splitchar,"CBREGS_ALL",misc[[#This Row],[CBO]],splitchar,"MC_STATUS*") -> *SOCKET0**CBB0**BASE**I_CCF_ENV0__CBREGS_ALL44__MC_STATUS* | R19: =COUNTIFS(cha_mc[TestName],misc[[#This Row],[CBO_MCA_String]],cha_mc[VisualId],MC_Check!$H$2) -> 0 | S19: =_xlfn.TEXTJOIN("",,"*SOCKET0**CBB",misc[[#This Row],[CBB]],"**COMPUTE",misc[[#This Row],[Compute]],"**MODULE",misc[[#This Row],[Module]],splitchar,"**CORE**IFU*CR*MC0*STATUS**") -> *SOCKET0**CBB0**COMPUTE2**MODULE16__**CORE**IFU*CR*MC0*STATUS** | T19: =COUNTIFS(core_mc[TestName],misc[[#This Row],[IFU_MCA_String]],core_mc[VisualId],MC_Check!$H$2) -> 0 | U19: =_xlfn.TEXTJOIN("",,"*SOCKET0**CBB",misc[[#This Row],[CBB]],"**COMPUTE",misc[[#This Row],[Compute]],"**MODULE",misc[[#This Row],[Module]],splitchar,"**CORE**ROB1*CR*MC*STATUS**") -> *SOCKET0**CBB0**COMPUTE2**MODULE16__**CORE**ROB1*CR*MC*STATUS** | V19: =COUNTIFS(core_mc[TestName],misc[[#This Row],[ROB_MCA_String]],core_mc[VisualId],MC_Check!$H$2) -> 0 | W19: =_xlfn.TEXTJOIN("",,"*SOCKET0**CBB",misc[[#This Row],[CBB]],"**COMPUTE",misc[[#This Row],[Compute]],"**MODULE",misc[[#This Row],[Module]],splitchar,"**CORE**DCU*CR*MC1*STATUS**") -> *SOCKET0**CBB0**COMPUTE2**MODULE16__**CORE**DCU*CR*MC1*STATUS** | X19: =COUNTIFS(core_mc[TestName],misc[[#This Row],[DCU_MCA_String]],core_mc[VisualId],MC_Check!$H$2) -> 0 | Y19: =_xlfn.TEXTJOIN("",,"*SOCKET0**CBB",misc[[#This Row],[CBB]],"**COMPUTE",misc[[#This Row],[Compute]],"**MODULE",misc[[#This Row],[Module]],splitchar,"**CORE**DTLB*CR*MC2*STATUS**") -> *SOCKET0**CBB0**COMPUTE2**MODULE16__**CORE**DTLB*CR*MC2*STATUS** | Z19: =COUNTIFS(core_mc[TestName],misc[[#This Row],[CORE_DTLB_String]],core_mc[VisualId],MC_Check!$H$2) -> 0 | AA19: =_xlfn.TEXTJOIN("",,"*SOCKET0**CBB",misc[[#This Row],[CBB]],"**COMPUTE",misc[[#This Row],[Compute]],"**MODULE",misc[[#This Row],[Module]],splitchar,"**ML2*CR*MC3*STATUS**") -> *SOCKET0**CBB0**COMPUTE2**MODULE16__**ML2*CR*MC3*STATUS** | AB19: =COUNTIFS(core_mc[TestName],misc[[#This Row],[Core_ML2_String]],core_mc[VisualId],MC_Check!$H$2) -> 0 | AC19: =_xlfn.TEXTJOIN("",,"*SOCKET0**CBB",misc[[#This Row],[CBB]],"**COMPUTE",misc[[#This Row],[Compute]],"**MODULE",misc[[#This Row],[Module]],splitchar,"SPARE") -> *SOCKET0**CBB0**COMPUTE2**MODULE16__SPARE | AD19: =COUNTIFS(core_mc[TestName],misc[[#This Row],[Core_L2_String - SPARE]],core_mc[VisualId],MC_Check!$H$2) -> 0 | AE19: =misc[[#This Row],[Core_DTLB_Count]]+misc[[#This Row],[Core_DCU_Count]]+misc[[#This Row],[Core_IFU_Count]]+misc[[#This Row],[Core_ROB_Count]]+misc[[#This Row],[Core_L2_Count - SPARE]]+misc[[#This Row],[Core_ML2_Count]] -> 0 | AF19: =_xlfn.TEXTJOIN(", ",,IF(misc[[#This Row],[Core_IFU_Count]]>0,"IFU",""),IF(misc[[#This Row],[Core_DCU_Count]]>0,"DCU",""),IF(misc[[#This Row],[Core_DTLB_Count]]>0,"DTLB",""),IF(misc[[#This Row],[Core_ROB_Count]]>0,"ROB",""),IF(misc[[#This Row],[Core_ML2_Count]]>0,"ML2",""),IF(misc[[#This Row],[Core_L2_Count - SPARE]]>0,"L2","")) | AG19: =_xlfn.TEXTJOIN("",,"*SOCKET0**CBB",misc[[#This Row],[CBB]],"**BASE**I_CCF**ENV",misc[[#This Row],[ENV]],splitchar,"CBREGS_ALL",misc[[#This Row],[CBO]],splitchar,"SPARE") -> *SOCKET0**CBB0**BASE**I_CCF**ENV0__CBREGS_ALL44__SPARE | AH19: =COUNTIFS(cha_mc[TestName],misc[[#This Row],[LLC_MCA_String - Not Used]],cha_mc[VisualId],MC_Check!$H$2) -> 0
F20: 0 | G20: 17 | H20: =IF(MC_Check!$AN$2="PHY",misc[[#This Row],[location]],misc[[#This Row],[Module_log]]) -> 17 | I20: =misc[[#This Row],[Module]] -> 17 | J20: =J12+1 -> 2 | K20: =K16+1 -> 4 | L20: 1 | M20: =_xlfn.TEXTJOIN("",,misc[[#This Row],[ROW]],misc[[#This Row],[ROW]]) -> 44 | N20: =misc[[#This Row],[Core_Hitter_Count]]>0 -> FALSE | O20: =misc[[#This Row],[LLC_Hitter_Count]]>0 -> FALSE | P20: =misc[[#This Row],[CHA_Hitter_Count]]>0 -> FALSE | Q20: =_xlfn.TEXTJOIN("",,"*SOCKET0**CBB",misc[[#This Row],[CBB]],"**BASE**I_CCF_ENV",misc[[#This Row],[ENV]],splitchar,"CBREGS_ALL",misc[[#This Row],[CBO]],splitchar,"MC_STATUS*") -> *SOCKET0**CBB0**BASE**I_CCF_ENV1__CBREGS_ALL44__MC_STATUS* | R20: =COUNTIFS(cha_mc[TestName],misc[[#This Row],[CBO_MCA_String]],cha_mc[VisualId],MC_Check!$H$2) -> 0 | S20: =_xlfn.TEXTJOIN("",,"*SOCKET0**CBB",misc[[#This Row],[CBB]],"**COMPUTE",misc[[#This Row],[Compute]],"**MODULE",misc[[#This Row],[Module]],splitchar,"**CORE**IFU*CR*MC0*STATUS**") -> *SOCKET0**CBB0**COMPUTE2**MODULE17__**CORE**IFU*CR*MC0*STATUS** | T20: =COUNTIFS(core_mc[TestName],misc[[#This Row],[IFU_MCA_String]],core_mc[VisualId],MC_Check!$H$2) -> 0 | U20: =_xlfn.TEXTJOIN("",,"*SOCKET0**CBB",misc[[#This Row],[CBB]],"**COMPUTE",misc[[#This Row],[Compute]],"**MODULE",misc[[#This Row],[Module]],splitchar,"**CORE**ROB1*CR*MC*STATUS**") -> *SOCKET0**CBB0**COMPUTE2**MODULE17__**CORE**ROB1*CR*MC*STATUS** | V20: =COUNTIFS(core_mc[TestName],misc[[#This Row],[ROB_MCA_String]],core_mc[VisualId],MC_Check!$H$2) -> 0 | W20: =_xlfn.TEXTJOIN("",,"*SOCKET0**CBB",misc[[#This Row],[CBB]],"**COMPUTE",misc[[#This Row],[Compute]],"**MODULE",misc[[#This Row],[Module]],splitchar,"**CORE**DCU*CR*MC1*STATUS**") -> *SOCKET0**CBB0**COMPUTE2**MODULE17__**CORE**DCU*CR*MC1*STATUS** | X20: =COUNTIFS(core_mc[TestName],misc[[#This Row],[DCU_MCA_String]],core_mc[VisualId],MC_Check!$H$2) -> 0 | Y20: =_xlfn.TEXTJOIN("",,"*SOCKET0**CBB",misc[[#This Row],[CBB]],"**COMPUTE",misc[[#This Row],[Compute]],"**MODULE",misc[[#This Row],[Module]],splitchar,"**CORE**DTLB*CR*MC2*STATUS**") -> *SOCKET0**CBB0**COMPUTE2**MODULE17__**CORE**DTLB*CR*MC2*STATUS** | Z20: =COUNTIFS(core_mc[TestName],misc[[#This Row],[CORE_DTLB_String]],core_mc[VisualId],MC_Check!$H$2) -> 0 | AA20: =_xlfn.TEXTJOIN("",,"*SOCKET0**CBB",misc[[#This Row],[CBB]],"**COMPUTE",misc[[#This Row],[Compute]],"**MODULE",misc[[#This Row],[Module]],splitchar,"**ML2*CR*MC3*STATUS**") -> *SOCKET0**CBB0**COMPUTE2**MODULE17__**ML2*CR*MC3*STATUS** | AB20: =COUNTIFS(core_mc[TestName],misc[[#This Row],[Core_ML2_String]],core_mc[VisualId],MC_Check!$H$2) -> 0 | AC20: =_xlfn.TEXTJOIN("",,"*SOCKET0**CBB",misc[[#This Row],[CBB]],"**COMPUTE",misc[[#This Row],[Compute]],"**MODULE",misc[[#This Row],[Module]],splitchar,"SPARE") -> *SOCKET0**CBB0**COMPUTE2**MODULE17__SPARE | AD20: =COUNTIFS(core_mc[TestName],misc[[#This Row],[Core_L2_String - SPARE]],core_mc[VisualId],MC_Check!$H$2) -> 0 | AE20: =misc[[#This Row],[Core_DTLB_Count]]+misc[[#This Row],[Core_DCU_Count]]+misc[[#This Row],[Core_IFU_Count]]+misc[[#This Row],[Core_ROB_Count]]+misc[[#This Row],[Core_L2_Count - SPARE]]+misc[[#This Row],[Core_ML2_Count]] -> 0 | AF20: =_xlfn.TEXTJOIN(", ",,IF(misc[[#This Row],[Core_IFU_Count]]>0,"IFU",""),IF(misc[[#This Row],[Core_DCU_Count]]>0,"DCU",""),IF(misc[[#This Row],[Core_DTLB_Count]]>0,"DTLB",""),IF(misc[[#This Row],[Core_ROB_Count]]>0,"ROB",""),IF(misc[[#This Row],[Core_ML2_Count]]>0,"ML2",""),IF(misc[[#This Row],[Core_L2_Count - SPARE]]>0,"L2","")) | AG20: =_xlfn.TEXTJOIN("",,"*SOCKET0**CBB",misc[[#This Row],[CBB]],"**BASE**I_CCF**ENV",misc[[#This Row],[ENV]],splitchar,"CBREGS_ALL",misc[[#This Row],[CBO]],splitchar,"SPARE") -> *SOCKET0**CBB0**BASE**I_CCF**ENV1__CBREGS_ALL44__SPARE | AH20: =COUNTIFS(cha_mc[TestName],misc[[#This Row],[LLC_MCA_String - Not Used]],cha_mc[VisualId],MC_Check!$H$2) -> 0
F21: 0 | G21: 18 | H21: =IF(MC_Check!$AN$2="PHY",misc[[#This Row],[location]],misc[[#This Row],[Module_log]]) -> 18 | I21: =misc[[#This Row],[Module]] -> 18 | J21: =J13+1 -> 2 | K21: =K17+1 -> 4 | L21: 2 | M21: =_xlfn.TEXTJOIN("",,misc[[#This Row],[ROW]],misc[[#This Row],[ROW]]) -> 44 | N21: =misc[[#This Row],[Core_Hitter_Count]]>0 -> FALSE | O21: =misc[[#This Row],[LLC_Hitter_Count]]>0 -> FALSE | P21: =misc[[#This Row],[CHA_Hitter_Count]]>0 -> FALSE | Q21: =_xlfn.TEXTJOIN("",,"*SOCKET0**CBB",misc[[#This Row],[CBB]],"**BASE**I_CCF_ENV",misc[[#This Row],[ENV]],splitchar,"CBREGS_ALL",misc[[#This Row],[CBO]],splitchar,"MC_STATUS*") -> *SOCKET0**CBB0**BASE**I_CCF_ENV2__CBREGS_ALL44__MC_STATUS* | R21: =COUNTIFS(cha_mc[TestName],misc[[#This Row],[CBO_MCA_String]],cha_mc[VisualId],MC_Check!$H$2) -> 0 | S21: =_xlfn.TEXTJOIN("",,"*SOCKET0**CBB",misc[[#This Row],[CBB]],"**COMPUTE",misc[[#This Row],[Compute]],"**MODULE",misc[[#This Row],[Module]],splitchar,"**CORE**IFU*CR*MC0*STATUS**") -> *SOCKET0**CBB0**COMPUTE2**MODULE18__**CORE**IFU*CR*MC0*STATUS** | T21: =COUNTIFS(core_mc[TestName],misc[[#This Row],[IFU_MCA_String]],core_mc[VisualId],MC_Check!$H$2) -> 0 | U21: =_xlfn.TEXTJOIN("",,"*SOCKET0**CBB",misc[[#This Row],[CBB]],"**COMPUTE",misc[[#This Row],[Compute]],"**MODULE",misc[[#This Row],[Module]],splitchar,"**CORE**ROB1*CR*MC*STATUS**") -> *SOCKET0**CBB0**COMPUTE2**MODULE18__**CORE**ROB1*CR*MC*STATUS** | V21: =COUNTIFS(core_mc[TestName],misc[[#This Row],[ROB_MCA_String]],core_mc[VisualId],MC_Check!$H$2) -> 0 | W21: =_xlfn.TEXTJOIN("",,"*SOCKET0**CBB",misc[[#This Row],[CBB]],"**COMPUTE",misc[[#This Row],[Compute]],"**MODULE",misc[[#This Row],[Module]],splitchar,"**CORE**DCU*CR*MC1*STATUS**") -> *SOCKET0**CBB0**COMPUTE2**MODULE18__**CORE**DCU*CR*MC1*STATUS** | X21: =COUNTIFS(core_mc[TestName],misc[[#This Row],[DCU_MCA_String]],core_mc[VisualId],MC_Check!$H$2) -> 0 | Y21: =_xlfn.TEXTJOIN("",,"*SOCKET0**CBB",misc[[#This Row],[CBB]],"**COMPUTE",misc[[#This Row],[Compute]],"**MODULE",misc[[#This Row],[Module]],splitchar,"**CORE**DTLB*CR*MC2*STATUS**") -> *SOCKET0**CBB0**COMPUTE2**MODULE18__**CORE**DTLB*CR*MC2*STATUS** | Z21: =COUNTIFS(core_mc[TestName],misc[[#This Row],[CORE_DTLB_String]],core_mc[VisualId],MC_Check!$H$2) -> 0 | AA21: =_xlfn.TEXTJOIN("",,"*SOCKET0**CBB",misc[[#This Row],[CBB]],"**COMPUTE",misc[[#This Row],[Compute]],"**MODULE",misc[[#This Row],[Module]],splitchar,"**ML2*CR*MC3*STATUS**") -> *SOCKET0**CBB0**COMPUTE2**MODULE18__**ML2*CR*MC3*STATUS** | AB21: =COUNTIFS(core_mc[TestName],misc[[#This Row],[Core_ML2_String]],core_mc[VisualId],MC_Check!$H$2) -> 0 | AC21: =_xlfn.TEXTJOIN("",,"*SOCKET0**CBB",misc[[#This Row],[CBB]],"**COMPUTE",misc[[#This Row],[Compute]],"**MODULE",misc[[#This Row],[Module]],splitchar,"SPARE") -> *SOCKET0**CBB0**COMPUTE2**MODULE18__SPARE | AD21: =COUNTIFS(core_mc[TestName],misc[[#This Row],[Core_L2_String - SPARE]],core_mc[VisualId],MC_Check!$H$2) -> 0 | AE21: =misc[[#This Row],[Core_DTLB_Count]]+misc[[#This Row],[Core_DCU_Count]]+misc[[#This Row],[Core_IFU_Count]]+misc[[#This Row],[Core_ROB_Count]]+misc[[#This Row],[Core_L2_Count - SPARE]]+misc[[#This Row],[Core_ML2_Count]] -> 0 | AF21: =_xlfn.TEXTJOIN(", ",,IF(misc[[#This Row],[Core_IFU_Count]]>0,"IFU",""),IF(misc[[#This Row],[Core_DCU_Count]]>0,"DCU",""),IF(misc[[#This Row],[Core_DTLB_Count]]>0,"DTLB",""),IF(misc[[#This Row],[Core_ROB_Count]]>0,"ROB",""),IF(misc[[#This Row],[Core_ML2_Count]]>0,"ML2",""),IF(misc[[#This Row],[Core_L2_Count - SPARE]]>0,"L2","")) | AG21: =_xlfn.TEXTJOIN("",,"*SOCKET0**CBB",misc[[#This Row],[CBB]],"**BASE**I_CCF**ENV",misc[[#This Row],[ENV]],splitchar,"CBREGS_ALL",misc[[#This Row],[CBO]],splitchar,"SPARE") -> *SOCKET0**CBB0**BASE**I_CCF**ENV2__CBREGS_ALL44__SPARE | AH21: =COUNTIFS(cha_mc[TestName],misc[[#This Row],[LLC_MCA_String - Not Used]],cha_mc[VisualId],MC_Check!$H$2) -> 0
F22: 0 | G22: 19 | H22: =IF(MC_Check!$AN$2="PHY",misc[[#This Row],[location]],misc[[#This Row],[Module_log]]) -> 19 | I22: =misc[[#This Row],[Module]] -> 19 | J22: =J14+1 -> 2 | K22: =K18+1 -> 4 | L22: 3 | M22: =_xlfn.TEXTJOIN("",,misc[[#This Row],[ROW]],misc[[#This Row],[ROW]]) -> 44 | N22: =misc[[#This Row],[Core_Hitter_Count]]>0 -> FALSE | O22: =misc[[#This Row],[LLC_Hitter_Count]]>0 -> FALSE | P22: =misc[[#This Row],[CHA_Hitter_Count]]>0 -> FALSE | Q22: =_xlfn.TEXTJOIN("",,"*SOCKET0**CBB",misc[[#This Row],[CBB]],"**BASE**I_CCF_ENV",misc[[#This Row],[ENV]],splitchar,"CBREGS_ALL",misc[[#This Row],[CBO]],splitchar,"MC_STATUS*") -> *SOCKET0**CBB0**BASE**I_CCF_ENV3__CBREGS_ALL44__MC_STATUS* | R22: =COUNTIFS(cha_mc[TestName],misc[[#This Row],[CBO_MCA_String]],cha_mc[VisualId],MC_Check!$H$2) -> 0 | S22: =_xlfn.TEXTJOIN("",,"*SOCKET0**CBB",misc[[#This Row],[CBB]],"**COMPUTE",misc[[#This Row],[Compute]],"**MODULE",misc[[#This Row],[Module]],splitchar,"**CORE**IFU*CR*MC0*STATUS**") -> *SOCKET0**CBB0**COMPUTE2**MODULE19__**CORE**IFU*CR*MC0*STATUS** | T22: =COUNTIFS(core_mc[TestName],misc[[#This Row],[IFU_MCA_String]],core_mc[VisualId],MC_Check!$H$2) -> 0 | U22: =_xlfn.TEXTJOIN("",,"*SOCKET0**CBB",misc[[#This Row],[CBB]],"**COMPUTE",misc[[#This Row],[Compute]],"**MODULE",misc[[#This Row],[Module]],splitchar,"**CORE**ROB1*CR*MC*STATUS**") -> *SOCKET0**CBB0**COMPUTE2**MODULE19__**CORE**ROB1*CR*MC*STATUS** | V22: =COUNTIFS(core_mc[TestName],misc[[#This Row],[ROB_MCA_String]],core_mc[VisualId],MC_Check!$H$2) -> 0 | W22: =_xlfn.TEXTJOIN("",,"*SOCKET0**CBB",misc[[#This Row],[CBB]],"**COMPUTE",misc[[#This Row],[Compute]],"**MODULE",misc[[#This Row],[Module]],splitchar,"**CORE**DCU*CR*MC1*STATUS**") -> *SOCKET0**CBB0**COMPUTE2**MODULE19__**CORE**DCU*CR*MC1*STATUS** | X22: =COUNTIFS(core_mc[TestName],misc[[#This Row],[DCU_MCA_String]],core_mc[VisualId],MC_Check!$H$2) -> 0 | Y22: =_xlfn.TEXTJOIN("",,"*SOCKET0**CBB",misc[[#This Row],[CBB]],"**COMPUTE",misc[[#This Row],[Compute]],"**MODULE",misc[[#This Row],[Module]],splitchar,"**CORE**DTLB*CR*MC2*STATUS**") -> *SOCKET0**CBB0**COMPUTE2**MODULE19__**CORE**DTLB*CR*MC2*STATUS** | Z22: =COUNTIFS(core_mc[TestName],misc[[#This Row],[CORE_DTLB_String]],core_mc[VisualId],MC_Check!$H$2) -> 0 | AA22: =_xlfn.TEXTJOIN("",,"*SOCKET0**CBB",misc[[#This Row],[CBB]],"**COMPUTE",misc[[#This Row],[Compute]],"**MODULE",misc[[#This Row],[Module]],splitchar,"**ML2*CR*MC3*STATUS**") -> *SOCKET0**CBB0**COMPUTE2**MODULE19__**ML2*CR*MC3*STATUS** | AB22: =COUNTIFS(core_mc[TestName],misc[[#This Row],[Core_ML2_String]],core_mc[VisualId],MC_Check!$H$2) -> 0 | AC22: =_xlfn.TEXTJOIN("",,"*SOCKET0**CBB",misc[[#This Row],[CBB]],"**COMPUTE",misc[[#This Row],[Compute]],"**MODULE",misc[[#This Row],[Module]],splitchar,"SPARE") -> *SOCKET0**CBB0**COMPUTE2**MODULE19__SPARE | AD22: =COUNTIFS(core_mc[TestName],misc[[#This Row],[Core_L2_String - SPARE]],core_mc[VisualId],MC_Check!$H$2) -> 0 | AE22: =misc[[#This Row],[Core_DTLB_Count]]+misc[[#This Row],[Core_DCU_Count]]+misc[[#This Row],[Core_IFU_Count]]+misc[[#This Row],[Core_ROB_Count]]+misc[[#This Row],[Core_L2_Count - SPARE]]+misc[[#This Row],[Core_ML2_Count]] -> 0 | AF22: =_xlfn.TEXTJOIN(", ",,IF(misc[[#This Row],[Core_IFU_Count]]>0,"IFU",""),IF(misc[[#This Row],[Core_DCU_Count]]>0,"DCU",""),IF(misc[[#This Row],[Core_DTLB_Count]]>0,"DTLB",""),IF(misc[[#This Row],[Core_ROB_Count]]>0,"ROB",""),IF(misc[[#This Row],[Core_ML2_Count]]>0,"ML2",""),IF(misc[[#This Row],[Core_L2_Count - SPARE]]>0,"L2","")) | AG22: =_xlfn.TEXTJOIN("",,"*SOCKET0**CBB",misc[[#This Row],[CBB]],"**BASE**I_CCF**ENV",misc[[#This Row],[ENV]],splitchar,"CBREGS_ALL",misc[[#This Row],[CBO]],splitchar,"SPARE") -> *SOCKET0**CBB0**BASE**I_CCF**ENV3__CBREGS_ALL44__SPARE | AH22: =COUNTIFS(cha_mc[TestName],misc[[#This Row],[LLC_MCA_String - Not Used]],cha_mc[VisualId],MC_Check!$H$2) -> 0
F23: 0 | G23: 20 | H23: =IF(MC_Check!$AN$2="PHY",misc[[#This Row],[location]],misc[[#This Row],[Module_log]]) -> 20 | I23: =misc[[#This Row],[Module]] -> 20 | J23: =J15+1 -> 2 | K23: =K19+1 -> 5 | L23: 0 | M23: =_xlfn.TEXTJOIN("",,misc[[#This Row],[ROW]],misc[[#This Row],[ROW]]) -> 55 | N23: =misc[[#This Row],[Core_Hitter_Count]]>0 -> FALSE | O23: =misc[[#This Row],[LLC_Hitter_Count]]>0 -> FALSE | P23: =misc[[#This Row],[CHA_Hitter_Count]]>0 -> FALSE | Q23: =_xlfn.TEXTJOIN("",,"*SOCKET0**CBB",misc[[#This Row],[CBB]],"**BASE**I_CCF_ENV",misc[[#This Row],[ENV]],splitchar,"CBREGS_ALL",misc[[#This Row],[CBO]],splitchar,"MC_STATUS*") -> *SOCKET0**CBB0**BASE**I_CCF_ENV0__CBREGS_ALL55__MC_STATUS* | R23: =COUNTIFS(cha_mc[TestName],misc[[#This Row],[CBO_MCA_String]],cha_mc[VisualId],MC_Check!$H$2) -> 0 | S23: =_xlfn.TEXTJOIN("",,"*SOCKET0**CBB",misc[[#This Row],[CBB]],"**COMPUTE",misc[[#This Row],[Compute]],"**MODULE",misc[[#This Row],[Module]],splitchar,"**CORE**IFU*CR*MC0*STATUS**") -> *SOCKET0**CBB0**COMPUTE2**MODULE20__**CORE**IFU*CR*MC0*STATUS** | T23: =COUNTIFS(core_mc[TestName],misc[[#This Row],[IFU_MCA_String]],core_mc[VisualId],MC_Check!$H$2) -> 0 | U23: =_xlfn.TEXTJOIN("",,"*SOCKET0**CBB",misc[[#This Row],[CBB]],"**COMPUTE",misc[[#This Row],[Compute]],"**MODULE",misc[[#This Row],[Module]],splitchar,"**CORE**ROB1*CR*MC*STATUS**") -> *SOCKET0**CBB0**COMPUTE2**MODULE20__**CORE**ROB1*CR*MC*STATUS** | V23: =COUNTIFS(core_mc[TestName],misc[[#This Row],[ROB_MCA_String]],core_mc[VisualId],MC_Check!$H$2) -> 0 | W23: =_xlfn.TEXTJOIN("",,"*SOCKET0**CBB",misc[[#This Row],[CBB]],"**COMPUTE",misc[[#This Row],[Compute]],"**MODULE",misc[[#This Row],[Module]],splitchar,"**CORE**DCU*CR*MC1*STATUS**") -> *SOCKET0**CBB0**COMPUTE2**MODULE20__**CORE**DCU*CR*MC1*STATUS** | X23: =COUNTIFS(core_mc[TestName],misc[[#This Row],[DCU_MCA_String]],core_mc[VisualId],MC_Check!$H$2) -> 0 | Y23: =_xlfn.TEXTJOIN("",,"*SOCKET0**CBB",misc[[#This Row],[CBB]],"**COMPUTE",misc[[#This Row],[Compute]],"**MODULE",misc[[#This Row],[Module]],splitchar,"**CORE**DTLB*CR*MC2*STATUS**") -> *SOCKET0**CBB0**COMPUTE2**MODULE20__**CORE**DTLB*CR*MC2*STATUS** | Z23: =COUNTIFS(core_mc[TestName],misc[[#This Row],[CORE_DTLB_String]],core_mc[VisualId],MC_Check!$H$2) -> 0 | AA23: =_xlfn.TEXTJOIN("",,"*SOCKET0**CBB",misc[[#This Row],[CBB]],"**COMPUTE",misc[[#This Row],[Compute]],"**MODULE",misc[[#This Row],[Module]],splitchar,"**ML2*CR*MC3*STATUS**") -> *SOCKET0**CBB0**COMPUTE2**MODULE20__**ML2*CR*MC3*STATUS** | AB23: =COUNTIFS(core_mc[TestName],misc[[#This Row],[Core_ML2_String]],core_mc[VisualId],MC_Check!$H$2) -> 0 | AC23: =_xlfn.TEXTJOIN("",,"*SOCKET0**CBB",misc[[#This Row],[CBB]],"**COMPUTE",misc[[#This Row],[Compute]],"**MODULE",misc[[#This Row],[Module]],splitchar,"SPARE") -> *SOCKET0**CBB0**COMPUTE2**MODULE20__SPARE | AD23: =COUNTIFS(core_mc[TestName],misc[[#This Row],[Core_L2_String - SPARE]],core_mc[VisualId],MC_Check!$H$2) -> 0 | AE23: =misc[[#This Row],[Core_DTLB_Count]]+misc[[#This Row],[Core_DCU_Count]]+misc[[#This Row],[Core_IFU_Count]]+misc[[#This Row],[Core_ROB_Count]]+misc[[#This Row],[Core_L2_Count - SPARE]]+misc[[#This Row],[Core_ML2_Count]] -> 0 | AF23: =_xlfn.TEXTJOIN(", ",,IF(misc[[#This Row],[Core_IFU_Count]]>0,"IFU",""),IF(misc[[#This Row],[Core_DCU_Count]]>0,"DCU",""),IF(misc[[#This Row],[Core_DTLB_Count]]>0,"DTLB",""),IF(misc[[#This Row],[Core_ROB_Count]]>0,"ROB",""),IF(misc[[#This Row],[Core_ML2_Count]]>0,"ML2",""),IF(misc[[#This Row],[Core_L2_Count - SPARE]]>0,"L2","")) | AG23: =_xlfn.TEXTJOIN("",,"*SOCKET0**CBB",misc[[#This Row],[CBB]],"**BASE**I_CCF**ENV",misc[[#This Row],[ENV]],splitchar,"CBREGS_ALL",misc[[#This Row],[CBO]],splitchar,"SPARE") -> *SOCKET0**CBB0**BASE**I_CCF**ENV0__CBREGS_ALL55__SPARE | AH23: =COUNTIFS(cha_mc[TestName],misc[[#This Row],[LLC_MCA_String - Not Used]],cha_mc[VisualId],MC_Check!$H$2) -> 0
F24: 0 | G24: 21 | H24: =IF(MC_Check!$AN$2="PHY",misc[[#This Row],[location]],misc[[#This Row],[Module_log]]) -> 21 | I24: =misc[[#This Row],[Module]] -> 21 | J24: =J16+1 -> 2 | K24: =K20+1 -> 5 | L24: 1 | M24: =_xlfn.TEXTJOIN("",,misc[[#This Row],[ROW]],misc[[#This Row],[ROW]]) -> 55 | N24: =misc[[#This Row],[Core_Hitter_Count]]>0 -> FALSE | O24: =misc[[#This Row],[LLC_Hitter_Count]]>0 -> FALSE | P24: =misc[[#This Row],[CHA_Hitter_Count]]>0 -> FALSE | Q24: =_xlfn.TEXTJOIN("",,"*SOCKET0**CBB",misc[[#This Row],[CBB]],"**BASE**I_CCF_ENV",misc[[#This Row],[ENV]],splitchar,"CBREGS_ALL",misc[[#This Row],[CBO]],splitchar,"MC_STATUS*") -> *SOCKET0**CBB0**BASE**I_CCF_ENV1__CBREGS_ALL55__MC_STATUS* | R24: =COUNTIFS(cha_mc[TestName],misc[[#This Row],[CBO_MCA_String]],cha_mc[VisualId],MC_Check!$H$2) -> 0 | S24: =_xlfn.TEXTJOIN("",,"*SOCKET0**CBB",misc[[#This Row],[CBB]],"**COMPUTE",misc[[#This Row],[Compute]],"**MODULE",misc[[#This Row],[Module]],splitchar,"**CORE**IFU*CR*MC0*STATUS**") -> *SOCKET0**CBB0**COMPUTE2**MODULE21__**CORE**IFU*CR*MC0*STATUS** | T24: =COUNTIFS(core_mc[TestName],misc[[#This Row],[IFU_MCA_String]],core_mc[VisualId],MC_Check!$H$2) -> 0 | U24: =_xlfn.TEXTJOIN("",,"*SOCKET0**CBB",misc[[#This Row],[CBB]],"**COMPUTE",misc[[#This Row],[Compute]],"**MODULE",misc[[#This Row],[Module]],splitchar,"**CORE**ROB1*CR*MC*STATUS**") -> *SOCKET0**CBB0**COMPUTE2**MODULE21__**CORE**ROB1*CR*MC*STATUS** | V24: =COUNTIFS(core_mc[TestName],misc[[#This Row],[ROB_MCA_String]],core_mc[VisualId],MC_Check!$H$2) -> 0 | W24: =_xlfn.TEXTJOIN("",,"*SOCKET0**CBB",misc[[#This Row],[CBB]],"**COMPUTE",misc[[#This Row],[Compute]],"**MODULE",misc[[#This Row],[Module]],splitchar,"**CORE**DCU*CR*MC1*STATUS**") -> *SOCKET0**CBB0**COMPUTE2**MODULE21__**CORE**DCU*CR*MC1*STATUS** | X24: =COUNTIFS(core_mc[TestName],misc[[#This Row],[DCU_MCA_String]],core_mc[VisualId],MC_Check!$H$2) -> 0 | Y24: =_xlfn.TEXTJOIN("",,"*SOCKET0**CBB",misc[[#This Row],[CBB]],"**COMPUTE",misc[[#This Row],[Compute]],"**MODULE",misc[[#This Row],[Module]],splitchar,"**CORE**DTLB*CR*MC2*STATUS**") -> *SOCKET0**CBB0**COMPUTE2**MODULE21__**CORE**DTLB*CR*MC2*STATUS** | Z24: =COUNTIFS(core_mc[TestName],misc[[#This Row],[CORE_DTLB_String]],core_mc[VisualId],MC_Check!$H$2) -> 0 | AA24: =_xlfn.TEXTJOIN("",,"*SOCKET0**CBB",misc[[#This Row],[CBB]],"**COMPUTE",misc[[#This Row],[Compute]],"**MODULE",misc[[#This Row],[Module]],splitchar,"**ML2*CR*MC3*STATUS**") -> *SOCKET0**CBB0**COMPUTE2**MODULE21__**ML2*CR*MC3*STATUS** | AB24: =COUNTIFS(core_mc[TestName],misc[[#This Row],[Core_ML2_String]],core_mc[VisualId],MC_Check!$H$2) -> 0 | AC24: =_xlfn.TEXTJOIN("",,"*SOCKET0**CBB",misc[[#This Row],[CBB]],"**COMPUTE",misc[[#This Row],[Compute]],"**MODULE",misc[[#This Row],[Module]],splitchar,"SPARE") -> *SOCKET0**CBB0**COMPUTE2**MODULE21__SPARE | AD24: =COUNTIFS(core_mc[TestName],misc[[#This Row],[Core_L2_String - SPARE]],core_mc[VisualId],MC_Check!$H$2) -> 0 | AE24: =misc[[#This Row],[Core_DTLB_Count]]+misc[[#This Row],[Core_DCU_Count]]+misc[[#This Row],[Core_IFU_Count]]+misc[[#This Row],[Core_ROB_Count]]+misc[[#This Row],[Core_L2_Count - SPARE]]+misc[[#This Row],[Core_ML2_Count]] -> 0 | AF24: =_xlfn.TEXTJOIN(", ",,IF(misc[[#This Row],[Core_IFU_Count]]>0,"IFU",""),IF(misc[[#This Row],[Core_DCU_Count]]>0,"DCU",""),IF(misc[[#This Row],[Core_DTLB_Count]]>0,"DTLB",""),IF(misc[[#This Row],[Core_ROB_Count]]>0,"ROB",""),IF(misc[[#This Row],[Core_ML2_Count]]>0,"ML2",""),IF(misc[[#This Row],[Core_L2_Count - SPARE]]>0,"L2","")) | AG24: =_xlfn.TEXTJOIN("",,"*SOCKET0**CBB",misc[[#This Row],[CBB]],"**BASE**I_CCF**ENV",misc[[#This Row],[ENV]],splitchar,"CBREGS_ALL",misc[[#This Row],[CBO]],splitchar,"SPARE") -> *SOCKET0**CBB0**BASE**I_CCF**ENV1__CBREGS_ALL55__SPARE | AH24: =COUNTIFS(cha_mc[TestName],misc[[#This Row],[LLC_MCA_String - Not Used]],cha_mc[VisualId],MC_Check!$H$2) -> 0
F25: 0 | G25: 22 | H25: =IF(MC_Check!$AN$2="PHY",misc[[#This Row],[location]],misc[[#This Row],[Module_log]]) -> 22 | I25: =misc[[#This Row],[Module]] -> 22 | J25: =J17+1 -> 2 | K25: =K21+1 -> 5 | L25: 2 | M25: =_xlfn.TEXTJOIN("",,misc[[#This Row],[ROW]],misc[[#This Row],[ROW]]) -> 55 | N25: =misc[[#This Row],[Core_Hitter_Count]]>0 -> FALSE | O25: =misc[[#This Row],[LLC_Hitter_Count]]>0 -> FALSE | P25: =misc[[#This Row],[CHA_Hitter_Count]]>0 -> FALSE | Q25: =_xlfn.TEXTJOIN("",,"*SOCKET0**CBB",misc[[#This Row],[CBB]],"**BASE**I_CCF_ENV",misc[[#This Row],[ENV]],splitchar,"CBREGS_ALL",misc[[#This Row],[CBO]],splitchar,"MC_STATUS*") -> *SOCKET0**CBB0**BASE**I_CCF_ENV2__CBREGS_ALL55__MC_STATUS* | R25: =COUNTIFS(cha_mc[TestName],misc[[#This Row],[CBO_MCA_String]],cha_mc[VisualId],MC_Check!$H$2) -> 0 | S25: =_xlfn.TEXTJOIN("",,"*SOCKET0**CBB",misc[[#This Row],[CBB]],"**COMPUTE",misc[[#This Row],[Compute]],"**MODULE",misc[[#This Row],[Module]],splitchar,"**CORE**IFU*CR*MC0*STATUS**") -> *SOCKET0**CBB0**COMPUTE2**MODULE22__**CORE**IFU*CR*MC0*STATUS** | T25: =COUNTIFS(core_mc[TestName],misc[[#This Row],[IFU_MCA_String]],core_mc[VisualId],MC_Check!$H$2) -> 0 | U25: =_xlfn.TEXTJOIN("",,"*SOCKET0**CBB",misc[[#This Row],[CBB]],"**COMPUTE",misc[[#This Row],[Compute]],"**MODULE",misc[[#This Row],[Module]],splitchar,"**CORE**ROB1*CR*MC*STATUS**") -> *SOCKET0**CBB0**COMPUTE2**MODULE22__**CORE**ROB1*CR*MC*STATUS** | V25: =COUNTIFS(core_mc[TestName],misc[[#This Row],[ROB_MCA_String]],core_mc[VisualId],MC_Check!$H$2) -> 0 | W25: =_xlfn.TEXTJOIN("",,"*SOCKET0**CBB",misc[[#This Row],[CBB]],"**COMPUTE",misc[[#This Row],[Compute]],"**MODULE",misc[[#This Row],[Module]],splitchar,"**CORE**DCU*CR*MC1*STATUS**") -> *SOCKET0**CBB0**COMPUTE2**MODULE22__**CORE**DCU*CR*MC1*STATUS** | X25: =COUNTIFS(core_mc[TestName],misc[[#This Row],[DCU_MCA_String]],core_mc[VisualId],MC_Check!$H$2) -> 0 | Y25: =_xlfn.TEXTJOIN("",,"*SOCKET0**CBB",misc[[#This Row],[CBB]],"**COMPUTE",misc[[#This Row],[Compute]],"**MODULE",misc[[#This Row],[Module]],splitchar,"**CORE**DTLB*CR*MC2*STATUS**") -> *SOCKET0**CBB0**COMPUTE2**MODULE22__**CORE**DTLB*CR*MC2*STATUS** | Z25: =COUNTIFS(core_mc[TestName],misc[[#This Row],[CORE_DTLB_String]],core_mc[VisualId],MC_Check!$H$2) -> 0 | AA25: =_xlfn.TEXTJOIN("",,"*SOCKET0**CBB",misc[[#This Row],[CBB]],"**COMPUTE",misc[[#This Row],[Compute]],"**MODULE",misc[[#This Row],[Module]],splitchar,"**ML2*CR*MC3*STATUS**") -> *SOCKET0**CBB0**COMPUTE2**MODULE22__**ML2*CR*MC3*STATUS** | AB25: =COUNTIFS(core_mc[TestName],misc[[#This Row],[Core_ML2_String]],core_mc[VisualId],MC_Check!$H$2) -> 0 | AC25: =_xlfn.TEXTJOIN("",,"*SOCKET0**CBB",misc[[#This Row],[CBB]],"**COMPUTE",misc[[#This Row],[Compute]],"**MODULE",misc[[#This Row],[Module]],splitchar,"SPARE") -> *SOCKET0**CBB0**COMPUTE2**MODULE22__SPARE | AD25: =COUNTIFS(core_mc[TestName],misc[[#This Row],[Core_L2_String - SPARE]],core_mc[VisualId],MC_Check!$H$2) -> 0 | AE25: =misc[[#This Row],[Core_DTLB_Count]]+misc[[#This Row],[Core_DCU_Count]]+misc[[#This Row],[Core_IFU_Count]]+misc[[#This Row],[Core_ROB_Count]]+misc[[#This Row],[Core_L2_Count - SPARE]]+misc[[#This Row],[Core_ML2_Count]] -> 0 | AF25: =_xlfn.TEXTJOIN(", ",,IF(misc[[#This Row],[Core_IFU_Count]]>0,"IFU",""),IF(misc[[#This Row],[Core_DCU_Count]]>0,"DCU",""),IF(misc[[#This Row],[Core_DTLB_Count]]>0,"DTLB",""),IF(misc[[#This Row],[Core_ROB_Count]]>0,"ROB",""),IF(misc[[#This Row],[Core_ML2_Count]]>0,"ML2",""),IF(misc[[#This Row],[Core_L2_Count - SPARE]]>0,"L2","")) | AG25: =_xlfn.TEXTJOIN("",,"*SOCKET0**CBB",misc[[#This Row],[CBB]],"**BASE**I_CCF**ENV",misc[[#This Row],[ENV]],splitchar,"CBREGS_ALL",misc[[#This Row],[CBO]],splitchar,"SPARE") -> *SOCKET0**CBB0**BASE**I_CCF**ENV2__CBREGS_ALL55__SPARE | AH25: =COUNTIFS(cha_mc[TestName],misc[[#This Row],[LLC_MCA_String - Not Used]],cha_mc[VisualId],MC_Check!$H$2) -> 0
F26: 0 | G26: 23 | H26: =IF(MC_Check!$AN$2="PHY",misc[[#This Row],[location]],misc[[#This Row],[Module_log]]) -> 23 | I26: =misc[[#This Row],[Module]] -> 23 | J26: =J18+1 -> 2 | K26: =K22+1 -> 5 | L26: 3 | M26: =_xlfn.TEXTJOIN("",,misc[[#This Row],[ROW]],misc[[#This Row],[ROW]]) -> 55 | N26: =misc[[#This Row],[Core_Hitter_Count]]>0 -> FALSE | O26: =misc[[#This Row],[LLC_Hitter_Count]]>0 -> FALSE | P26: =misc[[#This Row],[CHA_Hitter_Count]]>0 -> FALSE | Q26: =_xlfn.TEXTJOIN("",,"*SOCKET0**CBB",misc[[#This Row],[CBB]],"**BASE**I_CCF_ENV",misc[[#This Row],[ENV]],splitchar,"CBREGS_ALL",misc[[#This Row],[CBO]],splitchar,"MC_STATUS*") -> *SOCKET0**CBB0**BASE**I_CCF_ENV3__CBREGS_ALL55__MC_STATUS* | R26: =COUNTIFS(cha_mc[TestName],misc[[#This Row],[CBO_MCA_String]],cha_mc[VisualId],MC_Check!$H$2) -> 0 | S26: =_xlfn.TEXTJOIN("",,"*SOCKET0**CBB",misc[[#This Row],[CBB]],"**COMPUTE",misc[[#This Row],[Compute]],"**MODULE",misc[[#This Row],[Module]],splitchar,"**CORE**IFU*CR*MC0*STATUS**") -> *SOCKET0**CBB0**COMPUTE2**MODULE23__**CORE**IFU*CR*MC0*STATUS** | T26: =COUNTIFS(core_mc[TestName],misc[[#This Row],[IFU_MCA_String]],core_mc[VisualId],MC_Check!$H$2) -> 0 | U26: =_xlfn.TEXTJOIN("",,"*SOCKET0**CBB",misc[[#This Row],[CBB]],"**COMPUTE",misc[[#This Row],[Compute]],"**MODULE",misc[[#This Row],[Module]],splitchar,"**CORE**ROB1*CR*MC*STATUS**") -> *SOCKET0**CBB0**COMPUTE2**MODULE23__**CORE**ROB1*CR*MC*STATUS** | V26: =COUNTIFS(core_mc[TestName],misc[[#This Row],[ROB_MCA_String]],core_mc[VisualId],MC_Check!$H$2) -> 0 | W26: =_xlfn.TEXTJOIN("",,"*SOCKET0**CBB",misc[[#This Row],[CBB]],"**COMPUTE",misc[[#This Row],[Compute]],"**MODULE",misc[[#This Row],[Module]],splitchar,"**CORE**DCU*CR*MC1*STATUS**") -> *SOCKET0**CBB0**COMPUTE2**MODULE23__**CORE**DCU*CR*MC1*STATUS** | X26: =COUNTIFS(core_mc[TestName],misc[[#This Row],[DCU_MCA_String]],core_mc[VisualId],MC_Check!$H$2) -> 0 | Y26: =_xlfn.TEXTJOIN("",,"*SOCKET0**CBB",misc[[#This Row],[CBB]],"**COMPUTE",misc[[#This Row],[Compute]],"**MODULE",misc[[#This Row],[Module]],splitchar,"**CORE**DTLB*CR*MC2*STATUS**") -> *SOCKET0**CBB0**COMPUTE2**MODULE23__**CORE**DTLB*CR*MC2*STATUS** | Z26: =COUNTIFS(core_mc[TestName],misc[[#This Row],[CORE_DTLB_String]],core_mc[VisualId],MC_Check!$H$2) -> 0 | AA26: =_xlfn.TEXTJOIN("",,"*SOCKET0**CBB",misc[[#This Row],[CBB]],"**COMPUTE",misc[[#This Row],[Compute]],"**MODULE",misc[[#This Row],[Module]],splitchar,"**ML2*CR*MC3*STATUS**") -> *SOCKET0**CBB0**COMPUTE2**MODULE23__**ML2*CR*MC3*STATUS** | AB26: =COUNTIFS(core_mc[TestName],misc[[#This Row],[Core_ML2_String]],core_mc[VisualId],MC_Check!$H$2) -> 0 | AC26: =_xlfn.TEXTJOIN("",,"*SOCKET0**CBB",misc[[#This Row],[CBB]],"**COMPUTE",misc[[#This Row],[Compute]],"**MODULE",misc[[#This Row],[Module]],splitchar,"SPARE") -> *SOCKET0**CBB0**COMPUTE2**MODULE23__SPARE | AD26: =COUNTIFS(core_mc[TestName],misc[[#This Row],[Core_L2_String - SPARE]],core_mc[VisualId],MC_Check!$H$2) -> 0 | AE26: =misc[[#This Row],[Core_DTLB_Count]]+misc[[#This Row],[Core_DCU_Count]]+misc[[#This Row],[Core_IFU_Count]]+misc[[#This Row],[Core_ROB_Count]]+misc[[#This Row],[Core_L2_Count - SPARE]]+misc[[#This Row],[Core_ML2_Count]] -> 0 | AF26: =_xlfn.TEXTJOIN(", ",,IF(misc[[#This Row],[Core_IFU_Count]]>0,"IFU",""),IF(misc[[#This Row],[Core_DCU_Count]]>0,"DCU",""),IF(misc[[#This Row],[Core_DTLB_Count]]>0,"DTLB",""),IF(misc[[#This Row],[Core_ROB_Count]]>0,"ROB",""),IF(misc[[#This Row],[Core_ML2_Count]]>0,"ML2",""),IF(misc[[#This Row],[Core_L2_Count - SPARE]]>0,"L2","")) | AG26: =_xlfn.TEXTJOIN("",,"*SOCKET0**CBB",misc[[#This Row],[CBB]],"**BASE**I_CCF**ENV",misc[[#This Row],[ENV]],splitchar,"CBREGS_ALL",misc[[#This Row],[CBO]],splitchar,"SPARE") -> *SOCKET0**CBB0**BASE**I_CCF**ENV3__CBREGS_ALL55__SPARE | AH26: =COUNTIFS(cha_mc[TestName],misc[[#This Row],[LLC_MCA_String - Not Used]],cha_mc[VisualId],MC_Check!$H$2) -> 0
F27: 0 | G27: 24 | H27: =IF(MC_Check!$AN$2="PHY",misc[[#This Row],[location]],misc[[#This Row],[Module_log]]) -> 24 | I27: =misc[[#This Row],[Module]] -> 24 | J27: =J19+1 -> 3 | K27: =K23+1 -> 6 | L27: 0 | M27: =_xlfn.TEXTJOIN("",,misc[[#This Row],[ROW]],misc[[#This Row],[ROW]]) -> 66 | N27: =misc[[#This Row],[Core_Hitter_Count]]>0 -> FALSE | O27: =misc[[#This Row],[LLC_Hitter_Count]]>0 -> FALSE | P27: =misc[[#This Row],[CHA_Hitter_Count]]>0 -> FALSE | Q27: =_xlfn.TEXTJOIN("",,"*SOCKET0**CBB",misc[[#This Row],[CBB]],"**BASE**I_CCF_ENV",misc[[#This Row],[ENV]],splitchar,"CBREGS_ALL",misc[[#This Row],[CBO]],splitchar,"MC_STATUS*") -> *SOCKET0**CBB0**BASE**I_CCF_ENV0__CBREGS_ALL66__MC_STATUS* | R27: =COUNTIFS(cha_mc[TestName],misc[[#This Row],[CBO_MCA_String]],cha_mc[VisualId],MC_Check!$H$2) -> 0 | S27: =_xlfn.TEXTJOIN("",,"*SOCKET0**CBB",misc[[#This Row],[CBB]],"**COMPUTE",misc[[#This Row],[Compute]],"**MODULE",misc[[#This Row],[Module]],splitchar,"**CORE**IFU*CR*MC0*STATUS**") -> *SOCKET0**CBB0**COMPUTE3**MODULE24__**CORE**IFU*CR*MC0*STATUS** | T27: =COUNTIFS(core_mc[TestName],misc[[#This Row],[IFU_MCA_String]],core_mc[VisualId],MC_Check!$H$2) -> 0 | U27: =_xlfn.TEXTJOIN("",,"*SOCKET0**CBB",misc[[#This Row],[CBB]],"**COMPUTE",misc[[#This Row],[Compute]],"**MODULE",misc[[#This Row],[Module]],splitchar,"**CORE**ROB1*CR*MC*STATUS**") -> *SOCKET0**CBB0**COMPUTE3**MODULE24__**CORE**ROB1*CR*MC*STATUS** | V27: =COUNTIFS(core_mc[TestName],misc[[#This Row],[ROB_MCA_String]],core_mc[VisualId],MC_Check!$H$2) -> 0 | W27: =_xlfn.TEXTJOIN("",,"*SOCKET0**CBB",misc[[#This Row],[CBB]],"**COMPUTE",misc[[#This Row],[Compute]],"**MODULE",misc[[#This Row],[Module]],splitchar,"**CORE**DCU*CR*MC1*STATUS**") -> *SOCKET0**CBB0**COMPUTE3**MODULE24__**CORE**DCU*CR*MC1*STATUS** | X27: =COUNTIFS(core_mc[TestName],misc[[#This Row],[DCU_MCA_String]],core_mc[VisualId],MC_Check!$H$2) -> 0 | Y27: =_xlfn.TEXTJOIN("",,"*SOCKET0**CBB",misc[[#This Row],[CBB]],"**COMPUTE",misc[[#This Row],[Compute]],"**MODULE",misc[[#This Row],[Module]],splitchar,"**CORE**DTLB*CR*MC2*STATUS**") -> *SOCKET0**CBB0**COMPUTE3**MODULE24__**CORE**DTLB*CR*MC2*STATUS** | Z27: =COUNTIFS(core_mc[TestName],misc[[#This Row],[CORE_DTLB_String]],core_mc[VisualId],MC_Check!$H$2) -> 0 | AA27: =_xlfn.TEXTJOIN("",,"*SOCKET0**CBB",misc[[#This Row],[CBB]],"**COMPUTE",misc[[#This Row],[Compute]],"**MODULE",misc[[#This Row],[Module]],splitchar,"**ML2*CR*MC3*STATUS**") -> *SOCKET0**CBB0**COMPUTE3**MODULE24__**ML2*CR*MC3*STATUS** | AB27: =COUNTIFS(core_mc[TestName],misc[[#This Row],[Core_ML2_String]],core_mc[VisualId],MC_Check!$H$2) -> 0 | AC27: =_xlfn.TEXTJOIN("",,"*SOCKET0**CBB",misc[[#This Row],[CBB]],"**COMPUTE",misc[[#This Row],[Compute]],"**MODULE",misc[[#This Row],[Module]],splitchar,"SPARE") -> *SOCKET0**CBB0**COMPUTE3**MODULE24__SPARE | AD27: =COUNTIFS(core_mc[TestName],misc[[#This Row],[Core_L2_String - SPARE]],core_mc[VisualId],MC_Check!$H$2) -> 0 | AE27: =misc[[#This Row],[Core_DTLB_Count]]+misc[[#This Row],[Core_DCU_Count]]+misc[[#This Row],[Core_IFU_Count]]+misc[[#This Row],[Core_ROB_Count]]+misc[[#This Row],[Core_L2_Count - SPARE]]+misc[[#This Row],[Core_ML2_Count]] -> 0 | AF27: =_xlfn.TEXTJOIN(", ",,IF(misc[[#This Row],[Core_IFU_Count]]>0,"IFU",""),IF(misc[[#This Row],[Core_DCU_Count]]>0,"DCU",""),IF(misc[[#This Row],[Core_DTLB_Count]]>0,"DTLB",""),IF(misc[[#This Row],[Core_ROB_Count]]>0,"ROB",""),IF(misc[[#This Row],[Core_ML2_Count]]>0,"ML2",""),IF(misc[[#This Row],[Core_L2_Count - SPARE]]>0,"L2","")) | AG27: =_xlfn.TEXTJOIN("",,"*SOCKET0**CBB",misc[[#This Row],[CBB]],"**BASE**I_CCF**ENV",misc[[#This Row],[ENV]],splitchar,"CBREGS_ALL",misc[[#This Row],[CBO]],splitchar,"SPARE") -> *SOCKET0**CBB0**BASE**I_CCF**ENV0__CBREGS_ALL66__SPARE | AH27: =COUNTIFS(cha_mc[TestName],misc[[#This Row],[LLC_MCA_String - Not Used]],cha_mc[VisualId],MC_Check!$H$2) -> 0
... F34: 0 | G34: 31 | H34: =IF(MC_Check!$AN$2="PHY",misc[[#This Row],[location]],misc[[#This Row],[Module_log]]) -> 31 | I34: =misc[[#This Row],[Module]] -> 31 | J34: =J26+1 -> 3 | K34: =K30+1 -> 7 | L34: 3 | M34: =_xlfn.TEXTJOIN("",,misc[[#This Row],[ROW]],misc[[#This Row],[ROW]]) -> 77 | N34: =misc[[#This Row],[Core_Hitter_Count]]>0 -> FALSE | O34: =misc[[#This Row],[LLC_Hitter_Count]]>0 -> FALSE | P34: =misc[[#This Row],[CHA_Hitter_Count]]>0 -> FALSE | Q34: =_xlfn.TEXTJOIN("",,"*SOCKET0**CBB",misc[[#This Row],[CBB]],"**BASE**I_CCF_ENV",misc[[#This Row],[ENV]],splitchar,"CBREGS_ALL",misc[[#This Row],[CBO]],splitchar,"MC_STATUS*") -> *SOCKET0**CBB0**BASE**I_CCF_ENV3__CBREGS_ALL77__MC_STATUS* | R34: =COUNTIFS(cha_mc[TestName],misc[[#This Row],[CBO_MCA_String]],cha_mc[VisualId],MC_Check!$H$2) -> 0 | S34: =_xlfn.TEXTJOIN("",,"*SOCKET0**CBB",misc[[#This Row],[CBB]],"**COMPUTE",misc[[#This Row],[Compute]],"**MODULE",misc[[#This Row],[Module]],splitchar,"**CORE**IFU*CR*MC0*STATUS**") -> *SOCKET0**CBB0**COMPUTE3**MODULE31__**CORE**IFU*CR*MC0*STATUS** | T34: =COUNTIFS(core_mc[TestName],misc[[#This Row],[IFU_MCA_String]],core_mc[VisualId],MC_Check!$H$2) -> 0 | U34: =_xlfn.TEXTJOIN("",,"*SOCKET0**CBB",misc[[#This Row],[CBB]],"**COMPUTE",misc[[#This Row],[Compute]],"**MODULE",misc[[#This Row],[Module]],splitchar,"**CORE**ROB1*CR*MC*STATUS**") -> *SOCKET0**CBB0**COMPUTE3**MODULE31__**CORE**ROB1*CR*MC*STATUS** | V34: =COUNTIFS(core_mc[TestName],misc[[#This Row],[ROB_MCA_String]],core_mc[VisualId],MC_Check!$H$2) -> 0 | W34: =_xlfn.TEXTJOIN("",,"*SOCKET0**CBB",misc[[#This Row],[CBB]],"**COMPUTE",misc[[#This Row],[Compute]],"**MODULE",misc[[#This Row],[Module]],splitchar,"**CORE**DCU*CR*MC1*STATUS**") -> *SOCKET0**CBB0**COMPUTE3**MODULE31__**CORE**DCU*CR*MC1*STATUS** | X34: =COUNTIFS(core_mc[TestName],misc[[#This Row],[DCU_MCA_String]],core_mc[VisualId],MC_Check!$H$2) -> 0 | Y34: =_xlfn.TEXTJOIN("",,"*SOCKET0**CBB",misc[[#This Row],[CBB]],"**COMPUTE",misc[[#This Row],[Compute]],"**MODULE",misc[[#This Row],[Module]],splitchar,"**CORE**DTLB*CR*MC2*STATUS**") -> *SOCKET0**CBB0**COMPUTE3**MODULE31__**CORE**DTLB*CR*MC2*STATUS** | Z34: =COUNTIFS(core_mc[TestName],misc[[#This Row],[CORE_DTLB_String]],core_mc[VisualId],MC_Check!$H$2) -> 0 | AA34: =_xlfn.TEXTJOIN("",,"*SOCKET0**CBB",misc[[#This Row],[CBB]],"**COMPUTE",misc[[#This Row],[Compute]],"**MODULE",misc[[#This Row],[Module]],splitchar,"**ML2*CR*MC3*STATUS**") -> *SOCKET0**CBB0**COMPUTE3**MODULE31__**ML2*CR*MC3*STATUS** | AB34: =COUNTIFS(core_mc[TestName],misc[[#This Row],[Core_ML2_String]],core_mc[VisualId],MC_Check!$H$2) -> 0 | AC34: =_xlfn.TEXTJOIN("",,"*SOCKET0**CBB",misc[[#This Row],[CBB]],"**COMPUTE",misc[[#This Row],[Compute]],"**MODULE",misc[[#This Row],[Module]],splitchar,"SPARE") -> *SOCKET0**CBB0**COMPUTE3**MODULE31__SPARE | AD34: =COUNTIFS(core_mc[TestName],misc[[#This Row],[Core_L2_String - SPARE]],core_mc[VisualId],MC_Check!$H$2) -> 0 | AE34: =misc[[#This Row],[Core_DTLB_Count]]+misc[[#This Row],[Core_DCU_Count]]+misc[[#This Row],[Core_IFU_Count]]+misc[[#This Row],[Core_ROB_Count]]+misc[[#This Row],[Core_L2_Count - SPARE]]+misc[[#This Row],[Core_ML2_Count]] -> 0 | AF34: =_xlfn.TEXTJOIN(", ",,IF(misc[[#This Row],[Core_IFU_Count]]>0,"IFU",""),IF(misc[[#This Row],[Core_DCU_Count]]>0,"DCU",""),IF(misc[[#This Row],[Core_DTLB_Count]]>0,"DTLB",""),IF(misc[[#This Row],[Core_ROB_Count]]>0,"ROB",""),IF(misc[[#This Row],[Core_ML2_Count]]>0,"ML2",""),IF(misc[[#This Row],[Core_L2_Count - SPARE]]>0,"L2","")) | AG34: =_xlfn.TEXTJOIN("",,"*SOCKET0**CBB",misc[[#This Row],[CBB]],"**BASE**I_CCF**ENV",misc[[#This Row],[ENV]],splitchar,"CBREGS_ALL",misc[[#This Row],[CBO]],splitchar,"SPARE") -> *SOCKET0**CBB0**BASE**I_CCF**ENV3__CBREGS_ALL77__SPARE | AH34: =COUNTIFS(cha_mc[TestName],misc[[#This Row],[LLC_MCA_String - Not Used]],cha_mc[VisualId],MC_Check!$H$2) -> 0
F35: 1 | G35: 0 | H35: =IF(MC_Check!$AN$2="PHY",misc[[#This Row],[location]],misc[[#This Row],[Module_log]]) -> 0 | I35: =misc[[#This Row],[Module]] -> 0 | J35: 0 | K35: 0 | L35: 0 | M35: =_xlfn.TEXTJOIN("",,misc[[#This Row],[ROW]],misc[[#This Row],[ROW]]) -> 00 | N35: =misc[[#This Row],[Core_Hitter_Count]]>0 -> FALSE | O35: =misc[[#This Row],[LLC_Hitter_Count]]>0 -> FALSE | P35: =misc[[#This Row],[CHA_Hitter_Count]]>0 -> FALSE | Q35: =_xlfn.TEXTJOIN("",,"*SOCKET0**CBB",misc[[#This Row],[CBB]],"**BASE**I_CCF_ENV",misc[[#This Row],[ENV]],splitchar,"CBREGS_ALL",misc[[#This Row],[CBO]],splitchar,"MC_STATUS*") -> *SOCKET0**CBB1**BASE**I_CCF_ENV0__CBREGS_ALL00__MC_STATUS* | R35: =COUNTIFS(cha_mc[TestName],misc[[#This Row],[CBO_MCA_String]],cha_mc[VisualId],MC_Check!$H$2) -> 0 | S35: =_xlfn.TEXTJOIN("",,"*SOCKET0**CBB",misc[[#This Row],[CBB]],"**COMPUTE",misc[[#This Row],[Compute]],"**MODULE",misc[[#This Row],[Module]],splitchar,"**CORE**IFU*CR*MC0*STATUS**") -> *SOCKET0**CBB1**COMPUTE0**MODULE0__**CORE**IFU*CR*MC0*STATUS** | T35: =COUNTIFS(core_mc[TestName],misc[[#This Row],[IFU_MCA_String]],core_mc[VisualId],MC_Check!$H$2) -> 0 | U35: =_xlfn.TEXTJOIN("",,"*SOCKET0**CBB",misc[[#This Row],[CBB]],"**COMPUTE",misc[[#This Row],[Compute]],"**MODULE",misc[[#This Row],[Module]],splitchar,"**CORE**ROB1*CR*MC*STATUS**") -> *SOCKET0**CBB1**COMPUTE0**MODULE0__**CORE**ROB1*CR*MC*STATUS** | V35: =COUNTIFS(core_mc[TestName],misc[[#This Row],[ROB_MCA_String]],core_mc[VisualId],MC_Check!$H$2) -> 0 | W35: =_xlfn.TEXTJOIN("",,"*SOCKET0**CBB",misc[[#This Row],[CBB]],"**COMPUTE",misc[[#This Row],[Compute]],"**MODULE",misc[[#This Row],[Module]],splitchar,"**CORE**DCU*CR*MC1*STATUS**") -> *SOCKET0**CBB1**COMPUTE0**MODULE0__**CORE**DCU*CR*MC1*STATUS** | X35: =COUNTIFS(core_mc[TestName],misc[[#This Row],[DCU_MCA_String]],core_mc[VisualId],MC_Check!$H$2) -> 0 | Y35: =_xlfn.TEXTJOIN("",,"*SOCKET0**CBB",misc[[#This Row],[CBB]],"**COMPUTE",misc[[#This Row],[Compute]],"**MODULE",misc[[#This Row],[Module]],splitchar,"**CORE**DTLB*CR*MC2*STATUS**") -> *SOCKET0**CBB1**COMPUTE0**MODULE0__**CORE**DTLB*CR*MC2*STATUS** | Z35: =COUNTIFS(core_mc[TestName],misc[[#This Row],[CORE_DTLB_String]],core_mc[VisualId],MC_Check!$H$2) -> 0 | AA35: =_xlfn.TEXTJOIN("",,"*SOCKET0**CBB",misc[[#This Row],[CBB]],"**COMPUTE",misc[[#This Row],[Compute]],"**MODULE",misc[[#This Row],[Module]],splitchar,"**ML2*CR*MC3*STATUS**") -> *SOCKET0**CBB1**COMPUTE0**MODULE0__**ML2*CR*MC3*STATUS** | AB35: =COUNTIFS(core_mc[TestName],misc[[#This Row],[Core_ML2_String]],core_mc[VisualId],MC_Check!$H$2) -> 0 | AC35: =_xlfn.TEXTJOIN("",,"*SOCKET0**CBB",misc[[#This Row],[CBB]],"**COMPUTE",misc[[#This Row],[Compute]],"**MODULE",misc[[#This Row],[Module]],splitchar,"SPARE") -> *SOCKET0**CBB1**COMPUTE0**MODULE0__SPARE | AD35: =COUNTIFS(core_mc[TestName],misc[[#This Row],[Core_L2_String - SPARE]],core_mc[VisualId],MC_Check!$H$2) -> 0 | AE35: =misc[[#This Row],[Core_DTLB_Count]]+misc[[#This Row],[Core_DCU_Count]]+misc[[#This Row],[Core_IFU_Count]]+misc[[#This Row],[Core_ROB_Count]]+misc[[#This Row],[Core_L2_Count - SPARE]]+misc[[#This Row],[Core_ML2_Count]] -> 0 | AF35: =_xlfn.TEXTJOIN(", ",,IF(misc[[#This Row],[Core_IFU_Count]]>0,"IFU",""),IF(misc[[#This Row],[Core_DCU_Count]]>0,"DCU",""),IF(misc[[#This Row],[Core_DTLB_Count]]>0,"DTLB",""),IF(misc[[#This Row],[Core_ROB_Count]]>0,"ROB",""),IF(misc[[#This Row],[Core_ML2_Count]]>0,"ML2",""),IF(misc[[#This Row],[Core_L2_Count - SPARE]]>0,"L2","")) | AG35: =_xlfn.TEXTJOIN("",,"*SOCKET0**CBB",misc[[#This Row],[CBB]],"**BASE**I_CCF**ENV",misc[[#This Row],[ENV]],splitchar,"CBREGS_ALL",misc[[#This Row],[CBO]],splitchar,"SPARE") -> *SOCKET0**CBB1**BASE**I_CCF**ENV0__CBREGS_ALL00__SPARE | AH35: =COUNTIFS(cha_mc[TestName],misc[[#This Row],[LLC_MCA_String - Not Used]],cha_mc[VisualId],MC_Check!$H$2) -> 0
F36: 1 | G36: 1 | H36: =IF(MC_Check!$AN$2="PHY",misc[[#This Row],[location]],misc[[#This Row],[Module_log]]) -> 1 | I36: =misc[[#This Row],[Module]] -> 1 | J36: 0 | K36: 0 | L36: 1 | M36: =_xlfn.TEXTJOIN("",,misc[[#This Row],[ROW]],misc[[#This Row],[ROW]]) -> 00 | N36: =misc[[#This Row],[Core_Hitter_Count]]>0 -> FALSE | O36: =misc[[#This Row],[LLC_Hitter_Count]]>0 -> FALSE | P36: =misc[[#This Row],[CHA_Hitter_Count]]>0 -> FALSE | Q36: =_xlfn.TEXTJOIN("",,"*SOCKET0**CBB",misc[[#This Row],[CBB]],"**BASE**I_CCF_ENV",misc[[#This Row],[ENV]],splitchar,"CBREGS_ALL",misc[[#This Row],[CBO]],splitchar,"MC_STATUS*") -> *SOCKET0**CBB1**BASE**I_CCF_ENV1__CBREGS_ALL00__MC_STATUS* | R36: =COUNTIFS(cha_mc[TestName],misc[[#This Row],[CBO_MCA_String]],cha_mc[VisualId],MC_Check!$H$2) -> 0 | S36: =_xlfn.TEXTJOIN("",,"*SOCKET0**CBB",misc[[#This Row],[CBB]],"**COMPUTE",misc[[#This Row],[Compute]],"**MODULE",misc[[#This Row],[Module]],splitchar,"**CORE**IFU*CR*MC0*STATUS**") -> *SOCKET0**CBB1**COMPUTE0**MODULE1__**CORE**IFU*CR*MC0*STATUS** | T36: =COUNTIFS(core_mc[TestName],misc[[#This Row],[IFU_MCA_String]],core_mc[VisualId],MC_Check!$H$2) -> 0 | U36: =_xlfn.TEXTJOIN("",,"*SOCKET0**CBB",misc[[#This Row],[CBB]],"**COMPUTE",misc[[#This Row],[Compute]],"**MODULE",misc[[#This Row],[Module]],splitchar,"**CORE**ROB1*CR*MC*STATUS**") -> *SOCKET0**CBB1**COMPUTE0**MODULE1__**CORE**ROB1*CR*MC*STATUS** | V36: =COUNTIFS(core_mc[TestName],misc[[#This Row],[ROB_MCA_String]],core_mc[VisualId],MC_Check!$H$2) -> 0 | W36: =_xlfn.TEXTJOIN("",,"*SOCKET0**CBB",misc[[#This Row],[CBB]],"**COMPUTE",misc[[#This Row],[Compute]],"**MODULE",misc[[#This Row],[Module]],splitchar,"**CORE**DCU*CR*MC1*STATUS**") -> *SOCKET0**CBB1**COMPUTE0**MODULE1__**CORE**DCU*CR*MC1*STATUS** | X36: =COUNTIFS(core_mc[TestName],misc[[#This Row],[DCU_MCA_String]],core_mc[VisualId],MC_Check!$H$2) -> 0 | Y36: =_xlfn.TEXTJOIN("",,"*SOCKET0**CBB",misc[[#This Row],[CBB]],"**COMPUTE",misc[[#This Row],[Compute]],"**MODULE",misc[[#This Row],[Module]],splitchar,"**CORE**DTLB*CR*MC2*STATUS**") -> *SOCKET0**CBB1**COMPUTE0**MODULE1__**CORE**DTLB*CR*MC2*STATUS** | Z36: =COUNTIFS(core_mc[TestName],misc[[#This Row],[CORE_DTLB_String]],core_mc[VisualId],MC_Check!$H$2) -> 0 | AA36: =_xlfn.TEXTJOIN("",,"*SOCKET0**CBB",misc[[#This Row],[CBB]],"**COMPUTE",misc[[#This Row],[Compute]],"**MODULE",misc[[#This Row],[Module]],splitchar,"**ML2*CR*MC3*STATUS**") -> *SOCKET0**CBB1**COMPUTE0**MODULE1__**ML2*CR*MC3*STATUS** | AB36: =COUNTIFS(core_mc[TestName],misc[[#This Row],[Core_ML2_String]],core_mc[VisualId],MC_Check!$H$2) -> 0 | AC36: =_xlfn.TEXTJOIN("",,"*SOCKET0**CBB",misc[[#This Row],[CBB]],"**COMPUTE",misc[[#This Row],[Compute]],"**MODULE",misc[[#This Row],[Module]],splitchar,"SPARE") -> *SOCKET0**CBB1**COMPUTE0**MODULE1__SPARE | AD36: =COUNTIFS(core_mc[TestName],misc[[#This Row],[Core_L2_String - SPARE]],core_mc[VisualId],MC_Check!$H$2) -> 0 | AE36: =misc[[#This Row],[Core_DTLB_Count]]+misc[[#This Row],[Core_DCU_Count]]+misc[[#This Row],[Core_IFU_Count]]+misc[[#This Row],[Core_ROB_Count]]+misc[[#This Row],[Core_L2_Count - SPARE]]+misc[[#This Row],[Core_ML2_Count]] -> 0 | AF36: =_xlfn.TEXTJOIN(", ",,IF(misc[[#This Row],[Core_IFU_Count]]>0,"IFU",""),IF(misc[[#This Row],[Core_DCU_Count]]>0,"DCU",""),IF(misc[[#This Row],[Core_DTLB_Count]]>0,"DTLB",""),IF(misc[[#This Row],[Core_ROB_Count]]>0,"ROB",""),IF(misc[[#This Row],[Core_ML2_Count]]>0,"ML2",""),IF(misc[[#This Row],[Core_L2_Count - SPARE]]>0,"L2","")) | AG36: =_xlfn.TEXTJOIN("",,"*SOCKET0**CBB",misc[[#This Row],[CBB]],"**BASE**I_CCF**ENV",misc[[#This Row],[ENV]],splitchar,"CBREGS_ALL",misc[[#This Row],[CBO]],splitchar,"SPARE") -> *SOCKET0**CBB1**BASE**I_CCF**ENV1__CBREGS_ALL00__SPARE | AH36: =COUNTIFS(cha_mc[TestName],misc[[#This Row],[LLC_MCA_String - Not Used]],cha_mc[VisualId],MC_Check!$H$2) -> 0
F37: 1 | G37: 2 | H37: =IF(MC_Check!$AN$2="PHY",misc[[#This Row],[location]],misc[[#This Row],[Module_log]]) -> 2 | I37: =misc[[#This Row],[Module]] -> 2 | J37: 0 | K37: 0 | L37: 2 | M37: =_xlfn.TEXTJOIN("",,misc[[#This Row],[ROW]],misc[[#This Row],[ROW]]) -> 00 | N37: =misc[[#This Row],[Core_Hitter_Count]]>0 -> FALSE | O37: =misc[[#This Row],[LLC_Hitter_Count]]>0 -> FALSE | P37: =misc[[#This Row],[CHA_Hitter_Count]]>0 -> FALSE | Q37: =_xlfn.TEXTJOIN("",,"*SOCKET0**CBB",misc[[#This Row],[CBB]],"**BASE**I_CCF_ENV",misc[[#This Row],[ENV]],splitchar,"CBREGS_ALL",misc[[#This Row],[CBO]],splitchar,"MC_STATUS*") -> *SOCKET0**CBB1**BASE**I_CCF_ENV2__CBREGS_ALL00__MC_STATUS* | R37: =COUNTIFS(cha_mc[TestName],misc[[#This Row],[CBO_MCA_String]],cha_mc[VisualId],MC_Check!$H$2) -> 0 | S37: =_xlfn.TEXTJOIN("",,"*SOCKET0**CBB",misc[[#This Row],[CBB]],"**COMPUTE",misc[[#This Row],[Compute]],"**MODULE",misc[[#This Row],[Module]],splitchar,"**CORE**IFU*CR*MC0*STATUS**") -> *SOCKET0**CBB1**COMPUTE0**MODULE2__**CORE**IFU*CR*MC0*STATUS** | T37: =COUNTIFS(core_mc[TestName],misc[[#This Row],[IFU_MCA_String]],core_mc[VisualId],MC_Check!$H$2) -> 0 | U37: =_xlfn.TEXTJOIN("",,"*SOCKET0**CBB",misc[[#This Row],[CBB]],"**COMPUTE",misc[[#This Row],[Compute]],"**MODULE",misc[[#This Row],[Module]],splitchar,"**CORE**ROB1*CR*MC*STATUS**") -> *SOCKET0**CBB1**COMPUTE0**MODULE2__**CORE**ROB1*CR*MC*STATUS** | V37: =COUNTIFS(core_mc[TestName],misc[[#This Row],[ROB_MCA_String]],core_mc[VisualId],MC_Check!$H$2) -> 0 | W37: =_xlfn.TEXTJOIN("",,"*SOCKET0**CBB",misc[[#This Row],[CBB]],"**COMPUTE",misc[[#This Row],[Compute]],"**MODULE",misc[[#This Row],[Module]],splitchar,"**CORE**DCU*CR*MC1*STATUS**") -> *SOCKET0**CBB1**COMPUTE0**MODULE2__**CORE**DCU*CR*MC1*STATUS** | X37: =COUNTIFS(core_mc[TestName],misc[[#This Row],[DCU_MCA_String]],core_mc[VisualId],MC_Check!$H$2) -> 0 | Y37: =_xlfn.TEXTJOIN("",,"*SOCKET0**CBB",misc[[#This Row],[CBB]],"**COMPUTE",misc[[#This Row],[Compute]],"**MODULE",misc[[#This Row],[Module]],splitchar,"**CORE**DTLB*CR*MC2*STATUS**") -> *SOCKET0**CBB1**COMPUTE0**MODULE2__**CORE**DTLB*CR*MC2*STATUS** | Z37: =COUNTIFS(core_mc[TestName],misc[[#This Row],[CORE_DTLB_String]],core_mc[VisualId],MC_Check!$H$2) -> 0 | AA37: =_xlfn.TEXTJOIN("",,"*SOCKET0**CBB",misc[[#This Row],[CBB]],"**COMPUTE",misc[[#This Row],[Compute]],"**MODULE",misc[[#This Row],[Module]],splitchar,"**ML2*CR*MC3*STATUS**") -> *SOCKET0**CBB1**COMPUTE0**MODULE2__**ML2*CR*MC3*STATUS** | AB37: =COUNTIFS(core_mc[TestName],misc[[#This Row],[Core_ML2_String]],core_mc[VisualId],MC_Check!$H$2) -> 0 | AC37: =_xlfn.TEXTJOIN("",,"*SOCKET0**CBB",misc[[#This Row],[CBB]],"**COMPUTE",misc[[#This Row],[Compute]],"**MODULE",misc[[#This Row],[Module]],splitchar,"SPARE") -> *SOCKET0**CBB1**COMPUTE0**MODULE2__SPARE | AD37: =COUNTIFS(core_mc[TestName],misc[[#This Row],[Core_L2_String - SPARE]],core_mc[VisualId],MC_Check!$H$2) -> 0 | AE37: =misc[[#This Row],[Core_DTLB_Count]]+misc[[#This Row],[Core_DCU_Count]]+misc[[#This Row],[Core_IFU_Count]]+misc[[#This Row],[Core_ROB_Count]]+misc[[#This Row],[Core_L2_Count - SPARE]]+misc[[#This Row],[Core_ML2_Count]] -> 0 | AF37: =_xlfn.TEXTJOIN(", ",,IF(misc[[#This Row],[Core_IFU_Count]]>0,"IFU",""),IF(misc[[#This Row],[Core_DCU_Count]]>0,"DCU",""),IF(misc[[#This Row],[Core_DTLB_Count]]>0,"DTLB",""),IF(misc[[#This Row],[Core_ROB_Count]]>0,"ROB",""),IF(misc[[#This Row],[Core_ML2_Count]]>0,"ML2",""),IF(misc[[#This Row],[Core_L2_Count - SPARE]]>0,"L2","")) | AG37: =_xlfn.TEXTJOIN("",,"*SOCKET0**CBB",misc[[#This Row],[CBB]],"**BASE**I_CCF**ENV",misc[[#This Row],[ENV]],splitchar,"CBREGS_ALL",misc[[#This Row],[CBO]],splitchar,"SPARE") -> *SOCKET0**CBB1**BASE**I_CCF**ENV2__CBREGS_ALL00__SPARE | AH37: =COUNTIFS(cha_mc[TestName],misc[[#This Row],[LLC_MCA_String - Not Used]],cha_mc[VisualId],MC_Check!$H$2) -> 0
F38: 1 | G38: 3 | H38: =IF(MC_Check!$AN$2="PHY",misc[[#This Row],[location]],misc[[#This Row],[Module_log]]) -> 3 | I38: =misc[[#This Row],[Module]] -> 3 | J38: 0 | K38: 0 | L38: 3 | M38: =_xlfn.TEXTJOIN("",,misc[[#This Row],[ROW]],misc[[#This Row],[ROW]]) -> 00 | N38: =misc[[#This Row],[Core_Hitter_Count]]>0 -> FALSE | O38: =misc[[#This Row],[LLC_Hitter_Count]]>0 -> FALSE | P38: =misc[[#This Row],[CHA_Hitter_Count]]>0 -> FALSE | Q38: =_xlfn.TEXTJOIN("",,"*SOCKET0**CBB",misc[[#This Row],[CBB]],"**BASE**I_CCF_ENV",misc[[#This Row],[ENV]],splitchar,"CBREGS_ALL",misc[[#This Row],[CBO]],splitchar,"MC_STATUS*") -> *SOCKET0**CBB1**BASE**I_CCF_ENV3__CBREGS_ALL00__MC_STATUS* | R38: =COUNTIFS(cha_mc[TestName],misc[[#This Row],[CBO_MCA_String]],cha_mc[VisualId],MC_Check!$H$2) -> 0 | S38: =_xlfn.TEXTJOIN("",,"*SOCKET0**CBB",misc[[#This Row],[CBB]],"**COMPUTE",misc[[#This Row],[Compute]],"**MODULE",misc[[#This Row],[Module]],splitchar,"**CORE**IFU*CR*MC0*STATUS**") -> *SOCKET0**CBB1**COMPUTE0**MODULE3__**CORE**IFU*CR*MC0*STATUS** | T38: =COUNTIFS(core_mc[TestName],misc[[#This Row],[IFU_MCA_String]],core_mc[VisualId],MC_Check!$H$2) -> 0 | U38: =_xlfn.TEXTJOIN("",,"*SOCKET0**CBB",misc[[#This Row],[CBB]],"**COMPUTE",misc[[#This Row],[Compute]],"**MODULE",misc[[#This Row],[Module]],splitchar,"**CORE**ROB1*CR*MC*STATUS**") -> *SOCKET0**CBB1**COMPUTE0**MODULE3__**CORE**ROB1*CR*MC*STATUS** | V38: =COUNTIFS(core_mc[TestName],misc[[#This Row],[ROB_MCA_String]],core_mc[VisualId],MC_Check!$H$2) -> 0 | W38: =_xlfn.TEXTJOIN("",,"*SOCKET0**CBB",misc[[#This Row],[CBB]],"**COMPUTE",misc[[#This Row],[Compute]],"**MODULE",misc[[#This Row],[Module]],splitchar,"**CORE**DCU*CR*MC1*STATUS**") -> *SOCKET0**CBB1**COMPUTE0**MODULE3__**CORE**DCU*CR*MC1*STATUS** | X38: =COUNTIFS(core_mc[TestName],misc[[#This Row],[DCU_MCA_String]],core_mc[VisualId],MC_Check!$H$2) -> 0 | Y38: =_xlfn.TEXTJOIN("",,"*SOCKET0**CBB",misc[[#This Row],[CBB]],"**COMPUTE",misc[[#This Row],[Compute]],"**MODULE",misc[[#This Row],[Module]],splitchar,"**CORE**DTLB*CR*MC2*STATUS**") -> *SOCKET0**CBB1**COMPUTE0**MODULE3__**CORE**DTLB*CR*MC2*STATUS** | Z38: =COUNTIFS(core_mc[TestName],misc[[#This Row],[CORE_DTLB_String]],core_mc[VisualId],MC_Check!$H$2) -> 0 | AA38: =_xlfn.TEXTJOIN("",,"*SOCKET0**CBB",misc[[#This Row],[CBB]],"**COMPUTE",misc[[#This Row],[Compute]],"**MODULE",misc[[#This Row],[Module]],splitchar,"**ML2*CR*MC3*STATUS**") -> *SOCKET0**CBB1**COMPUTE0**MODULE3__**ML2*CR*MC3*STATUS** | AB38: =COUNTIFS(core_mc[TestName],misc[[#This Row],[Core_ML2_String]],core_mc[VisualId],MC_Check!$H$2) -> 0 | AC38: =_xlfn.TEXTJOIN("",,"*SOCKET0**CBB",misc[[#This Row],[CBB]],"**COMPUTE",misc[[#This Row],[Compute]],"**MODULE",misc[[#This Row],[Module]],splitchar,"SPARE") -> *SOCKET0**CBB1**COMPUTE0**MODULE3__SPARE | AD38: =COUNTIFS(core_mc[TestName],misc[[#This Row],[Core_L2_String - SPARE]],core_mc[VisualId],MC_Check!$H$2) -> 0 | AE38: =misc[[#This Row],[Core_DTLB_Count]]+misc[[#This Row],[Core_DCU_Count]]+misc[[#This Row],[Core_IFU_Count]]+misc[[#This Row],[Core_ROB_Count]]+misc[[#This Row],[Core_L2_Count - SPARE]]+misc[[#This Row],[Core_ML2_Count]] -> 0 | AF38: =_xlfn.TEXTJOIN(", ",,IF(misc[[#This Row],[Core_IFU_Count]]>0,"IFU",""),IF(misc[[#This Row],[Core_DCU_Count]]>0,"DCU",""),IF(misc[[#This Row],[Core_DTLB_Count]]>0,"DTLB",""),IF(misc[[#This Row],[Core_ROB_Count]]>0,"ROB",""),IF(misc[[#This Row],[Core_ML2_Count]]>0,"ML2",""),IF(misc[[#This Row],[Core_L2_Count - SPARE]]>0,"L2","")) | AG38: =_xlfn.TEXTJOIN("",,"*SOCKET0**CBB",misc[[#This Row],[CBB]],"**BASE**I_CCF**ENV",misc[[#This Row],[ENV]],splitchar,"CBREGS_ALL",misc[[#This Row],[CBO]],splitchar,"SPARE") -> *SOCKET0**CBB1**BASE**I_CCF**ENV3__CBREGS_ALL00__SPARE | AH38: =COUNTIFS(cha_mc[TestName],misc[[#This Row],[LLC_MCA_String - Not Used]],cha_mc[VisualId],MC_Check!$H$2) -> 0
F39: 1 | G39: 4 | H39: =IF(MC_Check!$AN$2="PHY",misc[[#This Row],[location]],misc[[#This Row],[Module_log]]) -> 4 | I39: =misc[[#This Row],[Module]] -> 4 | J39: 0 | K39: =K35+1 -> 1 | L39: 0 | M39: =_xlfn.TEXTJOIN("",,misc[[#This Row],[ROW]],misc[[#This Row],[ROW]]) -> 11 | N39: =misc[[#This Row],[Core_Hitter_Count]]>0 -> FALSE | O39: =misc[[#This Row],[LLC_Hitter_Count]]>0 -> FALSE | P39: =misc[[#This Row],[CHA_Hitter_Count]]>0 -> FALSE | Q39: =_xlfn.TEXTJOIN("",,"*SOCKET0**CBB",misc[[#This Row],[CBB]],"**BASE**I_CCF_ENV",misc[[#This Row],[ENV]],splitchar,"CBREGS_ALL",misc[[#This Row],[CBO]],splitchar,"MC_STATUS*") -> *SOCKET0**CBB1**BASE**I_CCF_ENV0__CBREGS_ALL11__MC_STATUS* | R39: =COUNTIFS(cha_mc[TestName],misc[[#This Row],[CBO_MCA_String]],cha_mc[VisualId],MC_Check!$H$2) -> 0 | S39: =_xlfn.TEXTJOIN("",,"*SOCKET0**CBB",misc[[#This Row],[CBB]],"**COMPUTE",misc[[#This Row],[Compute]],"**MODULE",misc[[#This Row],[Module]],splitchar,"**CORE**IFU*CR*MC0*STATUS**") -> *SOCKET0**CBB1**COMPUTE0**MODULE4__**CORE**IFU*CR*MC0*STATUS** | T39: =COUNTIFS(core_mc[TestName],misc[[#This Row],[IFU_MCA_String]],core_mc[VisualId],MC_Check!$H$2) -> 0 | U39: =_xlfn.TEXTJOIN("",,"*SOCKET0**CBB",misc[[#This Row],[CBB]],"**COMPUTE",misc[[#This Row],[Compute]],"**MODULE",misc[[#This Row],[Module]],splitchar,"**CORE**ROB1*CR*MC*STATUS**") -> *SOCKET0**CBB1**COMPUTE0**MODULE4__**CORE**ROB1*CR*MC*STATUS** | V39: =COUNTIFS(core_mc[TestName],misc[[#This Row],[ROB_MCA_String]],core_mc[VisualId],MC_Check!$H$2) -> 0 | W39: =_xlfn.TEXTJOIN("",,"*SOCKET0**CBB",misc[[#This Row],[CBB]],"**COMPUTE",misc[[#This Row],[Compute]],"**MODULE",misc[[#This Row],[Module]],splitchar,"**CORE**DCU*CR*MC1*STATUS**") -> *SOCKET0**CBB1**COMPUTE0**MODULE4__**CORE**DCU*CR*MC1*STATUS** | X39: =COUNTIFS(core_mc[TestName],misc[[#This Row],[DCU_MCA_String]],core_mc[VisualId],MC_Check!$H$2) -> 0 | Y39: =_xlfn.TEXTJOIN("",,"*SOCKET0**CBB",misc[[#This Row],[CBB]],"**COMPUTE",misc[[#This Row],[Compute]],"**MODULE",misc[[#This Row],[Module]],splitchar,"**CORE**DTLB*CR*MC2*STATUS**") -> *SOCKET0**CBB1**COMPUTE0**MODULE4__**CORE**DTLB*CR*MC2*STATUS** | Z39: =COUNTIFS(core_mc[TestName],misc[[#This Row],[CORE_DTLB_String]],core_mc[VisualId],MC_Check!$H$2) -> 0 | AA39: =_xlfn.TEXTJOIN("",,"*SOCKET0**CBB",misc[[#This Row],[CBB]],"**COMPUTE",misc[[#This Row],[Compute]],"**MODULE",misc[[#This Row],[Module]],splitchar,"**ML2*CR*MC3*STATUS**") -> *SOCKET0**CBB1**COMPUTE0**MODULE4__**ML2*CR*MC3*STATUS** | AB39: =COUNTIFS(core_mc[TestName],misc[[#This Row],[Core_ML2_String]],core_mc[VisualId],MC_Check!$H$2) -> 0 | AC39: =_xlfn.TEXTJOIN("",,"*SOCKET0**CBB",misc[[#This Row],[CBB]],"**COMPUTE",misc[[#This Row],[Compute]],"**MODULE",misc[[#This Row],[Module]],splitchar,"SPARE") -> *SOCKET0**CBB1**COMPUTE0**MODULE4__SPARE | AD39: =COUNTIFS(core_mc[TestName],misc[[#This Row],[Core_L2_String - SPARE]],core_mc[VisualId],MC_Check!$H$2) -> 0 | AE39: =misc[[#This Row],[Core_DTLB_Count]]+misc[[#This Row],[Core_DCU_Count]]+misc[[#This Row],[Core_IFU_Count]]+misc[[#This Row],[Core_ROB_Count]]+misc[[#This Row],[Core_L2_Count - SPARE]]+misc[[#This Row],[Core_ML2_Count]] -> 0 | AF39: =_xlfn.TEXTJOIN(", ",,IF(misc[[#This Row],[Core_IFU_Count]]>0,"IFU",""),IF(misc[[#This Row],[Core_DCU_Count]]>0,"DCU",""),IF(misc[[#This Row],[Core_DTLB_Count]]>0,"DTLB",""),IF(misc[[#This Row],[Core_ROB_Count]]>0,"ROB",""),IF(misc[[#This Row],[Core_ML2_Count]]>0,"ML2",""),IF(misc[[#This Row],[Core_L2_Count - SPARE]]>0,"L2","")) | AG39: =_xlfn.TEXTJOIN("",,"*SOCKET0**CBB",misc[[#This Row],[CBB]],"**BASE**I_CCF**ENV",misc[[#This Row],[ENV]],splitchar,"CBREGS_ALL",misc[[#This Row],[CBO]],splitchar,"SPARE") -> *SOCKET0**CBB1**BASE**I_CCF**ENV0__CBREGS_ALL11__SPARE | AH39: =COUNTIFS(cha_mc[TestName],misc[[#This Row],[LLC_MCA_String - Not Used]],cha_mc[VisualId],MC_Check!$H$2) -> 0
F40: 1 | G40: 5 | H40: =IF(MC_Check!$AN$2="PHY",misc[[#This Row],[location]],misc[[#This Row],[Module_log]]) -> 5 | I40: =misc[[#This Row],[Module]] -> 5 | J40: 0 | K40: =K36+1 -> 1 | L40: 1 | M40: =_xlfn.TEXTJOIN("",,misc[[#This Row],[ROW]],misc[[#This Row],[ROW]]) -> 11 | N40: =misc[[#This Row],[Core_Hitter_Count]]>0 -> FALSE | O40: =misc[[#This Row],[LLC_Hitter_Count]]>0 -> FALSE | P40: =misc[[#This Row],[CHA_Hitter_Count]]>0 -> FALSE | Q40: =_xlfn.TEXTJOIN("",,"*SOCKET0**CBB",misc[[#This Row],[CBB]],"**BASE**I_CCF_ENV",misc[[#This Row],[ENV]],splitchar,"CBREGS_ALL",misc[[#This Row],[CBO]],splitchar,"MC_STATUS*") -> *SOCKET0**CBB1**BASE**I_CCF_ENV1__CBREGS_ALL11__MC_STATUS* | R40: =COUNTIFS(cha_mc[TestName],misc[[#This Row],[CBO_MCA_String]],cha_mc[VisualId],MC_Check!$H$2) -> 0 | S40: =_xlfn.TEXTJOIN("",,"*SOCKET0**CBB",misc[[#This Row],[CBB]],"**COMPUTE",misc[[#This Row],[Compute]],"**MODULE",misc[[#This Row],[Module]],splitchar,"**CORE**IFU*CR*MC0*STATUS**") -> *SOCKET0**CBB1**COMPUTE0**MODULE5__**CORE**IFU*CR*MC0*STATUS** | T40: =COUNTIFS(core_mc[TestName],misc[[#This Row],[IFU_MCA_String]],core_mc[VisualId],MC_Check!$H$2) -> 0 | U40: =_xlfn.TEXTJOIN("",,"*SOCKET0**CBB",misc[[#This Row],[CBB]],"**COMPUTE",misc[[#This Row],[Compute]],"**MODULE",misc[[#This Row],[Module]],splitchar,"**CORE**ROB1*CR*MC*STATUS**") -> *SOCKET0**CBB1**COMPUTE0**MODULE5__**CORE**ROB1*CR*MC*STATUS** | V40: =COUNTIFS(core_mc[TestName],misc[[#This Row],[ROB_MCA_String]],core_mc[VisualId],MC_Check!$H$2) -> 0 | W40: =_xlfn.TEXTJOIN("",,"*SOCKET0**CBB",misc[[#This Row],[CBB]],"**COMPUTE",misc[[#This Row],[Compute]],"**MODULE",misc[[#This Row],[Module]],splitchar,"**CORE**DCU*CR*MC1*STATUS**") -> *SOCKET0**CBB1**COMPUTE0**MODULE5__**CORE**DCU*CR*MC1*STATUS** | X40: =COUNTIFS(core_mc[TestName],misc[[#This Row],[DCU_MCA_String]],core_mc[VisualId],MC_Check!$H$2) -> 0 | Y40: =_xlfn.TEXTJOIN("",,"*SOCKET0**CBB",misc[[#This Row],[CBB]],"**COMPUTE",misc[[#This Row],[Compute]],"**MODULE",misc[[#This Row],[Module]],splitchar,"**CORE**DTLB*CR*MC2*STATUS**") -> *SOCKET0**CBB1**COMPUTE0**MODULE5__**CORE**DTLB*CR*MC2*STATUS** | Z40: =COUNTIFS(core_mc[TestName],misc[[#This Row],[CORE_DTLB_String]],core_mc[VisualId],MC_Check!$H$2) -> 0 | AA40: =_xlfn.TEXTJOIN("",,"*SOCKET0**CBB",misc[[#This Row],[CBB]],"**COMPUTE",misc[[#This Row],[Compute]],"**MODULE",misc[[#This Row],[Module]],splitchar,"**ML2*CR*MC3*STATUS**") -> *SOCKET0**CBB1**COMPUTE0**MODULE5__**ML2*CR*MC3*STATUS** | AB40: =COUNTIFS(core_mc[TestName],misc[[#This Row],[Core_ML2_String]],core_mc[VisualId],MC_Check!$H$2) -> 0 | AC40: =_xlfn.TEXTJOIN("",,"*SOCKET0**CBB",misc[[#This Row],[CBB]],"**COMPUTE",misc[[#This Row],[Compute]],"**MODULE",misc[[#This Row],[Module]],splitchar,"SPARE") -> *SOCKET0**CBB1**COMPUTE0**MODULE5__SPARE | AD40: =COUNTIFS(core_mc[TestName],misc[[#This Row],[Core_L2_String - SPARE]],core_mc[VisualId],MC_Check!$H$2) -> 0 | AE40: =misc[[#This Row],[Core_DTLB_Count]]+misc[[#This Row],[Core_DCU_Count]]+misc[[#This Row],[Core_IFU_Count]]+misc[[#This Row],[Core_ROB_Count]]+misc[[#This Row],[Core_L2_Count - SPARE]]+misc[[#This Row],[Core_ML2_Count]] -> 0 | AF40: =_xlfn.TEXTJOIN(", ",,IF(misc[[#This Row],[Core_IFU_Count]]>0,"IFU",""),IF(misc[[#This Row],[Core_DCU_Count]]>0,"DCU",""),IF(misc[[#This Row],[Core_DTLB_Count]]>0,"DTLB",""),IF(misc[[#This Row],[Core_ROB_Count]]>0,"ROB",""),IF(misc[[#This Row],[Core_ML2_Count]]>0,"ML2",""),IF(misc[[#This Row],[Core_L2_Count - SPARE]]>0,"L2","")) | AG40: =_xlfn.TEXTJOIN("",,"*SOCKET0**CBB",misc[[#This Row],[CBB]],"**BASE**I_CCF**ENV",misc[[#This Row],[ENV]],splitchar,"CBREGS_ALL",misc[[#This Row],[CBO]],splitchar,"SPARE") -> *SOCKET0**CBB1**BASE**I_CCF**ENV1__CBREGS_ALL11__SPARE | AH40: =COUNTIFS(cha_mc[TestName],misc[[#This Row],[LLC_MCA_String - Not Used]],cha_mc[VisualId],MC_Check!$H$2) -> 0
F41: 1 | G41: 6 | H41: =IF(MC_Check!$AN$2="PHY",misc[[#This Row],[location]],misc[[#This Row],[Module_log]]) -> 6 | I41: =misc[[#This Row],[Module]] -> 6 | J41: 0 | K41: =K37+1 -> 1 | L41: 2 | M41: =_xlfn.TEXTJOIN("",,misc[[#This Row],[ROW]],misc[[#This Row],[ROW]]) -> 11 | N41: =misc[[#This Row],[Core_Hitter_Count]]>0 -> FALSE | O41: =misc[[#This Row],[LLC_Hitter_Count]]>0 -> FALSE | P41: =misc[[#This Row],[CHA_Hitter_Count]]>0 -> FALSE | Q41: =_xlfn.TEXTJOIN("",,"*SOCKET0**CBB",misc[[#This Row],[CBB]],"**BASE**I_CCF_ENV",misc[[#This Row],[ENV]],splitchar,"CBREGS_ALL",misc[[#This Row],[CBO]],splitchar,"MC_STATUS*") -> *SOCKET0**CBB1**BASE**I_CCF_ENV2__CBREGS_ALL11__MC_STATUS* | R41: =COUNTIFS(cha_mc[TestName],misc[[#This Row],[CBO_MCA_String]],cha_mc[VisualId],MC_Check!$H$2) -> 0 | S41: =_xlfn.TEXTJOIN("",,"*SOCKET0**CBB",misc[[#This Row],[CBB]],"**COMPUTE",misc[[#This Row],[Compute]],"**MODULE",misc[[#This Row],[Module]],splitchar,"**CORE**IFU*CR*MC0*STATUS**") -> *SOCKET0**CBB1**COMPUTE0**MODULE6__**CORE**IFU*CR*MC0*STATUS** | T41: =COUNTIFS(core_mc[TestName],misc[[#This Row],[IFU_MCA_String]],core_mc[VisualId],MC_Check!$H$2) -> 0 | U41: =_xlfn.TEXTJOIN("",,"*SOCKET0**CBB",misc[[#This Row],[CBB]],"**COMPUTE",misc[[#This Row],[Compute]],"**MODULE",misc[[#This Row],[Module]],splitchar,"**CORE**ROB1*CR*MC*STATUS**") -> *SOCKET0**CBB1**COMPUTE0**MODULE6__**CORE**ROB1*CR*MC*STATUS** | V41: =COUNTIFS(core_mc[TestName],misc[[#This Row],[ROB_MCA_String]],core_mc[VisualId],MC_Check!$H$2) -> 0 | W41: =_xlfn.TEXTJOIN("",,"*SOCKET0**CBB",misc[[#This Row],[CBB]],"**COMPUTE",misc[[#This Row],[Compute]],"**MODULE",misc[[#This Row],[Module]],splitchar,"**CORE**DCU*CR*MC1*STATUS**") -> *SOCKET0**CBB1**COMPUTE0**MODULE6__**CORE**DCU*CR*MC1*STATUS** | X41: =COUNTIFS(core_mc[TestName],misc[[#This Row],[DCU_MCA_String]],core_mc[VisualId],MC_Check!$H$2) -> 0 | Y41: =_xlfn.TEXTJOIN("",,"*SOCKET0**CBB",misc[[#This Row],[CBB]],"**COMPUTE",misc[[#This Row],[Compute]],"**MODULE",misc[[#This Row],[Module]],splitchar,"**CORE**DTLB*CR*MC2*STATUS**") -> *SOCKET0**CBB1**COMPUTE0**MODULE6__**CORE**DTLB*CR*MC2*STATUS** | Z41: =COUNTIFS(core_mc[TestName],misc[[#This Row],[CORE_DTLB_String]],core_mc[VisualId],MC_Check!$H$2) -> 0 | AA41: =_xlfn.TEXTJOIN("",,"*SOCKET0**CBB",misc[[#This Row],[CBB]],"**COMPUTE",misc[[#This Row],[Compute]],"**MODULE",misc[[#This Row],[Module]],splitchar,"**ML2*CR*MC3*STATUS**") -> *SOCKET0**CBB1**COMPUTE0**MODULE6__**ML2*CR*MC3*STATUS** | AB41: =COUNTIFS(core_mc[TestName],misc[[#This Row],[Core_ML2_String]],core_mc[VisualId],MC_Check!$H$2) -> 0 | AC41: =_xlfn.TEXTJOIN("",,"*SOCKET0**CBB",misc[[#This Row],[CBB]],"**COMPUTE",misc[[#This Row],[Compute]],"**MODULE",misc[[#This Row],[Module]],splitchar,"SPARE") -> *SOCKET0**CBB1**COMPUTE0**MODULE6__SPARE | AD41: =COUNTIFS(core_mc[TestName],misc[[#This Row],[Core_L2_String - SPARE]],core_mc[VisualId],MC_Check!$H$2) -> 0 | AE41: =misc[[#This Row],[Core_DTLB_Count]]+misc[[#This Row],[Core_DCU_Count]]+misc[[#This Row],[Core_IFU_Count]]+misc[[#This Row],[Core_ROB_Count]]+misc[[#This Row],[Core_L2_Count - SPARE]]+misc[[#This Row],[Core_ML2_Count]] -> 0 | AF41: =_xlfn.TEXTJOIN(", ",,IF(misc[[#This Row],[Core_IFU_Count]]>0,"IFU",""),IF(misc[[#This Row],[Core_DCU_Count]]>0,"DCU",""),IF(misc[[#This Row],[Core_DTLB_Count]]>0,"DTLB",""),IF(misc[[#This Row],[Core_ROB_Count]]>0,"ROB",""),IF(misc[[#This Row],[Core_ML2_Count]]>0,"ML2",""),IF(misc[[#This Row],[Core_L2_Count - SPARE]]>0,"L2","")) | AG41: =_xlfn.TEXTJOIN("",,"*SOCKET0**CBB",misc[[#This Row],[CBB]],"**BASE**I_CCF**ENV",misc[[#This Row],[ENV]],splitchar,"CBREGS_ALL",misc[[#This Row],[CBO]],splitchar,"SPARE") -> *SOCKET0**CBB1**BASE**I_CCF**ENV2__CBREGS_ALL11__SPARE | AH41: =COUNTIFS(cha_mc[TestName],misc[[#This Row],[LLC_MCA_String - Not Used]],cha_mc[VisualId],MC_Check!$H$2) -> 0
F42: 1 | G42: 7 | H42: =IF(MC_Check!$AN$2="PHY",misc[[#This Row],[location]],misc[[#This Row],[Module_log]]) -> 7 | I42: =misc[[#This Row],[Module]] -> 7 | J42: 0 | K42: =K38+1 -> 1 | L42: 3 | M42: =_xlfn.TEXTJOIN("",,misc[[#This Row],[ROW]],misc[[#This Row],[ROW]]) -> 11 | N42: =misc[[#This Row],[Core_Hitter_Count]]>0 -> FALSE | O42: =misc[[#This Row],[LLC_Hitter_Count]]>0 -> FALSE | P42: =misc[[#This Row],[CHA_Hitter_Count]]>0 -> FALSE | Q42: =_xlfn.TEXTJOIN("",,"*SOCKET0**CBB",misc[[#This Row],[CBB]],"**BASE**I_CCF_ENV",misc[[#This Row],[ENV]],splitchar,"CBREGS_ALL",misc[[#This Row],[CBO]],splitchar,"MC_STATUS*") -> *SOCKET0**CBB1**BASE**I_CCF_ENV3__CBREGS_ALL11__MC_STATUS* | R42: =COUNTIFS(cha_mc[TestName],misc[[#This Row],[CBO_MCA_String]],cha_mc[VisualId],MC_Check!$H$2) -> 0 | S42: =_xlfn.TEXTJOIN("",,"*SOCKET0**CBB",misc[[#This Row],[CBB]],"**COMPUTE",misc[[#This Row],[Compute]],"**MODULE",misc[[#This Row],[Module]],splitchar,"**CORE**IFU*CR*MC0*STATUS**") -> *SOCKET0**CBB1**COMPUTE0**MODULE7__**CORE**IFU*CR*MC0*STATUS** | T42: =COUNTIFS(core_mc[TestName],misc[[#This Row],[IFU_MCA_String]],core_mc[VisualId],MC_Check!$H$2) -> 0 | U42: =_xlfn.TEXTJOIN("",,"*SOCKET0**CBB",misc[[#This Row],[CBB]],"**COMPUTE",misc[[#This Row],[Compute]],"**MODULE",misc[[#This Row],[Module]],splitchar,"**CORE**ROB1*CR*MC*STATUS**") -> *SOCKET0**CBB1**COMPUTE0**MODULE7__**CORE**ROB1*CR*MC*STATUS** | V42: =COUNTIFS(core_mc[TestName],misc[[#This Row],[ROB_MCA_String]],core_mc[VisualId],MC_Check!$H$2) -> 0 | W42: =_xlfn.TEXTJOIN("",,"*SOCKET0**CBB",misc[[#This Row],[CBB]],"**COMPUTE",misc[[#This Row],[Compute]],"**MODULE",misc[[#This Row],[Module]],splitchar,"**CORE**DCU*CR*MC1*STATUS**") -> *SOCKET0**CBB1**COMPUTE0**MODULE7__**CORE**DCU*CR*MC1*STATUS** | X42: =COUNTIFS(core_mc[TestName],misc[[#This Row],[DCU_MCA_String]],core_mc[VisualId],MC_Check!$H$2) -> 0 | Y42: =_xlfn.TEXTJOIN("",,"*SOCKET0**CBB",misc[[#This Row],[CBB]],"**COMPUTE",misc[[#This Row],[Compute]],"**MODULE",misc[[#This Row],[Module]],splitchar,"**CORE**DTLB*CR*MC2*STATUS**") -> *SOCKET0**CBB1**COMPUTE0**MODULE7__**CORE**DTLB*CR*MC2*STATUS** | Z42: =COUNTIFS(core_mc[TestName],misc[[#This Row],[CORE_DTLB_String]],core_mc[VisualId],MC_Check!$H$2) -> 0 | AA42: =_xlfn.TEXTJOIN("",,"*SOCKET0**CBB",misc[[#This Row],[CBB]],"**COMPUTE",misc[[#This Row],[Compute]],"**MODULE",misc[[#This Row],[Module]],splitchar,"**ML2*CR*MC3*STATUS**") -> *SOCKET0**CBB1**COMPUTE0**MODULE7__**ML2*CR*MC3*STATUS** | AB42: =COUNTIFS(core_mc[TestName],misc[[#This Row],[Core_ML2_String]],core_mc[VisualId],MC_Check!$H$2) -> 0 | AC42: =_xlfn.TEXTJOIN("",,"*SOCKET0**CBB",misc[[#This Row],[CBB]],"**COMPUTE",misc[[#This Row],[Compute]],"**MODULE",misc[[#This Row],[Module]],splitchar,"SPARE") -> *SOCKET0**CBB1**COMPUTE0**MODULE7__SPARE | AD42: =COUNTIFS(core_mc[TestName],misc[[#This Row],[Core_L2_String - SPARE]],core_mc[VisualId],MC_Check!$H$2) -> 0 | AE42: =misc[[#This Row],[Core_DTLB_Count]]+misc[[#This Row],[Core_DCU_Count]]+misc[[#This Row],[Core_IFU_Count]]+misc[[#This Row],[Core_ROB_Count]]+misc[[#This Row],[Core_L2_Count - SPARE]]+misc[[#This Row],[Core_ML2_Count]] -> 0 | AF42: =_xlfn.TEXTJOIN(", ",,IF(misc[[#This Row],[Core_IFU_Count]]>0,"IFU",""),IF(misc[[#This Row],[Core_DCU_Count]]>0,"DCU",""),IF(misc[[#This Row],[Core_DTLB_Count]]>0,"DTLB",""),IF(misc[[#This Row],[Core_ROB_Count]]>0,"ROB",""),IF(misc[[#This Row],[Core_ML2_Count]]>0,"ML2",""),IF(misc[[#This Row],[Core_L2_Count - SPARE]]>0,"L2","")) | AG42: =_xlfn.TEXTJOIN("",,"*SOCKET0**CBB",misc[[#This Row],[CBB]],"**BASE**I_CCF**ENV",misc[[#This Row],[ENV]],splitchar,"CBREGS_ALL",misc[[#This Row],[CBO]],splitchar,"SPARE") -> *SOCKET0**CBB1**BASE**I_CCF**ENV3__CBREGS_ALL11__SPARE | AH42: =COUNTIFS(cha_mc[TestName],misc[[#This Row],[LLC_MCA_String - Not Used]],cha_mc[VisualId],MC_Check!$H$2) -> 0
F43: 1 | G43: 8 | H43: =IF(MC_Check!$AN$2="PHY",misc[[#This Row],[location]],misc[[#This Row],[Module_log]]) -> 8 | I43: =misc[[#This Row],[Module]] -> 8 | J43: =J35+1 -> 1 | K43: =K39+1 -> 2 | L43: 0 | M43: =_xlfn.TEXTJOIN("",,misc[[#This Row],[ROW]],misc[[#This Row],[ROW]]) -> 22 | N43: =misc[[#This Row],[Core_Hitter_Count]]>0 -> FALSE | O43: =misc[[#This Row],[LLC_Hitter_Count]]>0 -> FALSE | P43: =misc[[#This Row],[CHA_Hitter_Count]]>0 -> FALSE | Q43: =_xlfn.TEXTJOIN("",,"*SOCKET0**CBB",misc[[#This Row],[CBB]],"**BASE**I_CCF_ENV",misc[[#This Row],[ENV]],splitchar,"CBREGS_ALL",misc[[#This Row],[CBO]],splitchar,"MC_STATUS*") -> *SOCKET0**CBB1**BASE**I_CCF_ENV0__CBREGS_ALL22__MC_STATUS* | R43: =COUNTIFS(cha_mc[TestName],misc[[#This Row],[CBO_MCA_String]],cha_mc[VisualId],MC_Check!$H$2) -> 0 | S43: =_xlfn.TEXTJOIN("",,"*SOCKET0**CBB",misc[[#This Row],[CBB]],"**COMPUTE",misc[[#This Row],[Compute]],"**MODULE",misc[[#This Row],[Module]],splitchar,"**CORE**IFU*CR*MC0*STATUS**") -> *SOCKET0**CBB1**COMPUTE1**MODULE8__**CORE**IFU*CR*MC0*STATUS** | T43: =COUNTIFS(core_mc[TestName],misc[[#This Row],[IFU_MCA_String]],core_mc[VisualId],MC_Check!$H$2) -> 0 | U43: =_xlfn.TEXTJOIN("",,"*SOCKET0**CBB",misc[[#This Row],[CBB]],"**COMPUTE",misc[[#This Row],[Compute]],"**MODULE",misc[[#This Row],[Module]],splitchar,"**CORE**ROB1*CR*MC*STATUS**") -> *SOCKET0**CBB1**COMPUTE1**MODULE8__**CORE**ROB1*CR*MC*STATUS** | V43: =COUNTIFS(core_mc[TestName],misc[[#This Row],[ROB_MCA_String]],core_mc[VisualId],MC_Check!$H$2) -> 0 | W43: =_xlfn.TEXTJOIN("",,"*SOCKET0**CBB",misc[[#This Row],[CBB]],"**COMPUTE",misc[[#This Row],[Compute]],"**MODULE",misc[[#This Row],[Module]],splitchar,"**CORE**DCU*CR*MC1*STATUS**") -> *SOCKET0**CBB1**COMPUTE1**MODULE8__**CORE**DCU*CR*MC1*STATUS** | X43: =COUNTIFS(core_mc[TestName],misc[[#This Row],[DCU_MCA_String]],core_mc[VisualId],MC_Check!$H$2) -> 0 | Y43: =_xlfn.TEXTJOIN("",,"*SOCKET0**CBB",misc[[#This Row],[CBB]],"**COMPUTE",misc[[#This Row],[Compute]],"**MODULE",misc[[#This Row],[Module]],splitchar,"**CORE**DTLB*CR*MC2*STATUS**") -> *SOCKET0**CBB1**COMPUTE1**MODULE8__**CORE**DTLB*CR*MC2*STATUS** | Z43: =COUNTIFS(core_mc[TestName],misc[[#This Row],[CORE_DTLB_String]],core_mc[VisualId],MC_Check!$H$2) -> 0 | AA43: =_xlfn.TEXTJOIN("",,"*SOCKET0**CBB",misc[[#This Row],[CBB]],"**COMPUTE",misc[[#This Row],[Compute]],"**MODULE",misc[[#This Row],[Module]],splitchar,"**ML2*CR*MC3*STATUS**") -> *SOCKET0**CBB1**COMPUTE1**MODULE8__**ML2*CR*MC3*STATUS** | AB43: =COUNTIFS(core_mc[TestName],misc[[#This Row],[Core_ML2_String]],core_mc[VisualId],MC_Check!$H$2) -> 0 | AC43: =_xlfn.TEXTJOIN("",,"*SOCKET0**CBB",misc[[#This Row],[CBB]],"**COMPUTE",misc[[#This Row],[Compute]],"**MODULE",misc[[#This Row],[Module]],splitchar,"SPARE") -> *SOCKET0**CBB1**COMPUTE1**MODULE8__SPARE | AD43: =COUNTIFS(core_mc[TestName],misc[[#This Row],[Core_L2_String - SPARE]],core_mc[VisualId],MC_Check!$H$2) -> 0 | AE43: =misc[[#This Row],[Core_DTLB_Count]]+misc[[#This Row],[Core_DCU_Count]]+misc[[#This Row],[Core_IFU_Count]]+misc[[#This Row],[Core_ROB_Count]]+misc[[#This Row],[Core_L2_Count - SPARE]]+misc[[#This Row],[Core_ML2_Count]] -> 0 | AF43: =_xlfn.TEXTJOIN(", ",,IF(misc[[#This Row],[Core_IFU_Count]]>0,"IFU",""),IF(misc[[#This Row],[Core_DCU_Count]]>0,"DCU",""),IF(misc[[#This Row],[Core_DTLB_Count]]>0,"DTLB",""),IF(misc[[#This Row],[Core_ROB_Count]]>0,"ROB",""),IF(misc[[#This Row],[Core_ML2_Count]]>0,"ML2",""),IF(misc[[#This Row],[Core_L2_Count - SPARE]]>0,"L2","")) | AG43: =_xlfn.TEXTJOIN("",,"*SOCKET0**CBB",misc[[#This Row],[CBB]],"**BASE**I_CCF**ENV",misc[[#This Row],[ENV]],splitchar,"CBREGS_ALL",misc[[#This Row],[CBO]],splitchar,"SPARE") -> *SOCKET0**CBB1**BASE**I_CCF**ENV0__CBREGS_ALL22__SPARE | AH43: =COUNTIFS(cha_mc[TestName],misc[[#This Row],[LLC_MCA_String - Not Used]],cha_mc[VisualId],MC_Check!$H$2) -> 0
F44: 1 | G44: 9 | H44: =IF(MC_Check!$AN$2="PHY",misc[[#This Row],[location]],misc[[#This Row],[Module_log]]) -> 9 | I44: =misc[[#This Row],[Module]] -> 9 | J44: =J36+1 -> 1 | K44: =K40+1 -> 2 | L44: 1 | M44: =_xlfn.TEXTJOIN("",,misc[[#This Row],[ROW]],misc[[#This Row],[ROW]]) -> 22 | N44: =misc[[#This Row],[Core_Hitter_Count]]>0 -> FALSE | O44: =misc[[#This Row],[LLC_Hitter_Count]]>0 -> FALSE | P44: =misc[[#This Row],[CHA_Hitter_Count]]>0 -> FALSE | Q44: =_xlfn.TEXTJOIN("",,"*SOCKET0**CBB",misc[[#This Row],[CBB]],"**BASE**I_CCF_ENV",misc[[#This Row],[ENV]],splitchar,"CBREGS_ALL",misc[[#This Row],[CBO]],splitchar,"MC_STATUS*") -> *SOCKET0**CBB1**BASE**I_CCF_ENV1__CBREGS_ALL22__MC_STATUS* | R44: =COUNTIFS(cha_mc[TestName],misc[[#This Row],[CBO_MCA_String]],cha_mc[VisualId],MC_Check!$H$2) -> 0 | S44: =_xlfn.TEXTJOIN("",,"*SOCKET0**CBB",misc[[#This Row],[CBB]],"**COMPUTE",misc[[#This Row],[Compute]],"**MODULE",misc[[#This Row],[Module]],splitchar,"**CORE**IFU*CR*MC0*STATUS**") -> *SOCKET0**CBB1**COMPUTE1**MODULE9__**CORE**IFU*CR*MC0*STATUS** | T44: =COUNTIFS(core_mc[TestName],misc[[#This Row],[IFU_MCA_String]],core_mc[VisualId],MC_Check!$H$2) -> 0 | U44: =_xlfn.TEXTJOIN("",,"*SOCKET0**CBB",misc[[#This Row],[CBB]],"**COMPUTE",misc[[#This Row],[Compute]],"**MODULE",misc[[#This Row],[Module]],splitchar,"**CORE**ROB1*CR*MC*STATUS**") -> *SOCKET0**CBB1**COMPUTE1**MODULE9__**CORE**ROB1*CR*MC*STATUS** | V44: =COUNTIFS(core_mc[TestName],misc[[#This Row],[ROB_MCA_String]],core_mc[VisualId],MC_Check!$H$2) -> 0 | W44: =_xlfn.TEXTJOIN("",,"*SOCKET0**CBB",misc[[#This Row],[CBB]],"**COMPUTE",misc[[#This Row],[Compute]],"**MODULE",misc[[#This Row],[Module]],splitchar,"**CORE**DCU*CR*MC1*STATUS**") -> *SOCKET0**CBB1**COMPUTE1**MODULE9__**CORE**DCU*CR*MC1*STATUS** | X44: =COUNTIFS(core_mc[TestName],misc[[#This Row],[DCU_MCA_String]],core_mc[VisualId],MC_Check!$H$2) -> 0 | Y44: =_xlfn.TEXTJOIN("",,"*SOCKET0**CBB",misc[[#This Row],[CBB]],"**COMPUTE",misc[[#This Row],[Compute]],"**MODULE",misc[[#This Row],[Module]],splitchar,"**CORE**DTLB*CR*MC2*STATUS**") -> *SOCKET0**CBB1**COMPUTE1**MODULE9__**CORE**DTLB*CR*MC2*STATUS** | Z44: =COUNTIFS(core_mc[TestName],misc[[#This Row],[CORE_DTLB_String]],core_mc[VisualId],MC_Check!$H$2) -> 0 | AA44: =_xlfn.TEXTJOIN("",,"*SOCKET0**CBB",misc[[#This Row],[CBB]],"**COMPUTE",misc[[#This Row],[Compute]],"**MODULE",misc[[#This Row],[Module]],splitchar,"**ML2*CR*MC3*STATUS**") -> *SOCKET0**CBB1**COMPUTE1**MODULE9__**ML2*CR*MC3*STATUS** | AB44: =COUNTIFS(core_mc[TestName],misc[[#This Row],[Core_ML2_String]],core_mc[VisualId],MC_Check!$H$2) -> 0 | AC44: =_xlfn.TEXTJOIN("",,"*SOCKET0**CBB",misc[[#This Row],[CBB]],"**COMPUTE",misc[[#This Row],[Compute]],"**MODULE",misc[[#This Row],[Module]],splitchar,"SPARE") -> *SOCKET0**CBB1**COMPUTE1**MODULE9__SPARE | AD44: =COUNTIFS(core_mc[TestName],misc[[#This Row],[Core_L2_String - SPARE]],core_mc[VisualId],MC_Check!$H$2) -> 0 | AE44: =misc[[#This Row],[Core_DTLB_Count]]+misc[[#This Row],[Core_DCU_Count]]+misc[[#This Row],[Core_IFU_Count]]+misc[[#This Row],[Core_ROB_Count]]+misc[[#This Row],[Core_L2_Count - SPARE]]+misc[[#This Row],[Core_ML2_Count]] -> 0 | AF44: =_xlfn.TEXTJOIN(", ",,IF(misc[[#This Row],[Core_IFU_Count]]>0,"IFU",""),IF(misc[[#This Row],[Core_DCU_Count]]>0,"DCU",""),IF(misc[[#This Row],[Core_DTLB_Count]]>0,"DTLB",""),IF(misc[[#This Row],[Core_ROB_Count]]>0,"ROB",""),IF(misc[[#This Row],[Core_ML2_Count]]>0,"ML2",""),IF(misc[[#This Row],[Core_L2_Count - SPARE]]>0,"L2","")) | AG44: =_xlfn.TEXTJOIN("",,"*SOCKET0**CBB",misc[[#This Row],[CBB]],"**BASE**I_CCF**ENV",misc[[#This Row],[ENV]],splitchar,"CBREGS_ALL",misc[[#This Row],[CBO]],splitchar,"SPARE") -> *SOCKET0**CBB1**BASE**I_CCF**ENV1__CBREGS_ALL22__SPARE | AH44: =COUNTIFS(cha_mc[TestName],misc[[#This Row],[LLC_MCA_String - Not Used]],cha_mc[VisualId],MC_Check!$H$2) -> 0
F45: 1 | G45: 10 | H45: =IF(MC_Check!$AN$2="PHY",misc[[#This Row],[location]],misc[[#This Row],[Module_log]]) -> 10 | I45: =misc[[#This Row],[Module]] -> 10 | J45: =J37+1 -> 1 | K45: =K41+1 -> 2 | L45: 2 | M45: =_xlfn.TEXTJOIN("",,misc[[#This Row],[ROW]],misc[[#This Row],[ROW]]) -> 22 | N45: =misc[[#This Row],[Core_Hitter_Count]]>0 -> FALSE | O45: =misc[[#This Row],[LLC_Hitter_Count]]>0 -> FALSE | P45: =misc[[#This Row],[CHA_Hitter_Count]]>0 -> FALSE | Q45: =_xlfn.TEXTJOIN("",,"*SOCKET0**CBB",misc[[#This Row],[CBB]],"**BASE**I_CCF_ENV",misc[[#This Row],[ENV]],splitchar,"CBREGS_ALL",misc[[#This Row],[CBO]],splitchar,"MC_STATUS*") -> *SOCKET0**CBB1**BASE**I_CCF_ENV2__CBREGS_ALL22__MC_STATUS* | R45: =COUNTIFS(cha_mc[TestName],misc[[#This Row],[CBO_MCA_String]],cha_mc[VisualId],MC_Check!$H$2) -> 0 | S45: =_xlfn.TEXTJOIN("",,"*SOCKET0**CBB",misc[[#This Row],[CBB]],"**COMPUTE",misc[[#This Row],[Compute]],"**MODULE",misc[[#This Row],[Module]],splitchar,"**CORE**IFU*CR*MC0*STATUS**") -> *SOCKET0**CBB1**COMPUTE1**MODULE10__**CORE**IFU*CR*MC0*STATUS** | T45: =COUNTIFS(core_mc[TestName],misc[[#This Row],[IFU_MCA_String]],core_mc[VisualId],MC_Check!$H$2) -> 0 | U45: =_xlfn.TEXTJOIN("",,"*SOCKET0**CBB",misc[[#This Row],[CBB]],"**COMPUTE",misc[[#This Row],[Compute]],"**MODULE",misc[[#This Row],[Module]],splitchar,"**CORE**ROB1*CR*MC*STATUS**") -> *SOCKET0**CBB1**COMPUTE1**MODULE10__**CORE**ROB1*CR*MC*STATUS** | V45: =COUNTIFS(core_mc[TestName],misc[[#This Row],[ROB_MCA_String]],core_mc[VisualId],MC_Check!$H$2) -> 0 | W45: =_xlfn.TEXTJOIN("",,"*SOCKET0**CBB",misc[[#This Row],[CBB]],"**COMPUTE",misc[[#This Row],[Compute]],"**MODULE",misc[[#This Row],[Module]],splitchar,"**CORE**DCU*CR*MC1*STATUS**") -> *SOCKET0**CBB1**COMPUTE1**MODULE10__**CORE**DCU*CR*MC1*STATUS** | X45: =COUNTIFS(core_mc[TestName],misc[[#This Row],[DCU_MCA_String]],core_mc[VisualId],MC_Check!$H$2) -> 0 | Y45: =_xlfn.TEXTJOIN("",,"*SOCKET0**CBB",misc[[#This Row],[CBB]],"**COMPUTE",misc[[#This Row],[Compute]],"**MODULE",misc[[#This Row],[Module]],splitchar,"**CORE**DTLB*CR*MC2*STATUS**") -> *SOCKET0**CBB1**COMPUTE1**MODULE10__**CORE**DTLB*CR*MC2*STATUS** | Z45: =COUNTIFS(core_mc[TestName],misc[[#This Row],[CORE_DTLB_String]],core_mc[VisualId],MC_Check!$H$2) -> 0 | AA45: =_xlfn.TEXTJOIN("",,"*SOCKET0**CBB",misc[[#This Row],[CBB]],"**COMPUTE",misc[[#This Row],[Compute]],"**MODULE",misc[[#This Row],[Module]],splitchar,"**ML2*CR*MC3*STATUS**") -> *SOCKET0**CBB1**COMPUTE1**MODULE10__**ML2*CR*MC3*STATUS** | AB45: =COUNTIFS(core_mc[TestName],misc[[#This Row],[Core_ML2_String]],core_mc[VisualId],MC_Check!$H$2) -> 0 | AC45: =_xlfn.TEXTJOIN("",,"*SOCKET0**CBB",misc[[#This Row],[CBB]],"**COMPUTE",misc[[#This Row],[Compute]],"**MODULE",misc[[#This Row],[Module]],splitchar,"SPARE") -> *SOCKET0**CBB1**COMPUTE1**MODULE10__SPARE | AD45: =COUNTIFS(core_mc[TestName],misc[[#This Row],[Core_L2_String - SPARE]],core_mc[VisualId],MC_Check!$H$2) -> 0 | AE45: =misc[[#This Row],[Core_DTLB_Count]]+misc[[#This Row],[Core_DCU_Count]]+misc[[#This Row],[Core_IFU_Count]]+misc[[#This Row],[Core_ROB_Count]]+misc[[#This Row],[Core_L2_Count - SPARE]]+misc[[#This Row],[Core_ML2_Count]] -> 0 | AF45: =_xlfn.TEXTJOIN(", ",,IF(misc[[#This Row],[Core_IFU_Count]]>0,"IFU",""),IF(misc[[#This Row],[Core_DCU_Count]]>0,"DCU",""),IF(misc[[#This Row],[Core_DTLB_Count]]>0,"DTLB",""),IF(misc[[#This Row],[Core_ROB_Count]]>0,"ROB",""),IF(misc[[#This Row],[Core_ML2_Count]]>0,"ML2",""),IF(misc[[#This Row],[Core_L2_Count - SPARE]]>0,"L2","")) | AG45: =_xlfn.TEXTJOIN("",,"*SOCKET0**CBB",misc[[#This Row],[CBB]],"**BASE**I_CCF**ENV",misc[[#This Row],[ENV]],splitchar,"CBREGS_ALL",misc[[#This Row],[CBO]],splitchar,"SPARE") -> *SOCKET0**CBB1**BASE**I_CCF**ENV2__CBREGS_ALL22__SPARE | AH45: =COUNTIFS(cha_mc[TestName],misc[[#This Row],[LLC_MCA_String - Not Used]],cha_mc[VisualId],MC_Check!$H$2) -> 0
F46: 1 | G46: 11 | H46: =IF(MC_Check!$AN$2="PHY",misc[[#This Row],[location]],misc[[#This Row],[Module_log]]) -> 11 | I46: =misc[[#This Row],[Module]] -> 11 | J46: =J38+1 -> 1 | K46: =K42+1 -> 2 | L46: 3 | M46: =_xlfn.TEXTJOIN("",,misc[[#This Row],[ROW]],misc[[#This Row],[ROW]]) -> 22 | N46: =misc[[#This Row],[Core_Hitter_Count]]>0 -> FALSE | O46: =misc[[#This Row],[LLC_Hitter_Count]]>0 -> FALSE | P46: =misc[[#This Row],[CHA_Hitter_Count]]>0 -> FALSE | Q46: =_xlfn.TEXTJOIN("",,"*SOCKET0**CBB",misc[[#This Row],[CBB]],"**BASE**I_CCF_ENV",misc[[#This Row],[ENV]],splitchar,"CBREGS_ALL",misc[[#This Row],[CBO]],splitchar,"MC_STATUS*") -> *SOCKET0**CBB1**BASE**I_CCF_ENV3__CBREGS_ALL22__MC_STATUS* | R46: =COUNTIFS(cha_mc[TestName],misc[[#This Row],[CBO_MCA_String]],cha_mc[VisualId],MC_Check!$H$2) -> 0 | S46: =_xlfn.TEXTJOIN("",,"*SOCKET0**CBB",misc[[#This Row],[CBB]],"**COMPUTE",misc[[#This Row],[Compute]],"**MODULE",misc[[#This Row],[Module]],splitchar,"**CORE**IFU*CR*MC0*STATUS**") -> *SOCKET0**CBB1**COMPUTE1**MODULE11__**CORE**IFU*CR*MC0*STATUS** | T46: =COUNTIFS(core_mc[TestName],misc[[#This Row],[IFU_MCA_String]],core_mc[VisualId],MC_Check!$H$2) -> 0 | U46: =_xlfn.TEXTJOIN("",,"*SOCKET0**CBB",misc[[#This Row],[CBB]],"**COMPUTE",misc[[#This Row],[Compute]],"**MODULE",misc[[#This Row],[Module]],splitchar,"**CORE**ROB1*CR*MC*STATUS**") -> *SOCKET0**CBB1**COMPUTE1**MODULE11__**CORE**ROB1*CR*MC*STATUS** | V46: =COUNTIFS(core_mc[TestName],misc[[#This Row],[ROB_MCA_String]],core_mc[VisualId],MC_Check!$H$2) -> 0 | W46: =_xlfn.TEXTJOIN("",,"*SOCKET0**CBB",misc[[#This Row],[CBB]],"**COMPUTE",misc[[#This Row],[Compute]],"**MODULE",misc[[#This Row],[Module]],splitchar,"**CORE**DCU*CR*MC1*STATUS**") -> *SOCKET0**CBB1**COMPUTE1**MODULE11__**CORE**DCU*CR*MC1*STATUS** | X46: =COUNTIFS(core_mc[TestName],misc[[#This Row],[DCU_MCA_String]],core_mc[VisualId],MC_Check!$H$2) -> 0 | Y46: =_xlfn.TEXTJOIN("",,"*SOCKET0**CBB",misc[[#This Row],[CBB]],"**COMPUTE",misc[[#This Row],[Compute]],"**MODULE",misc[[#This Row],[Module]],splitchar,"**CORE**DTLB*CR*MC2*STATUS**") -> *SOCKET0**CBB1**COMPUTE1**MODULE11__**CORE**DTLB*CR*MC2*STATUS** | Z46: =COUNTIFS(core_mc[TestName],misc[[#This Row],[CORE_DTLB_String]],core_mc[VisualId],MC_Check!$H$2) -> 0 | AA46: =_xlfn.TEXTJOIN("",,"*SOCKET0**CBB",misc[[#This Row],[CBB]],"**COMPUTE",misc[[#This Row],[Compute]],"**MODULE",misc[[#This Row],[Module]],splitchar,"**ML2*CR*MC3*STATUS**") -> *SOCKET0**CBB1**COMPUTE1**MODULE11__**ML2*CR*MC3*STATUS** | AB46: =COUNTIFS(core_mc[TestName],misc[[#This Row],[Core_ML2_String]],core_mc[VisualId],MC_Check!$H$2) -> 0 | AC46: =_xlfn.TEXTJOIN("",,"*SOCKET0**CBB",misc[[#This Row],[CBB]],"**COMPUTE",misc[[#This Row],[Compute]],"**MODULE",misc[[#This Row],[Module]],splitchar,"SPARE") -> *SOCKET0**CBB1**COMPUTE1**MODULE11__SPARE | AD46: =COUNTIFS(core_mc[TestName],misc[[#This Row],[Core_L2_String - SPARE]],core_mc[VisualId],MC_Check!$H$2) -> 0 | AE46: =misc[[#This Row],[Core_DTLB_Count]]+misc[[#This Row],[Core_DCU_Count]]+misc[[#This Row],[Core_IFU_Count]]+misc[[#This Row],[Core_ROB_Count]]+misc[[#This Row],[Core_L2_Count - SPARE]]+misc[[#This Row],[Core_ML2_Count]] -> 0 | AF46: =_xlfn.TEXTJOIN(", ",,IF(misc[[#This Row],[Core_IFU_Count]]>0,"IFU",""),IF(misc[[#This Row],[Core_DCU_Count]]>0,"DCU",""),IF(misc[[#This Row],[Core_DTLB_Count]]>0,"DTLB",""),IF(misc[[#This Row],[Core_ROB_Count]]>0,"ROB",""),IF(misc[[#This Row],[Core_ML2_Count]]>0,"ML2",""),IF(misc[[#This Row],[Core_L2_Count - SPARE]]>0,"L2","")) | AG46: =_xlfn.TEXTJOIN("",,"*SOCKET0**CBB",misc[[#This Row],[CBB]],"**BASE**I_CCF**ENV",misc[[#This Row],[ENV]],splitchar,"CBREGS_ALL",misc[[#This Row],[CBO]],splitchar,"SPARE") -> *SOCKET0**CBB1**BASE**I_CCF**ENV3__CBREGS_ALL22__SPARE | AH46: =COUNTIFS(cha_mc[TestName],misc[[#This Row],[LLC_MCA_String - Not Used]],cha_mc[VisualId],MC_Check!$H$2) -> 0
F47: 1 | G47: 12 | H47: =IF(MC_Check!$AN$2="PHY",misc[[#This Row],[location]],misc[[#This Row],[Module_log]]) -> 12 | I47: =misc[[#This Row],[Module]] -> 12 | J47: =J39+1 -> 1 | K47: =K43+1 -> 3 | L47: 0 | M47: =_xlfn.TEXTJOIN("",,misc[[#This Row],[ROW]],misc[[#This Row],[ROW]]) -> 33 | N47: =misc[[#This Row],[Core_Hitter_Count]]>0 -> FALSE | O47: =misc[[#This Row],[LLC_Hitter_Count]]>0 -> FALSE | P47: =misc[[#This Row],[CHA_Hitter_Count]]>0 -> FALSE | Q47: =_xlfn.TEXTJOIN("",,"*SOCKET0**CBB",misc[[#This Row],[CBB]],"**BASE**I_CCF_ENV",misc[[#This Row],[ENV]],splitchar,"CBREGS_ALL",misc[[#This Row],[CBO]],splitchar,"MC_STATUS*") -> *SOCKET0**CBB1**BASE**I_CCF_ENV0__CBREGS_ALL33__MC_STATUS* | R47: =COUNTIFS(cha_mc[TestName],misc[[#This Row],[CBO_MCA_String]],cha_mc[VisualId],MC_Check!$H$2) -> 0 | S47: =_xlfn.TEXTJOIN("",,"*SOCKET0**CBB",misc[[#This Row],[CBB]],"**COMPUTE",misc[[#This Row],[Compute]],"**MODULE",misc[[#This Row],[Module]],splitchar,"**CORE**IFU*CR*MC0*STATUS**") -> *SOCKET0**CBB1**COMPUTE1**MODULE12__**CORE**IFU*CR*MC0*STATUS** | T47: =COUNTIFS(core_mc[TestName],misc[[#This Row],[IFU_MCA_String]],core_mc[VisualId],MC_Check!$H$2) -> 0 | U47: =_xlfn.TEXTJOIN("",,"*SOCKET0**CBB",misc[[#This Row],[CBB]],"**COMPUTE",misc[[#This Row],[Compute]],"**MODULE",misc[[#This Row],[Module]],splitchar,"**CORE**ROB1*CR*MC*STATUS**") -> *SOCKET0**CBB1**COMPUTE1**MODULE12__**CORE**ROB1*CR*MC*STATUS** | V47: =COUNTIFS(core_mc[TestName],misc[[#This Row],[ROB_MCA_String]],core_mc[VisualId],MC_Check!$H$2) -> 0 | W47: =_xlfn.TEXTJOIN("",,"*SOCKET0**CBB",misc[[#This Row],[CBB]],"**COMPUTE",misc[[#This Row],[Compute]],"**MODULE",misc[[#This Row],[Module]],splitchar,"**CORE**DCU*CR*MC1*STATUS**") -> *SOCKET0**CBB1**COMPUTE1**MODULE12__**CORE**DCU*CR*MC1*STATUS** | X47: =COUNTIFS(core_mc[TestName],misc[[#This Row],[DCU_MCA_String]],core_mc[VisualId],MC_Check!$H$2) -> 0 | Y47: =_xlfn.TEXTJOIN("",,"*SOCKET0**CBB",misc[[#This Row],[CBB]],"**COMPUTE",misc[[#This Row],[Compute]],"**MODULE",misc[[#This Row],[Module]],splitchar,"**CORE**DTLB*CR*MC2*STATUS**") -> *SOCKET0**CBB1**COMPUTE1**MODULE12__**CORE**DTLB*CR*MC2*STATUS** | Z47: =COUNTIFS(core_mc[TestName],misc[[#This Row],[CORE_DTLB_String]],core_mc[VisualId],MC_Check!$H$2) -> 0 | AA47: =_xlfn.TEXTJOIN("",,"*SOCKET0**CBB",misc[[#This Row],[CBB]],"**COMPUTE",misc[[#This Row],[Compute]],"**MODULE",misc[[#This Row],[Module]],splitchar,"**ML2*CR*MC3*STATUS**") -> *SOCKET0**CBB1**COMPUTE1**MODULE12__**ML2*CR*MC3*STATUS** | AB47: =COUNTIFS(core_mc[TestName],misc[[#This Row],[Core_ML2_String]],core_mc[VisualId],MC_Check!$H$2) -> 0 | AC47: =_xlfn.TEXTJOIN("",,"*SOCKET0**CBB",misc[[#This Row],[CBB]],"**COMPUTE",misc[[#This Row],[Compute]],"**MODULE",misc[[#This Row],[Module]],splitchar,"SPARE") -> *SOCKET0**CBB1**COMPUTE1**MODULE12__SPARE | AD47: =COUNTIFS(core_mc[TestName],misc[[#This Row],[Core_L2_String - SPARE]],core_mc[VisualId],MC_Check!$H$2) -> 0 | AE47: =misc[[#This Row],[Core_DTLB_Count]]+misc[[#This Row],[Core_DCU_Count]]+misc[[#This Row],[Core_IFU_Count]]+misc[[#This Row],[Core_ROB_Count]]+misc[[#This Row],[Core_L2_Count - SPARE]]+misc[[#This Row],[Core_ML2_Count]] -> 0 | AF47: =_xlfn.TEXTJOIN(", ",,IF(misc[[#This Row],[Core_IFU_Count]]>0,"IFU",""),IF(misc[[#This Row],[Core_DCU_Count]]>0,"DCU",""),IF(misc[[#This Row],[Core_DTLB_Count]]>0,"DTLB",""),IF(misc[[#This Row],[Core_ROB_Count]]>0,"ROB",""),IF(misc[[#This Row],[Core_ML2_Count]]>0,"ML2",""),IF(misc[[#This Row],[Core_L2_Count - SPARE]]>0,"L2","")) | AG47: =_xlfn.TEXTJOIN("",,"*SOCKET0**CBB",misc[[#This Row],[CBB]],"**BASE**I_CCF**ENV",misc[[#This Row],[ENV]],splitchar,"CBREGS_ALL",misc[[#This Row],[CBO]],splitchar,"SPARE") -> *SOCKET0**CBB1**BASE**I_CCF**ENV0__CBREGS_ALL33__SPARE | AH47: =COUNTIFS(cha_mc[TestName],misc[[#This Row],[LLC_MCA_String - Not Used]],cha_mc[VisualId],MC_Check!$H$2) -> 0
F48: 1 | G48: 13 | H48: =IF(MC_Check!$AN$2="PHY",misc[[#This Row],[location]],misc[[#This Row],[Module_log]]) -> 13 | I48: =misc[[#This Row],[Module]] -> 13 | J48: =J40+1 -> 1 | K48: =K44+1 -> 3 | L48: 1 | M48: =_xlfn.TEXTJOIN("",,misc[[#This Row],[ROW]],misc[[#This Row],[ROW]]) -> 33 | N48: =misc[[#This Row],[Core_Hitter_Count]]>0 -> FALSE | O48: =misc[[#This Row],[LLC_Hitter_Count]]>0 -> FALSE | P48: =misc[[#This Row],[CHA_Hitter_Count]]>0 -> FALSE | Q48: =_xlfn.TEXTJOIN("",,"*SOCKET0**CBB",misc[[#This Row],[CBB]],"**BASE**I_CCF_ENV",misc[[#This Row],[ENV]],splitchar,"CBREGS_ALL",misc[[#This Row],[CBO]],splitchar,"MC_STATUS*") -> *SOCKET0**CBB1**BASE**I_CCF_ENV1__CBREGS_ALL33__MC_STATUS* | R48: =COUNTIFS(cha_mc[TestName],misc[[#This Row],[CBO_MCA_String]],cha_mc[VisualId],MC_Check!$H$2) -> 0 | S48: =_xlfn.TEXTJOIN("",,"*SOCKET0**CBB",misc[[#This Row],[CBB]],"**COMPUTE",misc[[#This Row],[Compute]],"**MODULE",misc[[#This Row],[Module]],splitchar,"**CORE**IFU*CR*MC0*STATUS**") -> *SOCKET0**CBB1**COMPUTE1**MODULE13__**CORE**IFU*CR*MC0*STATUS** | T48: =COUNTIFS(core_mc[TestName],misc[[#This Row],[IFU_MCA_String]],core_mc[VisualId],MC_Check!$H$2) -> 0 | U48: =_xlfn.TEXTJOIN("",,"*SOCKET0**CBB",misc[[#This Row],[CBB]],"**COMPUTE",misc[[#This Row],[Compute]],"**MODULE",misc[[#This Row],[Module]],splitchar,"**CORE**ROB1*CR*MC*STATUS**") -> *SOCKET0**CBB1**COMPUTE1**MODULE13__**CORE**ROB1*CR*MC*STATUS** | V48: =COUNTIFS(core_mc[TestName],misc[[#This Row],[ROB_MCA_String]],core_mc[VisualId],MC_Check!$H$2) -> 0 | W48: =_xlfn.TEXTJOIN("",,"*SOCKET0**CBB",misc[[#This Row],[CBB]],"**COMPUTE",misc[[#This Row],[Compute]],"**MODULE",misc[[#This Row],[Module]],splitchar,"**CORE**DCU*CR*MC1*STATUS**") -> *SOCKET0**CBB1**COMPUTE1**MODULE13__**CORE**DCU*CR*MC1*STATUS** | X48: =COUNTIFS(core_mc[TestName],misc[[#This Row],[DCU_MCA_String]],core_mc[VisualId],MC_Check!$H$2) -> 0 | Y48: =_xlfn.TEXTJOIN("",,"*SOCKET0**CBB",misc[[#This Row],[CBB]],"**COMPUTE",misc[[#This Row],[Compute]],"**MODULE",misc[[#This Row],[Module]],splitchar,"**CORE**DTLB*CR*MC2*STATUS**") -> *SOCKET0**CBB1**COMPUTE1**MODULE13__**CORE**DTLB*CR*MC2*STATUS** | Z48: =COUNTIFS(core_mc[TestName],misc[[#This Row],[CORE_DTLB_String]],core_mc[VisualId],MC_Check!$H$2) -> 0 | AA48: =_xlfn.TEXTJOIN("",,"*SOCKET0**CBB",misc[[#This Row],[CBB]],"**COMPUTE",misc[[#This Row],[Compute]],"**MODULE",misc[[#This Row],[Module]],splitchar,"**ML2*CR*MC3*STATUS**") -> *SOCKET0**CBB1**COMPUTE1**MODULE13__**ML2*CR*MC3*STATUS** | AB48: =COUNTIFS(core_mc[TestName],misc[[#This Row],[Core_ML2_String]],core_mc[VisualId],MC_Check!$H$2) -> 0 | AC48: =_xlfn.TEXTJOIN("",,"*SOCKET0**CBB",misc[[#This Row],[CBB]],"**COMPUTE",misc[[#This Row],[Compute]],"**MODULE",misc[[#This Row],[Module]],splitchar,"SPARE") -> *SOCKET0**CBB1**COMPUTE1**MODULE13__SPARE | AD48: =COUNTIFS(core_mc[TestName],misc[[#This Row],[Core_L2_String - SPARE]],core_mc[VisualId],MC_Check!$H$2) -> 0 | AE48: =misc[[#This Row],[Core_DTLB_Count]]+misc[[#This Row],[Core_DCU_Count]]+misc[[#This Row],[Core_IFU_Count]]+misc[[#This Row],[Core_ROB_Count]]+misc[[#This Row],[Core_L2_Count - SPARE]]+misc[[#This Row],[Core_ML2_Count]] -> 0 | AF48: =_xlfn.TEXTJOIN(", ",,IF(misc[[#This Row],[Core_IFU_Count]]>0,"IFU",""),IF(misc[[#This Row],[Core_DCU_Count]]>0,"DCU",""),IF(misc[[#This Row],[Core_DTLB_Count]]>0,"DTLB",""),IF(misc[[#This Row],[Core_ROB_Count]]>0,"ROB",""),IF(misc[[#This Row],[Core_ML2_Count]]>0,"ML2",""),IF(misc[[#This Row],[Core_L2_Count - SPARE]]>0,"L2","")) | AG48: =_xlfn.TEXTJOIN("",,"*SOCKET0**CBB",misc[[#This Row],[CBB]],"**BASE**I_CCF**ENV",misc[[#This Row],[ENV]],splitchar,"CBREGS_ALL",misc[[#This Row],[CBO]],splitchar,"SPARE") -> *SOCKET0**CBB1**BASE**I_CCF**ENV1__CBREGS_ALL33__SPARE | AH48: =COUNTIFS(cha_mc[TestName],misc[[#This Row],[LLC_MCA_String - Not Used]],cha_mc[VisualId],MC_Check!$H$2) -> 0
F49: 1 | G49: 14 | H49: =IF(MC_Check!$AN$2="PHY",misc[[#This Row],[location]],misc[[#This Row],[Module_log]]) -> 14 | I49: =misc[[#This Row],[Module]] -> 14 | J49: =J41+1 -> 1 | K49: =K45+1 -> 3 | L49: 2 | M49: =_xlfn.TEXTJOIN("",,misc[[#This Row],[ROW]],misc[[#This Row],[ROW]]) -> 33 | N49: =misc[[#This Row],[Core_Hitter_Count]]>0 -> FALSE | O49: =misc[[#This Row],[LLC_Hitter_Count]]>0 -> FALSE | P49: =misc[[#This Row],[CHA_Hitter_Count]]>0 -> FALSE | Q49: =_xlfn.TEXTJOIN("",,"*SOCKET0**CBB",misc[[#This Row],[CBB]],"**BASE**I_CCF_ENV",misc[[#This Row],[ENV]],splitchar,"CBREGS_ALL",misc[[#This Row],[CBO]],splitchar,"MC_STATUS*") -> *SOCKET0**CBB1**BASE**I_CCF_ENV2__CBREGS_ALL33__MC_STATUS* | R49: =COUNTIFS(cha_mc[TestName],misc[[#This Row],[CBO_MCA_String]],cha_mc[VisualId],MC_Check!$H$2) -> 0 | S49: =_xlfn.TEXTJOIN("",,"*SOCKET0**CBB",misc[[#This Row],[CBB]],"**COMPUTE",misc[[#This Row],[Compute]],"**MODULE",misc[[#This Row],[Module]],splitchar,"**CORE**IFU*CR*MC0*STATUS**") -> *SOCKET0**CBB1**COMPUTE1**MODULE14__**CORE**IFU*CR*MC0*STATUS** | T49: =COUNTIFS(core_mc[TestName],misc[[#This Row],[IFU_MCA_String]],core_mc[VisualId],MC_Check!$H$2) -> 0 | U49: =_xlfn.TEXTJOIN("",,"*SOCKET0**CBB",misc[[#This Row],[CBB]],"**COMPUTE",misc[[#This Row],[Compute]],"**MODULE",misc[[#This Row],[Module]],splitchar,"**CORE**ROB1*CR*MC*STATUS**") -> *SOCKET0**CBB1**COMPUTE1**MODULE14__**CORE**ROB1*CR*MC*STATUS** | V49: =COUNTIFS(core_mc[TestName],misc[[#This Row],[ROB_MCA_String]],core_mc[VisualId],MC_Check!$H$2) -> 0 | W49: =_xlfn.TEXTJOIN("",,"*SOCKET0**CBB",misc[[#This Row],[CBB]],"**COMPUTE",misc[[#This Row],[Compute]],"**MODULE",misc[[#This Row],[Module]],splitchar,"**CORE**DCU*CR*MC1*STATUS**") -> *SOCKET0**CBB1**COMPUTE1**MODULE14__**CORE**DCU*CR*MC1*STATUS** | X49: =COUNTIFS(core_mc[TestName],misc[[#This Row],[DCU_MCA_String]],core_mc[VisualId],MC_Check!$H$2) -> 0 | Y49: =_xlfn.TEXTJOIN("",,"*SOCKET0**CBB",misc[[#This Row],[CBB]],"**COMPUTE",misc[[#This Row],[Compute]],"**MODULE",misc[[#This Row],[Module]],splitchar,"**CORE**DTLB*CR*MC2*STATUS**") -> *SOCKET0**CBB1**COMPUTE1**MODULE14__**CORE**DTLB*CR*MC2*STATUS** | Z49: =COUNTIFS(core_mc[TestName],misc[[#This Row],[CORE_DTLB_String]],core_mc[VisualId],MC_Check!$H$2) -> 0 | AA49: =_xlfn.TEXTJOIN("",,"*SOCKET0**CBB",misc[[#This Row],[CBB]],"**COMPUTE",misc[[#This Row],[Compute]],"**MODULE",misc[[#This Row],[Module]],splitchar,"**ML2*CR*MC3*STATUS**") -> *SOCKET0**CBB1**COMPUTE1**MODULE14__**ML2*CR*MC3*STATUS** | AB49: =COUNTIFS(core_mc[TestName],misc[[#This Row],[Core_ML2_String]],core_mc[VisualId],MC_Check!$H$2) -> 0 | AC49: =_xlfn.TEXTJOIN("",,"*SOCKET0**CBB",misc[[#This Row],[CBB]],"**COMPUTE",misc[[#This Row],[Compute]],"**MODULE",misc[[#This Row],[Module]],splitchar,"SPARE") -> *SOCKET0**CBB1**COMPUTE1**MODULE14__SPARE | AD49: =COUNTIFS(core_mc[TestName],misc[[#This Row],[Core_L2_String - SPARE]],core_mc[VisualId],MC_Check!$H$2) -> 0 | AE49: =misc[[#This Row],[Core_DTLB_Count]]+misc[[#This Row],[Core_DCU_Count]]+misc[[#This Row],[Core_IFU_Count]]+misc[[#This Row],[Core_ROB_Count]]+misc[[#This Row],[Core_L2_Count - SPARE]]+misc[[#This Row],[Core_ML2_Count]] -> 0 | AF49: =_xlfn.TEXTJOIN(", ",,IF(misc[[#This Row],[Core_IFU_Count]]>0,"IFU",""),IF(misc[[#This Row],[Core_DCU_Count]]>0,"DCU",""),IF(misc[[#This Row],[Core_DTLB_Count]]>0,"DTLB",""),IF(misc[[#This Row],[Core_ROB_Count]]>0,"ROB",""),IF(misc[[#This Row],[Core_ML2_Count]]>0,"ML2",""),IF(misc[[#This Row],[Core_L2_Count - SPARE]]>0,"L2","")) | AG49: =_xlfn.TEXTJOIN("",,"*SOCKET0**CBB",misc[[#This Row],[CBB]],"**BASE**I_CCF**ENV",misc[[#This Row],[ENV]],splitchar,"CBREGS_ALL",misc[[#This Row],[CBO]],splitchar,"SPARE") -> *SOCKET0**CBB1**BASE**I_CCF**ENV2__CBREGS_ALL33__SPARE | AH49: =COUNTIFS(cha_mc[TestName],misc[[#This Row],[LLC_MCA_String - Not Used]],cha_mc[VisualId],MC_Check!$H$2) -> 0
F50: 1 | G50: 15 | H50: =IF(MC_Check!$AN$2="PHY",misc[[#This Row],[location]],misc[[#This Row],[Module_log]]) -> 15 | I50: =misc[[#This Row],[Module]] -> 15 | J50: =J42+1 -> 1 | K50: =K46+1 -> 3 | L50: 3 | M50: =_xlfn.TEXTJOIN("",,misc[[#This Row],[ROW]],misc[[#This Row],[ROW]]) -> 33 | N50: =misc[[#This Row],[Core_Hitter_Count]]>0 -> FALSE | O50: =misc[[#This Row],[LLC_Hitter_Count]]>0 -> FALSE | P50: =misc[[#This Row],[CHA_Hitter_Count]]>0 -> FALSE | Q50: =_xlfn.TEXTJOIN("",,"*SOCKET0**CBB",misc[[#This Row],[CBB]],"**BASE**I_CCF_ENV",misc[[#This Row],[ENV]],splitchar,"CBREGS_ALL",misc[[#This Row],[CBO]],splitchar,"MC_STATUS*") -> *SOCKET0**CBB1**BASE**I_CCF_ENV3__CBREGS_ALL33__MC_STATUS* | R50: =COUNTIFS(cha_mc[TestName],misc[[#This Row],[CBO_MCA_String]],cha_mc[VisualId],MC_Check!$H$2) -> 0 | S50: =_xlfn.TEXTJOIN("",,"*SOCKET0**CBB",misc[[#This Row],[CBB]],"**COMPUTE",misc[[#This Row],[Compute]],"**MODULE",misc[[#This Row],[Module]],splitchar,"**CORE**IFU*CR*MC0*STATUS**") -> *SOCKET0**CBB1**COMPUTE1**MODULE15__**CORE**IFU*CR*MC0*STATUS** | T50: =COUNTIFS(core_mc[TestName],misc[[#This Row],[IFU_MCA_String]],core_mc[VisualId],MC_Check!$H$2) -> 0 | U50: =_xlfn.TEXTJOIN("",,"*SOCKET0**CBB",misc[[#This Row],[CBB]],"**COMPUTE",misc[[#This Row],[Compute]],"**MODULE",misc[[#This Row],[Module]],splitchar,"**CORE**ROB1*CR*MC*STATUS**") -> *SOCKET0**CBB1**COMPUTE1**MODULE15__**CORE**ROB1*CR*MC*STATUS** | V50: =COUNTIFS(core_mc[TestName],misc[[#This Row],[ROB_MCA_String]],core_mc[VisualId],MC_Check!$H$2) -> 0 | W50: =_xlfn.TEXTJOIN("",,"*SOCKET0**CBB",misc[[#This Row],[CBB]],"**COMPUTE",misc[[#This Row],[Compute]],"**MODULE",misc[[#This Row],[Module]],splitchar,"**CORE**DCU*CR*MC1*STATUS**") -> *SOCKET0**CBB1**COMPUTE1**MODULE15__**CORE**DCU*CR*MC1*STATUS** | X50: =COUNTIFS(core_mc[TestName],misc[[#This Row],[DCU_MCA_String]],core_mc[VisualId],MC_Check!$H$2) -> 0 | Y50: =_xlfn.TEXTJOIN("",,"*SOCKET0**CBB",misc[[#This Row],[CBB]],"**COMPUTE",misc[[#This Row],[Compute]],"**MODULE",misc[[#This Row],[Module]],splitchar,"**CORE**DTLB*CR*MC2*STATUS**") -> *SOCKET0**CBB1**COMPUTE1**MODULE15__**CORE**DTLB*CR*MC2*STATUS** | Z50: =COUNTIFS(core_mc[TestName],misc[[#This Row],[CORE_DTLB_String]],core_mc[VisualId],MC_Check!$H$2) -> 0 | AA50: =_xlfn.TEXTJOIN("",,"*SOCKET0**CBB",misc[[#This Row],[CBB]],"**COMPUTE",misc[[#This Row],[Compute]],"**MODULE",misc[[#This Row],[Module]],splitchar,"**ML2*CR*MC3*STATUS**") -> *SOCKET0**CBB1**COMPUTE1**MODULE15__**ML2*CR*MC3*STATUS** | AB50: =COUNTIFS(core_mc[TestName],misc[[#This Row],[Core_ML2_String]],core_mc[VisualId],MC_Check!$H$2) -> 0 | AC50: =_xlfn.TEXTJOIN("",,"*SOCKET0**CBB",misc[[#This Row],[CBB]],"**COMPUTE",misc[[#This Row],[Compute]],"**MODULE",misc[[#This Row],[Module]],splitchar,"SPARE") -> *SOCKET0**CBB1**COMPUTE1**MODULE15__SPARE | AD50: =COUNTIFS(core_mc[TestName],misc[[#This Row],[Core_L2_String - SPARE]],core_mc[VisualId],MC_Check!$H$2) -> 0 | AE50: =misc[[#This Row],[Core_DTLB_Count]]+misc[[#This Row],[Core_DCU_Count]]+misc[[#This Row],[Core_IFU_Count]]+misc[[#This Row],[Core_ROB_Count]]+misc[[#This Row],[Core_L2_Count - SPARE]]+misc[[#This Row],[Core_ML2_Count]] -> 0 | AF50: =_xlfn.TEXTJOIN(", ",,IF(misc[[#This Row],[Core_IFU_Count]]>0,"IFU",""),IF(misc[[#This Row],[Core_DCU_Count]]>0,"DCU",""),IF(misc[[#This Row],[Core_DTLB_Count]]>0,"DTLB",""),IF(misc[[#This Row],[Core_ROB_Count]]>0,"ROB",""),IF(misc[[#This Row],[Core_ML2_Count]]>0,"ML2",""),IF(misc[[#This Row],[Core_L2_Count - SPARE]]>0,"L2","")) | AG50: =_xlfn.TEXTJOIN("",,"*SOCKET0**CBB",misc[[#This Row],[CBB]],"**BASE**I_CCF**ENV",misc[[#This Row],[ENV]],splitchar,"CBREGS_ALL",misc[[#This Row],[CBO]],splitchar,"SPARE") -> *SOCKET0**CBB1**BASE**I_CCF**ENV3__CBREGS_ALL33__SPARE | AH50: =COUNTIFS(cha_mc[TestName],misc[[#This Row],[LLC_MCA_String - Not Used]],cha_mc[VisualId],MC_Check!$H$2) -> 0
F51: 1 | G51: 16 | H51: =IF(MC_Check!$AN$2="PHY",misc[[#This Row],[location]],misc[[#This Row],[Module_log]]) -> 16 | I51: =misc[[#This Row],[Module]] -> 16 | J51: =J43+1 -> 2 | K51: =K47+1 -> 4 | L51: 0 | M51: =_xlfn.TEXTJOIN("",,misc[[#This Row],[ROW]],misc[[#This Row],[ROW]]) -> 44 | N51: =misc[[#This Row],[Core_Hitter_Count]]>0 -> FALSE | O51: =misc[[#This Row],[LLC_Hitter_Count]]>0 -> FALSE | P51: =misc[[#This Row],[CHA_Hitter_Count]]>0 -> FALSE | Q51: =_xlfn.TEXTJOIN("",,"*SOCKET0**CBB",misc[[#This Row],[CBB]],"**BASE**I_CCF_ENV",misc[[#This Row],[ENV]],splitchar,"CBREGS_ALL",misc[[#This Row],[CBO]],splitchar,"MC_STATUS*") -> *SOCKET0**CBB1**BASE**I_CCF_ENV0__CBREGS_ALL44__MC_STATUS* | R51: =COUNTIFS(cha_mc[TestName],misc[[#This Row],[CBO_MCA_String]],cha_mc[VisualId],MC_Check!$H$2) -> 0 | S51: =_xlfn.TEXTJOIN("",,"*SOCKET0**CBB",misc[[#This Row],[CBB]],"**COMPUTE",misc[[#This Row],[Compute]],"**MODULE",misc[[#This Row],[Module]],splitchar,"**CORE**IFU*CR*MC0*STATUS**") -> *SOCKET0**CBB1**COMPUTE2**MODULE16__**CORE**IFU*CR*MC0*STATUS** | T51: =COUNTIFS(core_mc[TestName],misc[[#This Row],[IFU_MCA_String]],core_mc[VisualId],MC_Check!$H$2) -> 0 | U51: =_xlfn.TEXTJOIN("",,"*SOCKET0**CBB",misc[[#This Row],[CBB]],"**COMPUTE",misc[[#This Row],[Compute]],"**MODULE",misc[[#This Row],[Module]],splitchar,"**CORE**ROB1*CR*MC*STATUS**") -> *SOCKET0**CBB1**COMPUTE2**MODULE16__**CORE**ROB1*CR*MC*STATUS** | V51: =COUNTIFS(core_mc[TestName],misc[[#This Row],[ROB_MCA_String]],core_mc[VisualId],MC_Check!$H$2) -> 0 | W51: =_xlfn.TEXTJOIN("",,"*SOCKET0**CBB",misc[[#This Row],[CBB]],"**COMPUTE",misc[[#This Row],[Compute]],"**MODULE",misc[[#This Row],[Module]],splitchar,"**CORE**DCU*CR*MC1*STATUS**") -> *SOCKET0**CBB1**COMPUTE2**MODULE16__**CORE**DCU*CR*MC1*STATUS** | X51: =COUNTIFS(core_mc[TestName],misc[[#This Row],[DCU_MCA_String]],core_mc[VisualId],MC_Check!$H$2) -> 0 | Y51: =_xlfn.TEXTJOIN("",,"*SOCKET0**CBB",misc[[#This Row],[CBB]],"**COMPUTE",misc[[#This Row],[Compute]],"**MODULE",misc[[#This Row],[Module]],splitchar,"**CORE**DTLB*CR*MC2*STATUS**") -> *SOCKET0**CBB1**COMPUTE2**MODULE16__**CORE**DTLB*CR*MC2*STATUS** | Z51: =COUNTIFS(core_mc[TestName],misc[[#This Row],[CORE_DTLB_String]],core_mc[VisualId],MC_Check!$H$2) -> 0 | AA51: =_xlfn.TEXTJOIN("",,"*SOCKET0**CBB",misc[[#This Row],[CBB]],"**COMPUTE",misc[[#This Row],[Compute]],"**MODULE",misc[[#This Row],[Module]],splitchar,"**ML2*CR*MC3*STATUS**") -> *SOCKET0**CBB1**COMPUTE2**MODULE16__**ML2*CR*MC3*STATUS** | AB51: =COUNTIFS(core_mc[TestName],misc[[#This Row],[Core_ML2_String]],core_mc[VisualId],MC_Check!$H$2) -> 0 | AC51: =_xlfn.TEXTJOIN("",,"*SOCKET0**CBB",misc[[#This Row],[CBB]],"**COMPUTE",misc[[#This Row],[Compute]],"**MODULE",misc[[#This Row],[Module]],splitchar,"SPARE") -> *SOCKET0**CBB1**COMPUTE2**MODULE16__SPARE | AD51: =COUNTIFS(core_mc[TestName],misc[[#This Row],[Core_L2_String - SPARE]],core_mc[VisualId],MC_Check!$H$2) -> 0 | AE51: =misc[[#This Row],[Core_DTLB_Count]]+misc[[#This Row],[Core_DCU_Count]]+misc[[#This Row],[Core_IFU_Count]]+misc[[#This Row],[Core_ROB_Count]]+misc[[#This Row],[Core_L2_Count - SPARE]]+misc[[#This Row],[Core_ML2_Count]] -> 0 | AF51: =_xlfn.TEXTJOIN(", ",,IF(misc[[#This Row],[Core_IFU_Count]]>0,"IFU",""),IF(misc[[#This Row],[Core_DCU_Count]]>0,"DCU",""),IF(misc[[#This Row],[Core_DTLB_Count]]>0,"DTLB",""),IF(misc[[#This Row],[Core_ROB_Count]]>0,"ROB",""),IF(misc[[#This Row],[Core_ML2_Count]]>0,"ML2",""),IF(misc[[#This Row],[Core_L2_Count - SPARE]]>0,"L2","")) | AG51: =_xlfn.TEXTJOIN("",,"*SOCKET0**CBB",misc[[#This Row],[CBB]],"**BASE**I_CCF**ENV",misc[[#This Row],[ENV]],splitchar,"CBREGS_ALL",misc[[#This Row],[CBO]],splitchar,"SPARE") -> *SOCKET0**CBB1**BASE**I_CCF**ENV0__CBREGS_ALL44__SPARE | AH51: =COUNTIFS(cha_mc[TestName],misc[[#This Row],[LLC_MCA_String - Not Used]],cha_mc[VisualId],MC_Check!$H$2) -> 0
F52: 1 | G52: 17 | H52: =IF(MC_Check!$AN$2="PHY",misc[[#This Row],[location]],misc[[#This Row],[Module_log]]) -> 17 | I52: =misc[[#This Row],[Module]] -> 17 | J52: =J44+1 -> 2 | K52: =K48+1 -> 4 | L52: 1 | M52: =_xlfn.TEXTJOIN("",,misc[[#This Row],[ROW]],misc[[#This Row],[ROW]]) -> 44 | N52: =misc[[#This Row],[Core_Hitter_Count]]>0 -> FALSE | O52: =misc[[#This Row],[LLC_Hitter_Count]]>0 -> FALSE | P52: =misc[[#This Row],[CHA_Hitter_Count]]>0 -> FALSE | Q52: =_xlfn.TEXTJOIN("",,"*SOCKET0**CBB",misc[[#This Row],[CBB]],"**BASE**I_CCF_ENV",misc[[#This Row],[ENV]],splitchar,"CBREGS_ALL",misc[[#This Row],[CBO]],splitchar,"MC_STATUS*") -> *SOCKET0**CBB1**BASE**I_CCF_ENV1__CBREGS_ALL44__MC_STATUS* | R52: =COUNTIFS(cha_mc[TestName],misc[[#This Row],[CBO_MCA_String]],cha_mc[VisualId],MC_Check!$H$2) -> 0 | S52: =_xlfn.TEXTJOIN("",,"*SOCKET0**CBB",misc[[#This Row],[CBB]],"**COMPUTE",misc[[#This Row],[Compute]],"**MODULE",misc[[#This Row],[Module]],splitchar,"**CORE**IFU*CR*MC0*STATUS**") -> *SOCKET0**CBB1**COMPUTE2**MODULE17__**CORE**IFU*CR*MC0*STATUS** | T52: =COUNTIFS(core_mc[TestName],misc[[#This Row],[IFU_MCA_String]],core_mc[VisualId],MC_Check!$H$2) -> 0 | U52: =_xlfn.TEXTJOIN("",,"*SOCKET0**CBB",misc[[#This Row],[CBB]],"**COMPUTE",misc[[#This Row],[Compute]],"**MODULE",misc[[#This Row],[Module]],splitchar,"**CORE**ROB1*CR*MC*STATUS**") -> *SOCKET0**CBB1**COMPUTE2**MODULE17__**CORE**ROB1*CR*MC*STATUS** | V52: =COUNTIFS(core_mc[TestName],misc[[#This Row],[ROB_MCA_String]],core_mc[VisualId],MC_Check!$H$2) -> 0 | W52: =_xlfn.TEXTJOIN("",,"*SOCKET0**CBB",misc[[#This Row],[CBB]],"**COMPUTE",misc[[#This Row],[Compute]],"**MODULE",misc[[#This Row],[Module]],splitchar,"**CORE**DCU*CR*MC1*STATUS**") -> *SOCKET0**CBB1**COMPUTE2**MODULE17__**CORE**DCU*CR*MC1*STATUS** | X52: =COUNTIFS(core_mc[TestName],misc[[#This Row],[DCU_MCA_String]],core_mc[VisualId],MC_Check!$H$2) -> 0 | Y52: =_xlfn.TEXTJOIN("",,"*SOCKET0**CBB",misc[[#This Row],[CBB]],"**COMPUTE",misc[[#This Row],[Compute]],"**MODULE",misc[[#This Row],[Module]],splitchar,"**CORE**DTLB*CR*MC2*STATUS**") -> *SOCKET0**CBB1**COMPUTE2**MODULE17__**CORE**DTLB*CR*MC2*STATUS** | Z52: =COUNTIFS(core_mc[TestName],misc[[#This Row],[CORE_DTLB_String]],core_mc[VisualId],MC_Check!$H$2) -> 0 | AA52: =_xlfn.TEXTJOIN("",,"*SOCKET0**CBB",misc[[#This Row],[CBB]],"**COMPUTE",misc[[#This Row],[Compute]],"**MODULE",misc[[#This Row],[Module]],splitchar,"**ML2*CR*MC3*STATUS**") -> *SOCKET0**CBB1**COMPUTE2**MODULE17__**ML2*CR*MC3*STATUS** | AB52: =COUNTIFS(core_mc[TestName],misc[[#This Row],[Core_ML2_String]],core_mc[VisualId],MC_Check!$H$2) -> 0 | AC52: =_xlfn.TEXTJOIN("",,"*SOCKET0**CBB",misc[[#This Row],[CBB]],"**COMPUTE",misc[[#This Row],[Compute]],"**MODULE",misc[[#This Row],[Module]],splitchar,"SPARE") -> *SOCKET0**CBB1**COMPUTE2**MODULE17__SPARE | AD52: =COUNTIFS(core_mc[TestName],misc[[#This Row],[Core_L2_String - SPARE]],core_mc[VisualId],MC_Check!$H$2) -> 0 | AE52: =misc[[#This Row],[Core_DTLB_Count]]+misc[[#This Row],[Core_DCU_Count]]+misc[[#This Row],[Core_IFU_Count]]+misc[[#This Row],[Core_ROB_Count]]+misc[[#This Row],[Core_L2_Count - SPARE]]+misc[[#This Row],[Core_ML2_Count]] -> 0 | AF52: =_xlfn.TEXTJOIN(", ",,IF(misc[[#This Row],[Core_IFU_Count]]>0,"IFU",""),IF(misc[[#This Row],[Core_DCU_Count]]>0,"DCU",""),IF(misc[[#This Row],[Core_DTLB_Count]]>0,"DTLB",""),IF(misc[[#This Row],[Core_ROB_Count]]>0,"ROB",""),IF(misc[[#This Row],[Core_ML2_Count]]>0,"ML2",""),IF(misc[[#This Row],[Core_L2_Count - SPARE]]>0,"L2","")) | AG52: =_xlfn.TEXTJOIN("",,"*SOCKET0**CBB",misc[[#This Row],[CBB]],"**BASE**I_CCF**ENV",misc[[#This Row],[ENV]],splitchar,"CBREGS_ALL",misc[[#This Row],[CBO]],splitchar,"SPARE") -> *SOCKET0**CBB1**BASE**I_CCF**ENV1__CBREGS_ALL44__SPARE | AH52: =COUNTIFS(cha_mc[TestName],misc[[#This Row],[LLC_MCA_String - Not Used]],cha_mc[VisualId],MC_Check!$H$2) -> 0
F53: 1 | G53: 18 | H53: =IF(MC_Check!$AN$2="PHY",misc[[#This Row],[location]],misc[[#This Row],[Module_log]]) -> 18 | I53: =misc[[#This Row],[Module]] -> 18 | J53: =J45+1 -> 2 | K53: =K49+1 -> 4 | L53: 2 | M53: =_xlfn.TEXTJOIN("",,misc[[#This Row],[ROW]],misc[[#This Row],[ROW]]) -> 44 | N53: =misc[[#This Row],[Core_Hitter_Count]]>0 -> FALSE | O53: =misc[[#This Row],[LLC_Hitter_Count]]>0 -> FALSE | P53: =misc[[#This Row],[CHA_Hitter_Count]]>0 -> FALSE | Q53: =_xlfn.TEXTJOIN("",,"*SOCKET0**CBB",misc[[#This Row],[CBB]],"**BASE**I_CCF_ENV",misc[[#This Row],[ENV]],splitchar,"CBREGS_ALL",misc[[#This Row],[CBO]],splitchar,"MC_STATUS*") -> *SOCKET0**CBB1**BASE**I_CCF_ENV2__CBREGS_ALL44__MC_STATUS* | R53: =COUNTIFS(cha_mc[TestName],misc[[#This Row],[CBO_MCA_String]],cha_mc[VisualId],MC_Check!$H$2) -> 0 | S53: =_xlfn.TEXTJOIN("",,"*SOCKET0**CBB",misc[[#This Row],[CBB]],"**COMPUTE",misc[[#This Row],[Compute]],"**MODULE",misc[[#This Row],[Module]],splitchar,"**CORE**IFU*CR*MC0*STATUS**") -> *SOCKET0**CBB1**COMPUTE2**MODULE18__**CORE**IFU*CR*MC0*STATUS** | T53: =COUNTIFS(core_mc[TestName],misc[[#This Row],[IFU_MCA_String]],core_mc[VisualId],MC_Check!$H$2) -> 0 | U53: =_xlfn.TEXTJOIN("",,"*SOCKET0**CBB",misc[[#This Row],[CBB]],"**COMPUTE",misc[[#This Row],[Compute]],"**MODULE",misc[[#This Row],[Module]],splitchar,"**CORE**ROB1*CR*MC*STATUS**") -> *SOCKET0**CBB1**COMPUTE2**MODULE18__**CORE**ROB1*CR*MC*STATUS** | V53: =COUNTIFS(core_mc[TestName],misc[[#This Row],[ROB_MCA_String]],core_mc[VisualId],MC_Check!$H$2) -> 0 | W53: =_xlfn.TEXTJOIN("",,"*SOCKET0**CBB",misc[[#This Row],[CBB]],"**COMPUTE",misc[[#This Row],[Compute]],"**MODULE",misc[[#This Row],[Module]],splitchar,"**CORE**DCU*CR*MC1*STATUS**") -> *SOCKET0**CBB1**COMPUTE2**MODULE18__**CORE**DCU*CR*MC1*STATUS** | X53: =COUNTIFS(core_mc[TestName],misc[[#This Row],[DCU_MCA_String]],core_mc[VisualId],MC_Check!$H$2) -> 0 | Y53: =_xlfn.TEXTJOIN("",,"*SOCKET0**CBB",misc[[#This Row],[CBB]],"**COMPUTE",misc[[#This Row],[Compute]],"**MODULE",misc[[#This Row],[Module]],splitchar,"**CORE**DTLB*CR*MC2*STATUS**") -> *SOCKET0**CBB1**COMPUTE2**MODULE18__**CORE**DTLB*CR*MC2*STATUS** | Z53: =COUNTIFS(core_mc[TestName],misc[[#This Row],[CORE_DTLB_String]],core_mc[VisualId],MC_Check!$H$2) -> 0 | AA53: =_xlfn.TEXTJOIN("",,"*SOCKET0**CBB",misc[[#This Row],[CBB]],"**COMPUTE",misc[[#This Row],[Compute]],"**MODULE",misc[[#This Row],[Module]],splitchar,"**ML2*CR*MC3*STATUS**") -> *SOCKET0**CBB1**COMPUTE2**MODULE18__**ML2*CR*MC3*STATUS** | AB53: =COUNTIFS(core_mc[TestName],misc[[#This Row],[Core_ML2_String]],core_mc[VisualId],MC_Check!$H$2) -> 0 | AC53: =_xlfn.TEXTJOIN("",,"*SOCKET0**CBB",misc[[#This Row],[CBB]],"**COMPUTE",misc[[#This Row],[Compute]],"**MODULE",misc[[#This Row],[Module]],splitchar,"SPARE") -> *SOCKET0**CBB1**COMPUTE2**MODULE18__SPARE | AD53: =COUNTIFS(core_mc[TestName],misc[[#This Row],[Core_L2_String - SPARE]],core_mc[VisualId],MC_Check!$H$2) -> 0 | AE53: =misc[[#This Row],[Core_DTLB_Count]]+misc[[#This Row],[Core_DCU_Count]]+misc[[#This Row],[Core_IFU_Count]]+misc[[#This Row],[Core_ROB_Count]]+misc[[#This Row],[Core_L2_Count - SPARE]]+misc[[#This Row],[Core_ML2_Count]] -> 0 | AF53: =_xlfn.TEXTJOIN(", ",,IF(misc[[#This Row],[Core_IFU_Count]]>0,"IFU",""),IF(misc[[#This Row],[Core_DCU_Count]]>0,"DCU",""),IF(misc[[#This Row],[Core_DTLB_Count]]>0,"DTLB",""),IF(misc[[#This Row],[Core_ROB_Count]]>0,"ROB",""),IF(misc[[#This Row],[Core_ML2_Count]]>0,"ML2",""),IF(misc[[#This Row],[Core_L2_Count - SPARE]]>0,"L2","")) | AG53: =_xlfn.TEXTJOIN("",,"*SOCKET0**CBB",misc[[#This Row],[CBB]],"**BASE**I_CCF**ENV",misc[[#This Row],[ENV]],splitchar,"CBREGS_ALL",misc[[#This Row],[CBO]],splitchar,"SPARE") -> *SOCKET0**CBB1**BASE**I_CCF**ENV2__CBREGS_ALL44__SPARE | AH53: =COUNTIFS(cha_mc[TestName],misc[[#This Row],[LLC_MCA_String - Not Used]],cha_mc[VisualId],MC_Check!$H$2) -> 0
